<?xml version="1.0" encoding="UTF-8"?>
<window>
    <defaultcontrol always="true">503</defaultcontrol>
    <onload condition="Skin.hassetting(stopVideoOnMenu) + !Player.HasAudio">PlayerControl(stop)</onload>
    <onload>Skin.SetString(recentitems,video)</onload>
	
    <include>fadeInOut</include>
	<views>503,50,51,52,53,54,55,56,57,59,500,501,502,504,505,506,507,508,509,591,602,603,609</views>
    <controls>
        
			<control type="image">
						<visible>!Control.IsVisible(50) + !Control.IsVisible(609) + !Control.IsVisible(609)</visible>
			    		<include>ViewAnimation</include>
	            		<include>dimensionsFullscreen</include>
	            		<texture fallback="backgroundimage.jpg">$INFO[listitem.thumb]</texture>
	            		<colordiffuse>FF555555</colordiffuse>
	            		<aspectratio>scale</aspectratio>
						<fadetime>250</fadetime>
	        </control>
			<control type="image">
						<visible>Control.IsVisible(50) |  Control.IsVisible(609) | Control.IsVisible(609)</visible>
			    		<include>ViewAnimation</include>
	            		<include>dimensionsFullscreen</include>
	            		<texture>backgroundimage.jpg</texture>
	            		<colordiffuse>FF555555</colordiffuse>
	            		<aspectratio>scale</aspectratio>
						<fadetime>250</fadetime>
	        </control>

        <!--page container group-->
        <control type="group">
            
            <!--Backbutton touchscreen-->
            <include>Backbuttoncross</include>
            
            <!--Main content listing-->
            <control type="group" id="9999">
                <!--Battery Level-->
                <include>Battery</include>
                <include>contentOpen</include>
                <!--source content-->
                <control type="group" id="9500">
                    <include>View_50_List</include>
                    <!--
                    <include>View_51_InfoWall</include>
                    <include>View_52_Landscape</include>
                    
                    -->
                    <include>View_53_ShowCase</include>
                    <include>View_54_ShowCase</include>
                    <!--
                    <include>View_55_TriPanel</include>
                    <include>View_56_Posters</include>
                    <include>View_57_Shift</include>
                    <include>View_58_BannerWall</include>
                    <include>View_59_Logo</include>
                    <include>View_500_Icons</include>
                    <include>View_501_LowList</include>
                    <include>View_502_Episode</include>
                    -->
                    <include>View_503_Wall</include>
                    <include>View_505_Panel</include>
                    <!--
                    <include>View_504_Gallery</include>
                    <include>View_505_Panel</include>
                    <include>View_506_RightList</include>
                    <include>View_507_BigList</include>
                    <include>View_508_SongList</include>
                    <include>View_509_MyFlix</include>
                    <include>View_591_BigFan</include>
                    <include>View_602_FanartList</include>
                    <include>View_603_Music_JukeBox</include>
                    -->
                    <include>View_609_Fullscreen_Wall</include>
			
                </control>
                <control type="group">
					<visible>!Control.IsVisible(50) + !window.isactive(1130) + !controlgroup(500).hasfocus</visible>
					<include>ViewAnimation</include>
					
					<!-- SETS -->
					<control type="group">
						<animation effect="fade" time="140" delay="100">Visible</animation>
						<animation effect="fade" time="140" delay="600">WindowOpen</animation>
						<left>450</left>
						<top>960</top>
						<control type="group">
							
							<animation effect="slide" end="0,-12">Conditional</animation>
							<animation effect="slide" end="0,22">Conditional</animation>
							<control type="image">
                    			<posx>-450</posx>
                    			<posy>-3</posy>
                    			<width>fullscreenwidth</width>
                    			<height>136</height>
                    			<texture>colors/listselect_fo.png</texture>
                    			<colordiffuse>$VAR[highlight]</colordiffuse>
                    			<aspectratio>stretch</aspectratio>
                			</control>
							<control type="image">
                    			<posx>-450</posx>
                    			<posy>-3</posy>
                    			<width>fullscreenwidth</width>
                    			<height>136</height>
                    			<texture>colors/listselect_fo.png</texture>
                    			<colordiffuse>$VAR[highlight]</colordiffuse>
                    			<aspectratio>stretch</aspectratio>
                			</control>
							<control type="label">
								<width>1020</width>
								<height>46</height>
								<align>center</align>
								<font>sectionTitle</font>
								<scroll>true</scroll>
								<textcolor>$VAR[Home]</textcolor>
								<label>[B]$INFO[ListItem.label][/B]</label>
							</control>
							<control type="label">
								<visible>!String.IsEmpty(ListItem.Duration)</visible>
								<width>1020</width>
								<height>46</height>
								<posy>45</posy>
								<align>center</align>
								<font>menuTitle2</font>
								<scroll>true</scroll>
								<textcolor>$VAR[Home]</textcolor>
								<label>$LOCALIZE[180]: $INFO[ListItem.Duration]       $LOCALIZE[31160]: $INFO[ListItem.EndTimeResume]</label>
							</control>
							<control type="label">
								<width>1020</width>
								<height>46</height>
								<posy>80</posy>
								<align>center</align>
								<font>menuTitle2</font>
								<scroll>true</scroll>
								<textcolor>$VAR[Home]</textcolor>
								<label>$INFO[ListItem.Genre]</label>
							</control>							
							
						</control>
					</control>
				</control>
                <control type="button" id="3000">
                <posx>0</posx>
                <posy>500</posy>
                <textwidth>30</textwidth>
                <font>symbolLarge</font>
                <align>center</align>
                <aligny>center</aligny>
                <width>30</width>
                <label></label>
                <label2></label2>
                <textcolor>$VAR[selected]</textcolor>
                <focusedcolor>green</focusedcolor>
                <texturefocus colordiffuse="$VAR[highlight]">colors/listselect_fo.png</texturefocus>
                <texturenofocus colordiffuse="$VAR[highlight]">colors/listselect_fo.png</texturenofocus>
                <textoffsetx>2</textoffsetx>
				<onclick>setfocus(9000)</onclick>
                <visible>skin.hassetting(Touch) + !controlgroup(500).hasfocus + !controlgroup(9000).hasfocus + !window.isactive(1130) + !window.isactive(MyMusicNav)</visible>
            </control>
           
			<control type="button" id="3002">
			<animation effect="fade" start="0" end="100" time="2145" condition="skin.hassetting(Touch) + [controlgroup(500).hasfocus | controlgroup(9000).hasfocus]" reversible="true">Conditional</animation>
                <posx>384</posx>
                <posy>500</posy>
                <textwidth>30</textwidth>
                <font>symbolLarge</font>
                <align>center</align>
                <aligny>center</aligny>
                <width>30</width>
                <label></label>
                <label2></label2>
                <textcolor>$VAR[selected]</textcolor>
                <focusedcolor>$VAR[selected]</focusedcolor>
                <texturefocus colordiffuse="$VAR[highlight]">Colors/white.png</texturefocus>
                <texturenofocus colordiffuse="$VAR[highlight]">Colors/white.png</texturenofocus>
                <textoffsetx>2</textoffsetx>
				<onclick>Dialog.Close(1132)</onclick>
				<visible>skin.hassetting(Touch) + [controlgroup(500).hasfocus | controlgroup(9000).hasfocus]</visible>
        </control>
			
			
                <include content="keyboard select">
                    <param name="posx">87%</param>
                    <param name="focus">9999</param>
                    <param name="up">up</param>
                    <param name="down">down</param>
                    <param name="left">left</param>
                    <param name="right">right</param>
                    <param name="select">select</param>
                    <param name="back">back</param>
					<param name="visible">skin.hassetting(Touch) + !controlgroup(500).hasfocus + !controlgroup(9001).hasfocus + !window.isactive(1130) + !window.isactive(1132) + !window.isactive(MyMusicNav)</param>
                    <param name="upview">true</param>
					<param name="downview">true</param>
					<param name="leftview">true</param>
					<param name="rightview">true</param>
					<param name="selectview">true</param>
                </include>
				<include content="keyboard select">
                    <param name="posx">87%</param>
                    <param name="focus">9000</param>
                    <param name="up">up</param>
                    <param name="down">down</param>
                    <param name="left">left</param>
                    <param name="right">right</param>
                    <param name="select">select</param>
                    <param name="back">back</param>
					<param name="visible">skin.hassetting(Touch) + [controlgroup(500).hasfocus | controlgroup(9001).hasfocus | window.isactive(1130)] + !window.isactive(1132) + !window.isactive(MyMusicNav)</param>
                    <param name="upview">true</param>
					<param name="downview">true</param>
					<param name="leftview">true</param>
					<param name="rightview">true</param>
					<param name="selectview">true</param>
                </include>
				<include content="keyboard select">
                    <param name="posx">87%</param>
                    <param name="focus">9012</param>
                    <param name="up">up</param>
                    <param name="down">down</param>
                    <param name="left">left</param>
                    <param name="right">right</param>
                    <param name="select">select</param>
                    <param name="back">back</param>
					<param name="visible">skin.hassetting(Touch) + window.isactive(1132)</param>
                    <param name="upview">true</param>
					<param name="downview">true</param>
					<param name="leftview">true</param>
					<param name="rightview">true</param>
					<param name="selectview">true</param>
                </include>
				
            </control>
            <!--page scrollbar-->
            <control type="group" id="8000">
				<control type="group">
                	<visible>Control.IsVisible(60)</visible>
	                <animation effect="fade" start="100" end="0" time="100" condition="!controlgroup(8000).hasfocus">conditional</animation>
	                <control type="scrollbar" id="60">
	                    <posx>54r</posx>
	                    <posy>row-8-begin</posy>
	                    <height>17-row</height>
	                    <onleft>9999</onleft>
	                    <onback>9999</onback>
                        <onright>7000</onright>
                        <onup>7000</onup>
                        
	                </control>
				</control>
				<control type="group">
	                <visible>Control.IsVisible(61)</visible>
	                <animation effect="fade" start="100" end="0" time="100" condition="!controlgroup(8000).hasfocus">conditional</animation>
	                <control type="scrollbar" id="61">
	                    <posx>54r</posx>
	                    <posy>row-8-begin</posy>
	                    <height>17-row</height>
	                    <onleft>9999</onleft>
	                    <onback>9999</onback>
                        <onright>7000</onright>
                        <onup>7000</onup>
	                </control>
	            </control>
            </control>        
            <!--page header-->
            
			
        </control>
		
		<include>MediaMenuTop</include>
		<include>pageHeadervideonav</include>
		<include>pageHeader</include>
        <!--mini window-->
        <include>miniVideoPlayer</include>
        <!--hub menu-->
        <include>hubMenu</include>
        <!--loading indicator-->
        <include>loadingIndicator</include>
        
        <!--debugging-->
        <include>DebugGrid</include>
        <control type="label">
            <include>WindowID</include>
            <label>MyVideoNav.xml path: $INFO[container.folderpath] folder: $INFO[container.foldername] content: $INFO[container.content]</label>
        </control>
		
    </controls>
	
</window>