<?xml version="1.0" encoding="UTF-8"?>
<window>
    <defaultcontrol always="true">9999</defaultcontrol>
    <include>fadeInOut</include>
	<views>50,503,609</views>
    <controls>
        <include>globalBackground</include>
        <!--page container group-->
        <!--Battery Level-->
        <include>Battery</include>
        <!--Backbutton touchscreen-->
        <include>Backbutton</include>
        <control type="group">
            <!--shift page for certain modal dialogs-->
            <include>modalDialogContentShift</include>
            <!--Main content listing-->
            <control type="group" id="9999">
                <include>contentOpen</include>
                <onleft>9000</onleft>
                <include>View_50_List</include>
                <include>View_503_Wall</include>
                <include>View_609_Fullscreen_Wall</include>
            </control>
            <!--page scrollbar-->
            <control type="group" id="8000">
                <visible>Control.IsVisible(60)</visible>
                <animation effect="fade" start="100" end="0" time="100" condition="!controlgroup(8000).hasfocus">conditional</animation>
                <control type="scrollbar" id="60">
                    <posx>54r</posx>
                    <posy>row-6-begin</posy>
                    <height>20-row</height>
                    <onleft>9999</onleft>
                    <onback>9999</onback>
                </control>
            </control>
			<!--page header-->
            <control type="group">
                <include>videolabel</include>
				<include>pageHeader</include>  
                <include>pageHeadervideonav</include>
                
            </control>
        </control>
        <!--hub menu-->
        <include>hubMenu</include>
        <!--mini window-->
        <include>miniVideoPlayer</include>
        <!--debug-->
        <include>DebugGrid</include>
        <control type="label">
            <include>WindowID</include>
            <label>MyGames.xml path: $INFO[container.folderpath] folder: $INFO[container.foldername] content: $INFO[container.content]</label>
        </control>
    </controls>
</window>
