<?xml version="1.0" encoding="UTF-8"?>
<includes>
	<!-- Video Wall -->
	<include name="VideoIcons">
		<control type="group">
			<visible>Control.IsVisible(500) + !Window.IsActive(addoninformation)</visible>
			<include>ViewAnimation</include>
			<animation effect="slide" end="34.5" condition="Skin.HasSetting(500.SmallerIcons)">Conditional</animation>
			<include content="BackPanel">
				<param name="left">119</param>
				<param name="top">178</param>
				<param name="width">1693</param>
				<param name="height">722</param>
				<param name="visible">!Skin.HasSetting(500.SmallerIcons)</param>
			</include>
			<include content="BackPanel">
				<param name="left">119</param>
				<param name="top">178</param>
				<param name="width">1613</param>
				<param name="height">722</param>
				<param name="visible">Skin.HasSetting(500.SmallerIcons)</param>
			</include>
			<top>-19</top>
			<control type="panel" id="500">
				<left>120</left>
				<top>179</top>
				<width>1680</width>
				<height>720</height>
				<onleft>SetProperty(MediaMenu,True,Home)</onleft>
				<onleft>SetFocus(9000)</onleft>
				<onright>50060</onright>
				<onup>500</onup>
				<ondown>500</ondown>
				<pagecontrol>50060</pagecontrol>
				<preloaditems>2</preloaditems>
				<scrolltime tween="quadratic" easing="out">300</scrolltime>
				<visible>True</visible>
				<itemlayout height="360" width="240" condition="[Container.Content(movies) | Container.Content(tvshows) | Container.Content(seasons) | Container.Content(sets)] + !Skin.HasSetting(500.SmallerIcons)">
					<control type="image">
						<width>240</width>
						<height>360</height>
						<texture colordiffuse="BAFFFFFF" background="true">$VAR[PosterThumb]</texture>
						<bordertexture border="2">thumbs/panel_border3.png</bordertexture>
						<bordersize>2</bordersize>
					</control>
					<control type="image">
						<left>196</left>
						<top>-6</top>
						<width>50</width>
						<height>50</height>
						<texture>$VAR[OverlayVar]</texture>
						<aspectratio align="center" aligny="top">keep</aspectratio>
						<bordersize>8</bordersize>
						<visible>[!String.IsEmpty(Skin.String(500.Movies.DisableOverlay)) + Container.Content(movies)] | [!String.IsEmpty(Skin.String(500.TV.DisableOverlay)) + Container.Content(tvshows)] | [!String.IsEmpty(Skin.String(500.Seasons.DisableOverlay)) + Container.Content(seasons)] | [!String.IsEmpty(Skin.String(500.Sets.DisableOverlay)) + Container.Content(sets)]</visible>
					</control>
					<control type="group">
						<left>15</left>
						<top>15</top>
						<include condition="Skin.HasSetting(Disable.UnwatchedIcon)">UnwatchedIcon</include>
					</control>
				</itemlayout>
				<focusedlayout height="360" width="240" condition="[Container.Content(movies) | Container.Content(tvshows) | Container.Content(seasons) | Container.Content(sets)] + !Skin.HasSetting(500.SmallerIcons)">
					<control type="group">
						<animation type="Focus" reversible="false">
							<effect type="zoom" start="95" end="100" time="300" tween="sine" easing="inout" center="auto" />
							<effect type="fade" start="80" end="100" time="300" tween="sine" easing="in" />
						</animation>
						<control type="image">
							<width>240</width>
							<height>360</height>
							<texture background="true">$VAR[PosterThumb]</texture>
							<bordertexture colordiffuse="$VAR[ThemeLabelColor]" border="8">thumbs/thumbnail_focused.png</bordertexture>
							<bordersize>8</bordersize>
						</control>
						<control type="image">
							<left>190</left>
							<width>50</width>
							<height>50</height>
							<texture>$VAR[OverlayVar]</texture>
							<aspectratio align="center" aligny="top">keep</aspectratio>
							<bordersize>8</bordersize>
							<visible>[!String.IsEmpty(Skin.String(500.Movies.DisableOverlay)) + Container.Content(movies)] | [!String.IsEmpty(Skin.String(500.TV.DisableOverlay)) + Container.Content(tvshows)] | [!String.IsEmpty(Skin.String(500.Seasons.DisableOverlay)) + Container.Content(seasons)] | [!String.IsEmpty(Skin.String(500.Sets.DisableOverlay)) + Container.Content(sets)]</visible>
						</control>
						<control type="group">
							<left>15</left>
							<top>15</top>
							<include condition="Skin.HasSetting(Disable.UnwatchedIcon)">UnwatchedIcon</include>
						</control>
					</control>
				</focusedlayout>
				<itemlayout height="360" width="240" condition="Container.Content(genres) + !Skin.HasSetting(500.SmallerIcons)">
					<control type="image">
						<width>240</width>
						<height>360</height>
						<aspectratio>scale</aspectratio>
						<texture colordiffuse="BAFFFFFF" background="true" fallback="special://skin/extras/moviegenres/default/Default.jpg">$VAR[GenreIconVar]</texture>
						<bordertexture border="2">thumbs/panel_border3.png</bordertexture>
						<bordersize>2</bordersize>
					</control>
				</itemlayout>
				<focusedlayout height="360" width="240" condition="Container.Content(genres) + !Skin.HasSetting(500.SmallerIcons)">
					<control type="group">
						<animation type="Focus" reversible="false">
							<effect type="zoom" start="95" end="100" time="300" tween="sine" easing="inout" center="auto" />
							<effect type="fade" start="80" end="100" time="300" tween="sine" easing="in" />
						</animation>
						<control type="image">
							<width>240</width>
							<height>360</height>
							<aspectratio>scale</aspectratio>
							<texture colordiffuse="BAFFFFFF" background="true" fallback="special://skin/extras/moviegenres/default/Default.jpg">$VAR[GenreIconVar]</texture>
							<bordertexture colordiffuse="$VAR[ThemeLabelColor]" border="8">thumbs/thumbnail_focused.png</bordertexture>
							<bordersize>8</bordersize>
						</control>
					</control>
				</focusedlayout>
				<itemlayout height="240" width="240" condition="Container.Content(addons)">
					<control type="image">
						<width>240</width>
						<height>240</height>
						<aspectratio>scale</aspectratio>
						<texture colordiffuse="BAFFFFFF" background="true">$INFO[ListItem.Icon]</texture>
						<bordertexture border="2">thumbs/panel_border3.png</bordertexture>
						<bordersize>2</bordersize>
					</control>
				</itemlayout>
				<focusedlayout height="240" width="240" condition="Container.Content(addons)">
					<control type="image">
						<width>240</width>
						<height>240</height>
						<aspectratio>scale</aspectratio>
						<texture background="true">$INFO[ListItem.Icon]</texture>
						<bordertexture colordiffuse="$VAR[ThemeLabelColor]" border="8">thumbs/thumbnail_focused.png</bordertexture>
						<bordersize>8</bordersize>
						<animation type="Focus" reversible="false">
							<effect type="zoom" start="95" end="100" time="300" tween="sine" easing="inout" center="auto" />
							<effect type="fade" start="80" end="100" time="300" tween="sine" easing="in" />
						</animation>
					</control>
				</focusedlayout>
				<itemlayout height="360" width="420" condition="![Container.Content(addons) | Container.Content(genres) | Container.Content(movies) | Container.Content(tvshows) | Container.Content(seasons) | Container.Content(sets)]">
					<control type="image">
						<width>420</width>
						<height>360</height>
						<aspectratio>scale</aspectratio>
						<texture colordiffuse="BAFFFFFF" background="true">$VAR[PosterThumb]</texture>
						<bordertexture border="2">thumbs/panel_border3.png</bordertexture>
						<bordersize>2</bordersize>
						<visible>!Container.Content(episodes)</visible>
					</control>
					<control type="image">
						<width>420</width>
						<height>360</height>
						<aspectratio>stretch</aspectratio>
						<texture colordiffuse="BAFFFFFF" background="true">$VAR[NoSpoilerIconVar]</texture>
						<bordertexture border="2">thumbs/panel_border3.png</bordertexture>
						<bordersize>2</bordersize>
						<visible>Container.Content(episodes)</visible>
					</control>
					<control type="image">
						<left>320</left>
						<width>100</width>
						<height>100</height>
						<texture>$VAR[OverlayVar]</texture>
						<aspectratio align="center" aligny="top">keep</aspectratio>
						<bordersize>1</bordersize>
					</control>
					<control type="image">
						<top>310</top>
						<width>420</width>
						<height>50</height>
						<texture>colors/black.png</texture>
						<bordersize>2</bordersize>
						<colordiffuse>88ffffff</colordiffuse>
					</control>
					<control type="label">
						<top>310</top>
						<width>420</width>
						<height>40</height>
						<align>center</align>
						<textoffsetx>10</textoffsetx>
						<textcolor>grey2</textcolor>
						<label>$INFO[ListItem.Label]</label>
					</control>
				</itemlayout>
				<focusedlayout height="360" width="420" condition="![Container.Content(addons) | Container.Content(genres) | Container.Content(movies) | Container.Content(tvshows) | Container.Content(seasons) | Container.Content(sets)]">
					<control type="group">
						<animation type="Focus" reversible="false">
							<effect type="zoom" start="95" end="100" time="300" tween="sine" easing="inout" center="auto" />
							<effect type="fade" start="80" end="100" time="300" tween="sine" easing="in" />
						</animation>
						<control type="image">
							<width>420</width>
							<height>360</height>
							<aspectratio>scale</aspectratio>
							<texture background="true">$VAR[PosterThumb]</texture>
							<bordertexture colordiffuse="$VAR[ThemeLabelColor]" border="8">thumbs/thumbnail_focused.png</bordertexture>
							<bordersize>8</bordersize>
							<visible>!Container.Content(episodes)</visible>
						</control>
						<control type="image">
							<width>420</width>
							<height>360</height>
							<aspectratio>stretch</aspectratio>
							<texture colordiffuse="BAFFFFFF" background="true">$VAR[NoSpoilerIconVar]</texture>
							<bordertexture colordiffuse="$VAR[ThemeLabelColor]" border="8">thumbs/thumbnail_focused.png</bordertexture>
							<bordersize>8</bordersize>
							<visible>Container.Content(episodes)</visible>
						</control>
						<control type="image">
							<left>320</left>
							<width>100</width>
							<height>100</height>
							<texture>$VAR[OverlayVar]</texture>
							<aspectratio align="center" aligny="top">keep</aspectratio>
							<bordersize>8</bordersize>
						</control>
						<control type="image">
							<left>6</left>
							<top>310</top>
							<width>408</width>
							<height>44</height>
							<texture>colors/black.png</texture>
							<bordersize>2</bordersize>
							<colordiffuse>88ffffff</colordiffuse>
						</control>
						<control type="label">
							<top>310</top>
							<width>420</width>
							<height>40</height>
							<align>center</align>
							<textoffsetx>10</textoffsetx>
							<label>$INFO[ListItem.Label]</label>
						</control>
					</control>
				</focusedlayout>
				<itemlayout height="240" width="160" condition="[Container.Content(movies) | Container.Content(tvshows) | Container.Content(seasons) | Container.Content(sets)] + Skin.HasSetting(500.SmallerIcons)">
					<control type="image">
						<width>160</width>
						<height>240</height>
						<texture colordiffuse="BAFFFFFF" background="true">$VAR[PosterThumb]</texture>
						<bordertexture border="2">thumbs/panel_border3.png</bordertexture>
						<bordersize>2</bordersize>
					</control>
					<control type="image">
						<left>129</left>
						<top>1</top>
						<width>30</width>
						<height>30</height>
						<texture>$VAR[OverlayVar]</texture>
						<aspectratio align="center" aligny="top">keep</aspectratio>
						<bordersize>1</bordersize>
						<visible>[!String.IsEmpty(Skin.String(500.Movies.DisableOverlay)) + Container.Content(movies)] | [!String.IsEmpty(Skin.String(500.TV.DisableOverlay)) + Container.Content(tvshows)] | [!String.IsEmpty(Skin.String(500.Seasons.DisableOverlay)) + Container.Content(seasons)] | [!String.IsEmpty(Skin.String(500.Sets.DisableOverlay)) + Container.Content(sets)]</visible>
					</control>
					<control type="group">
						<left>15</left>
						<top>15</top>
						<include condition="Skin.HasSetting(Disable.UnwatchedIcon)">UnwatchedIcon</include>
					</control>
				</itemlayout>
				<focusedlayout height="240" width="160" condition="[Container.Content(movies) | Container.Content(tvshows) | Container.Content(seasons) | Container.Content(sets)] + Skin.HasSetting(500.SmallerIcons)">
					<control type="group">
						<animation type="Focus" reversible="false">
							<effect type="zoom" start="95" end="100" time="300" tween="sine" easing="inout" center="auto" />
							<effect type="fade" start="80" end="100" time="300" tween="sine" easing="in" />
						</animation>
						<control type="image">
							<width>160</width>
							<height>240</height>
							<texture background="true">$VAR[PosterThumb]</texture>
							<bordertexture colordiffuse="$VAR[ThemeLabelColor]" border="4">thumbs/thumbnail_focused.png</bordertexture>
							<bordersize>4</bordersize>
						</control>
						<control type="image">
							<left>127</left>
							<top>3</top>
							<width>30</width>
							<height>30</height>
							<texture>$VAR[OverlayVar]</texture>
							<aspectratio align="center" aligny="top">keep</aspectratio>
							<bordersize>1</bordersize>
							<visible>[!String.IsEmpty(Skin.String(500.Movies.DisableOverlay)) + Container.Content(movies)] | [!String.IsEmpty(Skin.String(500.TV.DisableOverlay)) + Container.Content(tvshows)] | [!String.IsEmpty(Skin.String(500.Seasons.DisableOverlay)) + Container.Content(seasons)] | [!String.IsEmpty(Skin.String(500.Sets.DisableOverlay)) + Container.Content(sets)]</visible>
						</control>
						<control type="group">
							<left>15</left>
							<top>15</top>
							<include condition="Skin.HasSetting(Disable.UnwatchedIcon)">UnwatchedIcon</include>
						</control>
					</control>
				</focusedlayout>
				<itemlayout height="240" width="160" condition="Container.Content(genres) + Skin.HasSetting(500.SmallerIcons)">
					<control type="image">
						<width>160</width>
						<height>240</height>
						<aspectratio>scale</aspectratio>
						<texture colordiffuse="BAFFFFFF" background="true" fallback="special://skin/extras/moviegenres/default/Default.jpg">$VAR[GenreIconVar]</texture>
						<bordertexture border="2">thumbs/panel_border3.png</bordertexture>
						<bordersize>2</bordersize>
					</control>
				</itemlayout>
				<focusedlayout height="240" width="160" condition="Container.Content(genres) + Skin.HasSetting(500.SmallerIcons)">
					<control type="group">
						<animation type="Focus" reversible="false">
							<effect type="zoom" start="95" end="100" time="300" tween="sine" easing="inout" center="auto" />
							<effect type="fade" start="80" end="100" time="300" tween="sine" easing="in" />
						</animation>
						<control type="image">
							<width>160</width>
							<height>240</height>
							<aspectratio>scale</aspectratio>
							<texture colordiffuse="BAFFFFFF" background="true" fallback="special://skin/extras/moviegenres/default/Default.jpg">$VAR[GenreIconVar]</texture>
							<bordertexture colordiffuse="$VAR[ThemeLabelColor]" border="8">thumbs/thumbnail_focused.png</bordertexture>
							<bordersize>8</bordersize>
						</control>
					</control>
				</focusedlayout>
			</control>
			<control type="scrollbar" id="50060">
				<left>1801</left>
				<top>179</top>
				<width>10</width>
				<height>720</height>
				<onleft>50</onleft>
				<onright condition="!Control.IsVisible(615)">SetProperty(MediaMenu,True,Home)</onright>
				<onright condition="!Control.IsVisible(615)">SetFocus(9000)</onright>
				<onright condition="Control.IsVisible(615)">SetFocus(615)</onright>
				<ondown>50060</ondown>
				<onup>50060</onup>
				<texturesliderbackground>colors/black.png</texturesliderbackground>
				<texturesliderbar>colors/white25.png</texturesliderbar>
				<texturesliderbarfocus colordiffuse="$VAR[ThemeLabelColor]">colors/white.png</texturesliderbarfocus>
				<showonepage>false</showonepage>
				<animation effect="slide" end="-80" condition="Skin.HasSetting(500.SmallerIcons)">Conditional</animation>
			</control>
			<control type="group">
				<include content="InfoPopup">
					<param name="StudioLabelID">500</param>
				</include>
				<visible>Skin.HasSetting(Enable.IconsInfoPopup) + Control.HasFocus(500) + !ListItem.IsParentFolder</visible>
			</control>
		</control>
	</include>
	<!-- Music Wall -->
	<include name="MusicIcons">
		<control type="group">
			<visible>Control.IsVisible(500) + !Window.IsActive(addoninformation)</visible>
			<include>ViewAnimation</include>
			<top>41</top>
			<include content="BackPanel">
				<param name="left">119</param>
				<param name="top">178</param>
				<param name="width">1693</param>
				<param name="height">722</param>
			</include>
			<control type="panel" id="500">
				<left>120</left>
				<top>179</top>
				<width>1680</width>
				<height>720</height>
				<onleft>SetProperty(MediaMenu,True,Home)</onleft>
				<onleft>SetFocus(9000)</onleft>
				<onright>50060</onright>
				<onup>500</onup>
				<ondown>500</ondown>
				<pagecontrol>50060</pagecontrol>
				<scrolltime tween="quadratic" easing="out">300</scrolltime>
				<itemlayout height="240" width="240" condition="!Container.Content(genres)">
					<control type="image">
						<width>240</width>
						<height>240</height>
						<aspectratio>scale</aspectratio>
						<texture colordiffuse="BAFFFFFF" background="true">$INFO[ListItem.Icon]</texture>
						<bordertexture border="2">thumbs/panel_border3.png</bordertexture>
						<bordersize>2</bordersize>
					</control>
					<control type="group">
						<visible>Container.Content(artists)</visible>
						<control type="image">
							<top>190</top>
							<width>240</width>
							<height>50</height>
							<texture>colors/black.png</texture>
							<bordersize>2</bordersize>
							<colordiffuse>88ffffff</colordiffuse>
						</control>
						<control type="label">
							<top>200</top>
							<width>240</width>
							<height>30</height>
							<align>center</align>
							<textoffsetx>4</textoffsetx>
							<textcolor>grey</textcolor>
							<label>$INFO[ListItem.Label]</label>
						</control>
					</control>
				</itemlayout>
				<focusedlayout height="240" width="240" condition="!Container.Content(genres)">
					<control type="group">
						<animation type="Focus" reversible="false">
							<effect type="zoom" start="95" end="100" time="300" tween="sine" easing="inout" center="auto" />
							<effect type="fade" start="80" end="100" time="300" tween="sine" easing="in" />
						</animation>
						<control type="image">
							<width>240</width>
							<height>240</height>
							<aspectratio>scale</aspectratio>
							<texture background="true">$INFO[ListItem.Icon]</texture>
							<bordertexture colordiffuse="$VAR[ThemeLabelColor]" border="8">thumbs/thumbnail_focused.png</bordertexture>
							<bordersize>8</bordersize>
						</control>
					</control>
				</focusedlayout>
				<itemlayout height="240" width="240" condition="Container.Content(genres)">
					<control type="image">
						<width>240</width>
						<height>240</height>
						<aspectratio>scale</aspectratio>
						<texture colordiffuse="BAFFFFFF" background="true" fallback="special://skin/extras/musicgenres/Default.jpg">$VAR[MusicGenreIconsPathVar]$INFO[ListItem.Label,,.jpg]</texture>
						<bordertexture border="2">thumbs/panel_border3.png</bordertexture>
						<bordersize>2</bordersize>
					</control>
				</itemlayout>
				<focusedlayout height="240" width="240" condition="Container.Content(genres)">
					<control type="image">
						<width>240</width>
						<height>240</height>
						<aspectratio>scale</aspectratio>
						<texture background="true" fallback="special://skin/extras/musicgenres/Default.jpg">$VAR[MusicGenreIconsPathVar]$INFO[ListItem.Label,,.jpg]</texture>
						<bordertexture colordiffuse="$VAR[ThemeLabelColor]" border="8">thumbs/thumbnail_focused.png</bordertexture>
						<bordersize>8</bordersize>
						<animation type="Focus" reversible="false">
							<effect type="zoom" start="95" end="100" time="300" tween="sine" easing="inout" center="auto" />
							<effect type="fade" start="80" end="100" time="300" tween="sine" easing="in" />
						</animation>
					</control>
				</focusedlayout>
			</control>
			<control type="scrollbar" id="50060">
				<left>1800</left>
				<top>179</top>
				<width>12</width>
				<height>720</height>
				<onleft>50</onleft>
				<onright condition="!Control.IsVisible(615)">SetProperty(MediaMenu,True,Home)</onright>
				<onright condition="!Control.IsVisible(615)">SetFocus(9000)</onright>
				<onright condition="Control.IsVisible(615)">SetFocus(615)</onright>
				<ondown>50060</ondown>
				<onup>50060</onup>
				<showonepage>false</showonepage>
				<texturesliderbackground colordiffuse="1AFFFFFF">colors/white50.png</texturesliderbackground>
				<texturesliderbar colordiffuse="1AFFFFFF">colors/white.png</texturesliderbar>
				<texturesliderbarfocus colordiffuse="$VAR[ThemeLabelColor]">colors/white.png</texturesliderbarfocus>
			</control>
		</control>
	</include>
	<!-- Addon Wall -->
	<include name="AddonIcons">
		<control type="group">
			<visible>Control.IsVisible(500) + !Window.IsActive(addoninformation)</visible>
			<include>ViewAnimation</include>
			<top>41</top>
			<include content="BackPanel">
				<param name="left">119</param>
				<param name="top">178</param>
				<param name="width">1693</param>
				<param name="height">722</param>
			</include>
			<control type="panel" id="500">
				<left>120</left>
				<top>179</top>
				<width>1680</width>
				<height>720</height>
				<onleft>SetProperty(MediaMenu,True,Home)</onleft>
				<onleft>SetFocus(9000)</onleft>
				<onright>50060</onright>
				<onup>500</onup>
				<ondown>500</ondown>
				<pagecontrol>50060</pagecontrol>
				<scrolltime tween="quadratic" easing="out">300</scrolltime>
				<itemlayout height="240" width="240">
					<control type="image">
						<width>240</width>
						<height>240</height>
						<aspectratio>scale</aspectratio>
						<texture colordiffuse="BAFFFFFF" background="true">$INFO[ListItem.Icon]</texture>
						<bordertexture border="2">thumbs/panel_border3.png</bordertexture>
						<bordersize>2</bordersize>
					</control>
					<control type="image">
						<left>190</left>
						<width>50</width>
						<height>50</height>
						<texture>overlays/addons/enabled.png</texture>
						<aspectratio align="center" aligny="top">keep</aspectratio>
						<visible>ListItem.Property(Addon.IsInstalled)</visible>
						<bordersize>2</bordersize>
					</control>
				</itemlayout>
				<focusedlayout height="240" width="240">
					<control type="group">
						<animation type="Focus" reversible="false">
							<effect type="zoom" start="95" end="100" time="300" tween="sine" easing="inout" center="auto" />
							<effect type="fade" start="80" end="100" time="300" tween="sine" easing="in" />
						</animation>
						<control type="image">
							<width>240</width>
							<height>240</height>
							<aspectratio>scale</aspectratio>
							<texture background="true">$INFO[ListItem.Icon]</texture>
							<bordertexture colordiffuse="$VAR[ThemeLabelColor]" border="8">thumbs/thumbnail_focused.png</bordertexture>
							<bordersize>8</bordersize>
						</control>
						<control type="image">
							<left>190</left>
							<width>50</width>
							<height>50</height>
							<texture>overlays/addons/enabled.png</texture>
							<aspectratio align="center" aligny="top">keep</aspectratio>
							<visible>ListItem.Property(Addon.IsInstalled)</visible>
							<bordersize>8</bordersize>
						</control>
					</control>
				</focusedlayout>
			</control>
			<control type="scrollbar" id="50060">
				<left>1800</left>
				<top>179</top>
				<width>12</width>
				<height>720</height>
				<onleft>50</onleft>
				<onright>SetProperty(MediaMenu,True,Home)</onright>
				<onright>SetFocus(9000)</onright>
				<ondown>50060</ondown>
				<onup>50060</onup>
				<showonepage>false</showonepage>
				<texturesliderbackground colordiffuse="1AFFFFFF">colors/white50.png</texturesliderbackground>
				<texturesliderbar colordiffuse="1AFFFFFF">colors/white.png</texturesliderbar>
				<texturesliderbarfocus colordiffuse="$VAR[ThemeLabelColor]">colors/white.png</texturesliderbarfocus>
			</control>
		</control>
	</include>
	<!-- Picture Wall -->
	<include name="PictureIcons">
		<control type="group">
			<visible>Control.IsVisible(500) + !Window.IsActive(addoninformation)</visible>
			<include>ViewAnimation</include>
			<top>-85</top>
			<include content="BackPanel">
				<param name="left">119</param>
				<param name="top">178</param>
				<param name="width">1694</param>
				<param name="height">902</param>
			</include>
			<control type="panel" id="500">
				<left>120</left>
				<top>179</top>
				<width>1680</width>
				<height>900</height>
				<onleft>SetProperty(MediaMenu,True,Home)</onleft>
				<onleft>SetFocus(9000)</onleft>
				<onright>50060</onright>
				<onup>500</onup>
				<ondown>500</ondown>
				<pagecontrol>50060</pagecontrol>
				<preloaditems>2</preloaditems>
				<visible>!Container.Content(addons)</visible>
				<scrolltime tween="quadratic" easing="out">300</scrolltime>
				<itemlayout height="300" width="560">
					<control type="image">
						<width>560</width>
						<height>300</height>
						<aspectratio>scale</aspectratio>
						<texture colordiffuse="BAFFFFFF" background="true">$INFO[ListItem.Icon]</texture>
						<bordertexture border="2">thumbs/panel_border3.png</bordertexture>
						<bordersize>2</bordersize>
					</control>
					<control type="image">
						<top>250</top>
						<width>560</width>
						<height>50</height>
						<texture>colors/black.png</texture>
						<bordersize>2</bordersize>
						<colordiffuse>88ffffff</colordiffuse>
					</control>
					<control type="label">
						<top>260</top>
						<width>560</width>
						<height>30</height>
						<textoffsetx>15</textoffsetx>
						<textcolor>grey2</textcolor>
						<label>$INFO[ListItem.Label]</label>
					</control>
					<control type="label">
						<top>260</top>
						<width>560</width>
						<height>30</height>
						<align>right</align>
						<textoffsetx>15</textoffsetx>
						<textcolor>grey2</textcolor>
						<label>$INFO[ListItem.Label2]</label>
					</control>
				</itemlayout>
				<focusedlayout height="300" width="560">
					<control type="image">
						<width>560</width>
						<height>300</height>
						<aspectratio>scale</aspectratio>
						<texture background="true">$INFO[ListItem.Icon]</texture>
						<bordertexture colordiffuse="$VAR[ThemeLabelColor]" border="8">thumbs/thumbnail_focused.png</bordertexture>
						<bordersize>8</bordersize>
						<animation type="Focus" reversible="false">
							<effect type="zoom" start="95" end="100" time="300" tween="sine" easing="inout" center="auto" />
							<effect type="fade" start="80" end="100" time="300" tween="sine" easing="in" />
						</animation>
					</control>
					<control type="group">
						<animation type="Focus" reversible="false">
							<effect type="zoom" start="96" end="98" time="300" tween="sine" easing="inout" center="auto" />
							<effect type="fade" start="80" end="100" time="300" tween="sine" easing="in" />
						</animation>
						<control type="image">
							<top>250</top>
							<width>560</width>
							<height>50</height>
							<texture>colors/black.png</texture>
							<bordersize>2</bordersize>
							<colordiffuse>88ffffff</colordiffuse>
						</control>
						<control type="label">
							<top>260</top>
							<width>560</width>
							<height>30</height>
							<textoffsetx>15</textoffsetx>
							<textcolor>grey2</textcolor>
							<label>$INFO[ListItem.Label]</label>
						</control>
						<control type="label">
							<top>260</top>
							<width>560</width>
							<height>30</height>
							<align>right</align>
							<textoffsetx>15</textoffsetx>
							<textcolor>grey2</textcolor>
							<label>$INFO[ListItem.Label2]</label>
						</control>
					</control>
				</focusedlayout>
			</control>
			<control type="scrollbar" id="50060">
				<left>1800</left>
				<top>179</top>
				<width>12</width>
				<height>900</height>
				<onleft>50</onleft>
				<onright>SetProperty(MediaMenu,True,Home)</onright>
				<onright>SetFocus(9000)</onright>
				<ondown>50060</ondown>
				<onup>50060</onup>
				<texturesliderbackground colordiffuse="1AFFFFFF">colors/white50.png</texturesliderbackground>
				<texturesliderbar colordiffuse="1AFFFFFF">colors/white.png</texturesliderbar>
				<texturesliderbarfocus colordiffuse="$VAR[ThemeLabelColor]">colors/white.png</texturesliderbarfocus>
				<showonepage>false</showonepage>
			</control>
		</control>
	</include>
</includes>