<?xml version="1.0" encoding="UTF-8"?>
<includes>
	<include name="liveTVChannels">
		<control type="group">
			<control type="panel" id="50">
				<posx>1%</posx>
				<posy>row-6-begin</posy>
				<width>935</width>
				<height>23-row</height>
				<onleft>9000</onleft>
				<onright>60</onright>
				<include>pvrchannelsonupondown</include>
				<pagecontrol>60</pagecontrol>
				<scrolltime tween="cubic" easing="out">400</scrolltime>
				<itemlayout height="4-row" width="935">
					<control type="image">
						<posx>1-col</posx>
						<posy>0</posy>
						<width>955</width>
						<height>135</height>
						<aspectratio>stretch</aspectratio>
						<texture border="0">colors/white.png</texture>
						<colordiffuse>grey</colordiffuse>
					</control>
					<control type="image">
						<posx>825</posx>
						<posy>15</posy>
						<width>100</width>
						<height>100</height>
						<aspectratio>keep</aspectratio>
						<texture fallback="Kodilogo.png" diffuse="masks/discsurface.png" border="0">$INFO[Listitem.thumb]</texture>
						<colordiffuse>white</colordiffuse>
					</control>
					<control type="label">
						<posx>-50</posx>
						<posy>7</posy>
						<width>160</width>
						<height>2-row</height>
						<aligny>center</aligny>
						<align>center</align> 
						<font>sectionTitle</font>
						<textcolor>textActive</textcolor>
						<selectedcolor>yellow</selectedcolor>
						<shadowcolor></shadowcolor>
						<label>[B]$INFO[ListItem.channelnumberlabel][/B]</label>
					</control>
					<control type="progress">
				        
                        <description>Progress Bar</description>
                        <posx>0</posx>
                        <posy>83</posy>
                        <width>66</width>
                        <height>15</height>
                        <texturebg colordiffuse="77000000">colors/black.png</texturebg>
                        <midtexture colordiffuse="$VAR[highlight]">colors/white.png</midtexture>
                        <info>ListItem.Progress</info>
                    </control>
					<control type="label">
						<posx>1-col-indent</posx>
						<posy>0</posy>
						<width>700</width>
						<height>2-row</height>
						<aligny>center</aligny>
						<font>sectionTitle</font>
						<textcolor>textActive</textcolor>
						<selectedcolor>yellow</selectedcolor>
						<label>$INFO[ListItem.Label]</label>
					</control>
					
					<control type="label">
						<posx>1-col-indent</posx>
						<posy>55</posy>
						<width>700</width>
						<height>2-row</height>
						<aligny>center</aligny>
						<font>sectionTitle</font>
						<textcolor>textActive</textcolor>
						<selectedcolor>yellow</selectedcolor>
						<shadowcolor></shadowcolor>
						<label>$INFO[ListItem.Title]</label>
					</control>
				</itemlayout>
				<focusedlayout height="3-row" width="955">
					<control type="image">
						<posx>1-col</posx>
						<posy>0</posy>
						<width>955</width>
						<height>135</height>
						<aspectratio>stretch</aspectratio>
						<texture border="0">colors/white.png</texture>
						<colordiffuse>$VAR[highlight]</colordiffuse>
					</control>
					<control type="image">
						<posx>825</posx>
						<posy>15</posy>
						<width>100</width>
						<height>100</height>
						<aspectratio>keep</aspectratio>
						<texture fallback="Kodilogo.png" diffuse="masks/discsurface.png" border="0">$INFO[Listitem.thumb]</texture>
						<animation type="focus" loop="false" reversible="false">
							<effect type="fade" time="500"/>
							<effect type="rotatey" end="360" center="876" tween="back" easing="out" time="1000"/>
						</animation>
					</control>
					<control type="label">
						<posx>-50</posx>
						<posy>7</posy>
						<width>160</width>
						<height>2-row</height>
						<aligny>center</aligny>
						<align>center</align> 
						<font>sectionTitle</font>
						<selectedcolor>$VAR[selected]</selectedcolor>
						<label>[B]$INFO[ListItem.channelnumberlabel][/B]</label>
					</control>
					<control type="progress">
				        
                        <description>Progress Bar</description>
                        <posx>0</posx>
                        <posy>83</posy>
                        <width>66</width>
                        <height>15</height>
                        <texturebg colordiffuse="77000000">colors/black.png</texturebg>
                        <midtexture colordiffuse="$VAR[highlight]">colors/white.png</midtexture>
                        <info>ListItem.Progress</info>
                    </control>
		
					<control type="label">
						<posx>1-col-indent</posx>
						<posy>0</posy>
						<width>700</width>
						<height>2-row</height>
						<aligny>center</aligny>
						<font>sectionTitle</font>
						<textcolor>$VAR[Home]</textcolor>
						<selectedcolor>$VAR[selected]</selectedcolor>
						<shadowcolor></shadowcolor>
						<label>$INFO[ListItem.label]</label>
					</control>
					<control type="label">
						<posx>1-col-indent</posx>
						<posy>55</posy>
						<width>700</width>
						<height>2-row</height>
						<aligny>center</aligny>
						<font>sectionTitle</font>
						<textcolor>$VAR[Home]</textcolor>
						<selectedcolor>$VAR[selected]</selectedcolor>
						<shadowcolor></shadowcolor>
						<label>$INFO[ListItem.Title]</label>
					</control>
				</focusedlayout>
				
			</control>
			<control type="group">
				<visible>[System.HasPVRAddon] + [PVR.HasTVChannels]</visible>
				<posx>1000</posx>
				<posy>row-6-begin</posy>
					<control type="image">
						<posx>0</posx>
						<posy>0</posy>
						<width>900</width>
						<height>23-row</height>
						<aspectratio>stretch</aspectratio>
						<texture border="0">colors/black.png</texture>
						<colordiffuse>overlay</colordiffuse>
					</control>
					<control type="label">
						<posx>10</posx>
						<posy>0</posy>
						<width>500</width>
						<height>2-row</height>
						<aligny>center</aligny>
						<font>sectionTitle</font>
						<textcolor>textActive</textcolor>
						<selectedcolor>yellow</selectedcolor>
						<label>$INFO[ListItem.Label]</label>
					</control>
					<control type="label">
						<visible>ListItem.Hasepg</visible>
						<posx>10</posx>
						<posy>85</posy>
						<width>895</width>
						<height>2-row</height>
						<aligny>center</aligny>
						<font>sectionTitle</font>
						<textcolor>textActive</textcolor>
						<selectedcolor>yellow</selectedcolor>
						<label>$VAR[PVRInfoPanelDateDurationLabel]</label>
					</control>
					<control type="image">
						<posx>745</posx>
						<posy>20</posy>
						<width>150</width>
						<height>150</height>
						<aspectratio>keep</aspectratio>
						<texture fallback="Kodilogo.png" diffuse="masks/discsurface.png" border="0">$INFO[Listitem.thumb]</texture>
					</control>
					<control type="progress">
                        <description>Progress Bar</description>
						<visible>ListItem.HasEPG</visible>
                        <posx>10</posx>
                        <posy>185</posy>
                        <width>875</width>
                        <height>12</height>
                        <texturebg colordiffuse="77000000">colors/black.png</texturebg>
                        <midtexture colordiffuse="$VAR[highlight]">colors/white.png</midtexture>
                        <info>ListItem.Progress</info>
            		</control>
					<control type="grouplist">
						<posx>10</posx>
						<posy>225</posy>
						<control type="label">
							<visible>ListItem.Hasepg</visible>
							<width>869</width>
							<height>2-row</height>
							<aligny>center</aligny>
							<font>sectionTitle</font>
							<wrapmultiline>false</wrapmultiline>
							<scroll>true</scroll>
							<textcolor>overlay</textcolor>
							<selectedcolor>yellow</selectedcolor>
							<label>[I][B]$INFO[ListItem.Title][/B][/I]</label>
						</control>
						<control type="label">
							<visible>!ListItem.Hasepg</visible>
							
							<width>695</width>
							<height>2-row</height>
							<aligny>center</aligny>
							<font>sectionTitle</font>
							<wrapmultiline>true</wrapmultiline>
							<textcolor>textActive</textcolor>
							<selectedcolor>yellow</selectedcolor>
							<label>$LOCALIZE[19055]</label>
						</control>

						
						<control type="label">
							<visible>!String.IsEmpty(ListItem.Episode)</visible>
                        	<width>12-col</width>
                        	<font>sectionTitle</font>
                        	<scroll>true</scroll>
                        	<textcolor>textActive</textcolor>
                        	<label>[B]$INFO[ListItem.EpisodeName][/B]</label>
                        	<shadowcolor></shadowcolor>
                    	</control>
							<control type="label">
								<visible>!String.IsEmpty(ListItem.Season) + !String.IsEmpty(ListItem.Episode)</visible>
                        		<width>12-col</width>
                        		<font>sectionTitle</font>
                        		<scroll>true</scroll>
                        		<textcolor>textActive</textcolor>
                        		<label>[COLOR $VAR[highlight]]$LOCALIZE[20373]:[/COLOR] $INFO[ListItem.Season]          [COLOR $VAR[highlight]]$LOCALIZE[20359]:[/COLOR] $INFO[ListItem.Episode]</label>
                        		<shadowcolor></shadowcolor>
                    		</control>
							<control type="label">
								<visible>!String.IsEmpty(ListItem.Episode) + String.IsEmpty(ListItem.Season)</visible>
                        		<width>12-col</width>
                        		<font>sectionTitle</font>
                        		<scroll>true</scroll>
                        		<textcolor>textActive</textcolor>
                        		<label>[COLOR $VAR[highlight]]$LOCALIZE[20359]:[/COLOR] $INFO[ListItem.Episode]</label>
                        		<shadowcolor></shadowcolor>
                    		</control>
						
						<control type="label">
							<visible>ListItem.Hasepg</visible>
                        	<width>8-col</width>
                        	<font>sectionTitle</font>
                        	<scroll>true</scroll>
                        	<textcolor>textActive</textcolor>
                        	<label>[COLOR $VAR[highlight]]$LOCALIZE[515]: [/COLOR][COLOR textDisabled]$INFO[ListItem.Genre][/COLOR]</label>
                        	<shadowcolor></shadowcolor>
                    	</control>
						<control type="label">
							<visible>ListItem.Hasepg</visible>
                        	
                        	<width>6-col</width>
                        	<font>sectionTitle</font>
                        	<scroll>true</scroll>
                        	<textcolor>textActive</textcolor>
                        	<label></label>
                        	<shadowcolor></shadowcolor>
                    	</control>
						
						<control type="textbox">
							
							<width>800</width>
							<height>200</height>
							<font>sectionTitle</font>
							<label>$INFO[ListItem.Plot]</label>
							<pagecontrol>80</pagecontrol>
						</control>
					</control>
					<control type="group" id="8003">
						<visible>Control.IsVisible(80)</visible>
						<control type="scrollbar" id="80">
                    		<include>scrollbarwidth</include>		
                   			<include>scrollbarposxpvrchannels</include>
                    		<include>scrollbarcolor</include>
                    		<posy>380</posy>
                    		<height>8-row</height>
                    		<onleft>60</onleft>
							<onup>8000</onup>
                		</control>
					</control>
					<control type="group" width="10-col">
						<posx>10</posx>
						<posy>665</posy>
						<orientation>horizontal</orientation>
						<visible>ListItem.Hasepg</visible>
						<control type="label">
							<posx>0</posx>
							<posy>0</posy>
							<width>10-col-gutter</width>
							<height>2-row</height>
							<aligny>center</aligny>
							<font>sectionTitle</font>
							<scroll>true</scroll>
							<textcolor>textActive</textcolor>
							<selectedcolor>yellow</selectedcolor>
							<shadowcolor></shadowcolor>
							<label>[COLOR $VAR[highlight]]$LOCALIZE[19031]:[/COLOR]</label>
						</control>
						<control type="label">
							<posx>0</posx>
							<posy>45</posy>
							<width>12-col-gutter</width>
							<height>2-row</height>
							<aligny>center</aligny>
							<font>sectionTitle</font>
							<scroll>true</scroll>
							<textcolor>textActive</textcolor>
							<selectedcolor>yellow</selectedcolor>
							<shadowcolor></shadowcolor>
							<label>[COLOR $VAR[highlight]]$LOCALIZE[29908]: [/COLOR]</label>
						</control>
						<control type="label">
							<posx>205</posx>
							<posy>45</posy>
							<width>9-col-gutter</width>
							<height>2-row</height>
							<aligny>center</aligny>
							<font>sectionTitle</font>
							<scroll>true</scroll>
							<textcolor>textActive</textcolor>
							<selectedcolor>yellow</selectedcolor>
							<shadowcolor></shadowcolor>
							<label>$INFO[ListItem.Nexttitle]</label>
						</control>
						<control type="label">
							<posx>0</posx>
							<posy>90</posy>
							<width>10-col-gutter</width>
							<height>2-row</height>
							<aligny>center</aligny>
							<font>sectionTitle</font>
							<scroll>true</scroll>
							<textcolor>textActive</textcolor>
							<selectedcolor>yellow</selectedcolor>
							<shadowcolor></shadowcolor>
							<label>[COLOR $VAR[highlight]]$LOCALIZE[19126]:[/COLOR]  $INFO[ListItem.nextstarttime]</label>
						</control>
					</control>
				</control>
		</control>
	</include>
</includes>
