<?xml version="1.0" encoding="UTF-8"?>
<includes>
	<!-- Video FanartList -->
	<include name="VideoFanartList">
		<control type="group">
			<visible>Control.IsVisible(602)</visible>
			<include>ViewAnimation</include>
			<top>-12</top>
			<control type="group">
				<left>1138</left>
				<top>141</top>
				<include content="BackPanel">
					<param name="left">-5</param>
					<param name="top">51</param>
					<param name="width">695</param>
					<param name="height">762</param>
					<param name="texture">colors/black75.png</param>
				</include>
				<control type="textbox" id="71">
					<label>[COLOR $VAR[ThemeLabelColor]]$INFO[ListItem.Tagline][/COLOR][CR]$VAR[VideoPlotVar]</label>
					<left>13</left>
					<top>455</top>
					<width>660</width>
					<height>350</height>
					<font>font14_textbox</font>
					<pagecontrol>60262</pagecontrol>
					<include>DefaultButtonsValues</include>
					<autoscroll time="3000" delay="4000" repeat="5000">Skin.HasSetting(Enable.AutoScroll) + !Control.HasFocus(60262)</autoscroll>
				</control>
				<control type="scrollbar" id="60262">
					<left>677</left>
					<top>452</top>
					<width>12</width>
					<height>360</height>
					<onleft>60260</onleft>
					<onright condition="!Control.IsVisible(615)">4400</onright>
					<onright condition="Control.IsVisible(615)">615</onright>
					<texturesliderbackground>colors/black10.png</texturesliderbackground>
					<texturesliderbar>colors/white25.png</texturesliderbar>
					<texturesliderbarfocus colordiffuse="$VAR[ThemeLabelColor]">colors/white.png</texturesliderbarfocus>
					<showonepage>false</showonepage>
				</control>
				<control type="group">
					<left>-4</left>
					<top>52</top>
					<control type="image">
						<visible>!Container.Content(episodes)</visible>
						<width>693</width>
						<height>390</height>
						<aspectratio>scale</aspectratio>
						<texture background="true">$VAR[GlobalBackgroundVar]</texture>
						<fadetime>400</fadetime>
						<bordertexture border="2">thumbs/panel_border3.png</bordertexture>
						<bordersize>2</bordersize>
					</control>
					<control type="image">
						<visible>Container.Content(episodes)</visible>
						<width>693</width>
						<height>390</height>
						<aspectratio>scale</aspectratio>
						<texture background="true">$VAR[NoSpoilerIconVar]</texture>
						<fadetime>400</fadetime>
					</control>
					<control type="image">
						<top>302</top>
						<width>689</width>
						<height>90</height>
						<texture border="1">separator5.png</texture>
					</control>
				</control>
				<control type="image">
					<left>-5</left>
					<top>51</top>
					<width>40</width>
					<height>762</height>
					<texture flipx="true" border="1">side_shadow.png</texture>
				</control>
			</control>
			<control type="group">
				<left>76</left>
				<top>60</top>
				<include content="BackPanel">
					<param name="left">-1</param>
					<param name="top">91</param>
					<param name="width">1058</param>
					<param name="height">842</param>
					<param name="texture">colors/black75.png</param>
				</include>
				<control type="list" id="602">
					<top>92</top>
					<width>1056</width>
					<height>840</height>
					<onleft>SetProperty(MediaMenu,True,Home)</onleft>
					<onleft>SetFocus(9000)</onleft>
					<onright condition="Control.IsVisible(60260)">60260</onright>
					<onright condition="!Control.IsVisible(60260) + Control.IsVisible(60262)">60262</onright>
					<onright condition="!Control.IsVisible(60260) + !Control.IsVisible(60262)">4400</onright>
					<onup>602</onup>
					<ondown>602</ondown>
					<viewtype label="$LOCALIZE[31311]">list</viewtype>
					<pagecontrol>60260</pagecontrol>
					<preloaditems>2</preloaditems>
					<visible>Container.Content(movies) | Container.Content(sets) | Container.Content(tvshows) | Container.Content(seasons) | Container.Content(episodes)</visible>
					<scrolltime tween="quadratic" easing="out">200</scrolltime>
					<itemlayout height="70" width="1056" condition="Container.Content(movies)">
						<control type="label">
							<left>15</left>
							<width>90</width>
							<height>68</height>
							<font>font15</font>
							<textcolor>$VAR[ThemeLabelColor]</textcolor>
							<label fallback="• • • •">$INFO[ListItem.Year]</label>
							<visible>!ListItem.IsParentFolder + !ListItem.IsCollection</visible>
						</control>
						<control type="image">
							<top>-18</top>
							<width>105</width>
							<height>105</height>
							<aspectratio>keep</aspectratio>
							<texture>overlays/set.png</texture>
							<colordiffuse>grey</colordiffuse>
							<visible>ListItem.IsCollection</visible>
						</control>
						<control type="label">
							<left>110</left>
							<width>730</width>
							<height>68</height>
							<font>font15</font>
							<textcolor>grey2</textcolor>
							<label>$INFO[ListItem.Label]</label>
						</control>
						<control type="image">
							<left>866</left>
							<top>21</top>
							<width>58</width>
							<height>26</height>
							<aspectratio>keep</aspectratio>
							<texture>$VAR[UnFocusHDIndicator]</texture>
							<visible>Skin.HasSetting(noindicatorfanartlist) + !Skin.HasSetting(Enable.HideRatings)</visible>
							<colordiffuse>grey2</colordiffuse>
						</control>
						<control type="label">
							<left>365</left>
							<width>620</width>
							<height>68</height>
							<font>font15</font>
							<align>right</align>
							<textcolor>grey2</textcolor>
							<label>$INFO[ListItem.Rating]</label>
							<visible>!Skin.HasSetting(Enable.HideRatings) + !ListItem.IsCollection</visible>
						</control>
						<control type="image">
							<left>924</left>
							<top>21</top>
							<width>58</width>
							<height>26</height>
							<aspectratio>keep</aspectratio>
							<texture>$VAR[UnFocusHDIndicator]</texture>
							<visible>Skin.HasSetting(noindicatorfanartlist) + Skin.HasSetting(Enable.HideRatings)</visible>
							<colordiffuse>grey2</colordiffuse>
						</control>
						<control type="image">
							<left>992</left>
							<top>3</top>
							<width>64</width>
							<height>64</height>
							<aspectratio>keep</aspectratio>
							<texture colordiffuse="$VAR[ThemeLabelColor]">$VAR[ListItemOverlay]</texture>
						</control>
					</itemlayout>
					<focusedlayout height="70" width="1056" condition="Container.Content(movies)">
						<control type="image">
							<width>1056</width>
							<height>70</height>
							<texture colordiffuse="$VAR[highlight]" border="4">listselect_fo.png</texture>
							<visible>Control.HasFocus(602)</visible>
							<include>VisibleFadeAnimation</include>
						</control>
						<control type="label">
							<left>15</left>
							<width>90</width>
							<height>68</height>
							<font>font15</font>
							<label fallback="• • • •">$INFO[ListItem.Year]</label>
							<animation effect="fade" start="100" end="70" time="300" tween="sine" easing="inout" condition="!Control.HasFocus(602)">Conditional</animation>
							<visible>!ListItem.IsParentFolder + !ListItem.IsCollection</visible>
						</control>
						<control type="image">
							<top>-18</top>
							<width>105</width>
							<height>105</height>
							<aspectratio>keep</aspectratio>
							<texture>$VAR[StudioIconVar]</texture>
							<visible>ListItem.IsCollection</visible>
						</control>
						<control type="label">
							<left>110</left>
							<width>730</width>
							<height>68</height>
							<font>font15</font>
							<label>$INFO[ListItem.Label]</label>
							<animation effect="fade" start="100" end="70" time="300" tween="sine" easing="inout" condition="!Control.HasFocus(602)">Conditional</animation>
						</control>
						<control type="image">
							<left>866</left>
							<top>21</top>
							<width>58</width>
							<height>26</height>
							<aspectratio>keep</aspectratio>
							<texture>$VAR[UnFocusHDIndicator]</texture>
							<visible>Skin.HasSetting(noindicatorfanartlist) + !Skin.HasSetting(Enable.HideRatings)</visible>
							<animation effect="fade" start="100" end="60" time="300" tween="sine" easing="inout" condition="!Control.HasFocus(602)">Conditional</animation>
						</control>
						<control type="label">
							<left>365</left>
							<width>620</width>
							<height>68</height>
							<font>font15</font>
							<align>right</align>
							<label>$INFO[ListItem.Rating]</label>
							<visible>!Skin.HasSetting(Enable.HideRatings) + !ListItem.IsCollection</visible>
							<animation effect="fade" start="100" end="70" time="300" tween="sine" easing="inout" condition="!Control.HasFocus(602)">Conditional</animation>
						</control>
						<control type="image">
							<left>924</left>
							<top>21</top>
							<width>58</width>
							<height>26</height>
							<aspectratio>keep</aspectratio>
							<texture>$VAR[UnFocusHDIndicator]</texture>
							<visible>Skin.HasSetting(noindicatorfanartlist) + Skin.HasSetting(Enable.HideRatings)</visible>
							<animation effect="fade" start="100" end="60" time="300" tween="sine" easing="inout" condition="!Control.HasFocus(602)">Conditional</animation>
						</control>
						<control type="image">
							<left>992</left>
							<top>3</top>
							<width>64</width>
							<height>64</height>
							<aspectratio>keep</aspectratio>
							<texture colordiffuse="$VAR[ThemeLabelColor]">$VAR[ListItemOverlay]</texture>
						</control>
					</focusedlayout>
					<itemlayout height="70" width="1056" condition="Container.Content(sets)">
						<control type="label">
							<left>15</left>
							<width>980</width>
							<height>68</height>
							<font>font15</font>
							<textcolor>grey2</textcolor>
							<label>$INFO[ListItem.Label]</label>
						</control>
						<control type="image">
							<left>992</left>
							<top>3</top>
							<width>64</width>
							<height>64</height>
							<aspectratio>keep</aspectratio>
							<texture colordiffuse="$VAR[ThemeLabelColor]">$VAR[ListItemOverlay]</texture>
						</control>
					</itemlayout>
					<focusedlayout height="70" width="1056" condition="Container.Content(sets)">
						<control type="image">
							<width>1056</width>
							<height>70</height>
							<texture colordiffuse="$VAR[highlight]" border="4">listselect_fo.png</texture>
							<visible>Control.HasFocus(602)</visible>
							<include>VisibleFadeAnimation</include>
						</control>
						<control type="label">
							<left>15</left>
							<width>980</width>
							<height>68</height>
							<font>font15</font>
							<label>$INFO[ListItem.Label]</label>
							<animation effect="fade" start="100" end="70" time="300" tween="sine" easing="inout" condition="!Control.HasFocus(602)">Conditional</animation>
						</control>
						<control type="image">
							<left>992</left>
							<top>3</top>
							<width>64</width>
							<height>64</height>
							<aspectratio>keep</aspectratio>
							<texture colordiffuse="$VAR[ThemeLabelColor]">$VAR[ListItemOverlay]</texture>
						</control>
					</focusedlayout>
					<itemlayout height="70" width="1056" condition="Container.Content(tvshows)">
						<control type="label">
							<left>15</left>
							<width>90</width>
							<height>68</height>
							<font>font15</font>
							<textcolor>$VAR[ThemeLabelColor]</textcolor>
							<label fallback="• • • •">$INFO[ListItem.Year]</label>
							<visible>!ListItem.IsParentFolder</visible>
						</control>
						<control type="label">
							<left>110</left>
							<width>665</width>
							<height>68</height>
							<font>font15</font>
							<textcolor>grey2</textcolor>
							<label>$INFO[ListItem.Label]</label>
						</control>
						<control type="label">
							<left>365</left>
							<width>620</width>
							<height>68</height>
							<font>font15</font>
							<align>right</align>
							<textcolor>grey2</textcolor>
							<label>$INFO[ListItem.Rating]</label>
							<visible>!Skin.HasSetting(Enable.HideRatings)</visible>
						</control>
						<control type="group">
							<left>992</left>
							<top>3</top>
							<control type="image">
								<width>64</width>
								<height>64</height>
								<aspectratio>keep</aspectratio>
								<texture colordiffuse="$VAR[ThemeLabelColor]">$VAR[ListItemOverlay]</texture>
							</control>
							<control type="label">
								<width>64</width>
								<height>64</height>
								<font>font12_title</font>
								<align>center</align>
								<label>$VAR[ListItemOverlayShowsVar]</label>
								<textcolor>grey2</textcolor>
							</control>
						</control>
					</itemlayout>
					<focusedlayout height="70" width="1056" condition="Container.Content(tvshows)">
						<control type="image">
							<width>1056</width>
							<height>70</height>
							<texture colordiffuse="$VAR[highlight]" border="4">listselect_fo.png</texture>
							<visible>Control.HasFocus(602)</visible>
							<include>VisibleFadeAnimation</include>
						</control>
						<control type="label">
							<left>15</left>
							<width>90</width>
							<height>68</height>
							<font>font15</font>
							<label fallback="• • • •">$INFO[ListItem.Year]</label>
							<animation effect="fade" start="100" end="70" time="300" tween="sine" easing="inout" condition="!Control.HasFocus(602)">Conditional</animation>
							<visible>!ListItem.IsParentFolder</visible>
						</control>
						<control type="label">
							<left>110</left>
							<width>565</width>
							<height>68</height>
							<font>font15</font>
							<label>$INFO[ListItem.Label]</label>
							<animation effect="fade" start="100" end="70" time="300" tween="sine" easing="inout" condition="!Control.HasFocus(602)">Conditional</animation>
						</control>
						<control type="label">
							<left>365</left>
							<width>620</width>
							<height>68</height>
							<font>font15</font>
							<align>right</align>
							<label>$INFO[ListItem.Rating]</label>
							<animation effect="fade" start="100" end="70" time="300" tween="sine" easing="inout" condition="!Control.HasFocus(602)">Conditional</animation>
							<visible>!Skin.HasSetting(Enable.HideRatings)</visible>
						</control>
						<control type="group">
							<left>992</left>
							<top>3</top>
							<control type="image">
								<width>64</width>
								<height>64</height>
								<aspectratio>keep</aspectratio>
								<texture colordiffuse="$VAR[ThemeLabelColor]">$VAR[ListItemOverlay]</texture>
							</control>
							<control type="label">
								<width>64</width>
								<height>64</height>
								<font>font12_title</font>
								<align>center</align>
								<label>$VAR[ListItemOverlayShowsVar]</label>
							</control>
						</control>
					</focusedlayout>
					<itemlayout height="70" width="1056" condition="Container.Content(episodes)">
						<control type="label">
							<width>850</width>
							<height>68</height>
							<font>font15</font>
							<textcolor>grey2</textcolor>
							<label>$INFO[ListItem.Label]</label>
							<textoffsetx>15</textoffsetx>
						</control>
						<control type="image">
							<left>866</left>
							<top>21</top>
							<width>58</width>
							<height>26</height>
							<aspectratio>keep</aspectratio>
							<texture>$VAR[UnFocusHDIndicator]</texture>
							<visible>Skin.HasSetting(noindicatorfanartlist)</visible>
							<colordiffuse>grey2</colordiffuse>
						</control>
						<control type="label">
							<left>165</left>
							<width>820</width>
							<height>68</height>
							<font>font15</font>
							<align>right</align>
							<textcolor>grey2</textcolor>
							<label>$INFO[ListItem.Rating]</label>
							<visible>!Skin.HasSetting(Enable.HideRatings)</visible>
						</control>
						<control type="image">
							<left>992</left>
							<top>3</top>
							<width>64</width>
							<height>64</height>
							<aspectratio>keep</aspectratio>
							<texture colordiffuse="$VAR[ThemeLabelColor]">$VAR[ListItemOverlay]</texture>
						</control>
					</itemlayout>
					<focusedlayout height="70" width="1056" condition="Container.Content(episodes)">
						<control type="image">
							<width>1056</width>
							<height>70</height>
							<texture colordiffuse="$VAR[highlight]" border="4">listselect_fo.png</texture>
							<visible>Control.HasFocus(602)</visible>
							<include>VisibleFadeAnimation</include>
						</control>
						<control type="label">
							<width>850</width>
							<height>68</height>
							<font>font15</font>
							<label>$INFO[ListItem.Label]</label>
							<textoffsetx>15</textoffsetx>
							<animation effect="fade" start="100" end="70" time="300" tween="sine" easing="inout" condition="!Control.HasFocus(602)">Conditional</animation>
						</control>
						<control type="image">
							<left>866</left>
							<top>21</top>
							<width>58</width>
							<height>26</height>
							<aspectratio>keep</aspectratio>
							<texture>$VAR[UnFocusHDIndicator]</texture>
							<visible>Skin.HasSetting(noindicatorfanartlist)</visible>
							<animation effect="fade" start="100" end="60" time="300" tween="sine" easing="inout" condition="!Control.HasFocus(602)">Conditional</animation>
						</control>
						<control type="label">
							<left>165</left>
							<width>820</width>
							<height>68</height>
							<font>font15</font>
							<align>right</align>
							<label>$INFO[ListItem.Rating]</label>
							<animation effect="fade" start="100" end="70" time="300" tween="sine" easing="inout" condition="!Control.HasFocus(602)">Conditional</animation>
							<visible>!Skin.HasSetting(Enable.HideRatings)</visible>
						</control>
						<control type="image">
							<left>992</left>
							<top>3</top>
							<width>64</width>
							<height>64</height>
							<aspectratio>keep</aspectratio>
							<texture colordiffuse="$VAR[ThemeLabelColor]">$VAR[ListItemOverlay]</texture>
						</control>
					</focusedlayout>
					<itemlayout height="70" width="1056" condition="Container.Content(seasons)">
						<control type="label">
							<left>15</left>
							<width>600</width>
							<height>68</height>
							<font>font15</font>
							<textcolor>grey2</textcolor>
							<label>$INFO[ListItem.Label]</label>
						</control>
						<control type="label">
							<left>350</left>
							<width>620</width>
							<height>68</height>
							<font>font15</font>
							<align>right</align>
							<textcolor>grey2</textcolor>
							<label>$INFO[ListItem.Property(TotalEpisodes),, $LOCALIZE[20453]]</label>
						</control>
						<control type="group">
							<left>992</left>
							<top>3</top>
							<control type="image">
								<width>64</width>
								<height>64</height>
								<aspectratio>keep</aspectratio>
								<texture colordiffuse="$VAR[ThemeLabelColor]">$VAR[ListItemOverlay]</texture>
							</control>
							<control type="label">
								<width>64</width>
								<height>64</height>
								<font>font12_title</font>
								<align>center</align>
								<label>$VAR[ListItemOverlayShowsVar]</label>
								<textcolor>grey2</textcolor>
							</control>
						</control>
					</itemlayout>
					<focusedlayout height="70" width="1056" condition="Container.Content(seasons)">
						<control type="image">
							<width>1056</width>
							<height>70</height>
							<texture colordiffuse="$VAR[highlight]" border="4">listselect_fo.png</texture>
							<visible>Control.HasFocus(602)</visible>
							<include>VisibleFadeAnimation</include>
						</control>
						<control type="label">
							<left>15</left>
							<width>600</width>
							<height>68</height>
							<font>font15</font>
							<label>$INFO[ListItem.Label]</label>
							<animation effect="fade" start="100" end="70" time="300" tween="sine" easing="inout" condition="!Control.HasFocus(602)">Conditional</animation>
						</control>
						<control type="label">
							<left>350</left>
							<width>620</width>
							<height>68</height>
							<font>font15</font>
							<align>right</align>
							<label>$INFO[ListItem.Property(TotalEpisodes),, $LOCALIZE[20453]]</label>
							<animation effect="fade" start="100" end="70" time="300" tween="sine" easing="inout" condition="!Control.HasFocus(602)">Conditional</animation>
						</control>
						<control type="group">
							<left>992</left>
							<top>3</top>
							<control type="image">
								<width>64</width>
								<height>64</height>
								<aspectratio>keep</aspectratio>
								<texture colordiffuse="$VAR[ThemeLabelColor]">$VAR[ListItemOverlay]</texture>
							</control>
							<control type="label">
								<width>64</width>
								<height>64</height>
								<font>font12_title</font>
								<align>center</align>
								<label>$VAR[ListItemOverlayShowsVar]</label>
							</control>
						</control>
					</focusedlayout>
				</control>
				<control type="scrollbar" id="60260">
					<left>1044</left>
					<top>92</top>
					<width>12</width>
					<height>840</height>
					<onup>60260</onup>
					<ondown>60260</ondown>
					<onleft>50</onleft>
					<onright condition="Control.IsVisible(60262)">60262</onright>
					<onright condition="!Control.IsVisible(615)">4400</onright>
					<onright condition="Control.IsVisible(615) + !Control.IsVisible(60262)">615</onright>
					<texturesliderbackground>colors/black10.png</texturesliderbackground>
					<texturesliderbar>colors/white25.png</texturesliderbar>
					<texturesliderbarfocus colordiffuse="$VAR[ThemeLabelColor]">colors/white.png</texturesliderbarfocus>
					<showonepage>false</showonepage>
				</control>
			</control>
		</control>
	</include>
</includes>