<?xml version="1.0" encoding="UTF-8"?>
<includes>
    <include name="fadeInOut">
        <animation type="windowOpen">
            <effect type="fade" start="0" end="100" time="300"/>
        </animation>
        <animation type="windowClose">
            <effect type="fade" start="100" end="0" time="300"/>
        </animation>
    </include>
    <include name="listSlideIn">
        <effect type="fade" start="0" end="100" time="300" delay="600"/>
        <effect type="slide" start="3-col" end="0" center="auto" tween="cubic" easing="out" time="400" delay="500"/>
    </include>
    <include name="contentOpen">
        <animation type="windowopen">
            <effect type="fade" start="0" end="100" time="500"/>
            <effect type="zoom" center="auto" start="120" end="100" time="300"/>
        </animation>
        <animation type="windowclose">
            <effect type="fade" start="100" end="0" time="300"/>
            <effect type="zoom" center="auto" start="100" end="98" time="300"/>
        </animation>
    </include>
    <!--ken burnsey style effect for fanart images-->
    <include name="kenBurnsey">
        <animation type="conditional" condition="!Skin.HasSetting(lowPowerMode)" loop="true">
            <effect type="fade" start="0" end="100" time="2000"/>
			<effect type="zoom" center="auto" start="120" end="100" time="15000"/>
			<effect type="fade" start="100" end="0" time="1000" delay="14000"/>
        </animation>
    </include>
    <!--focus item spinner-->
    <include name="spinFocusIcon">
        <animation type="focus" loop="false" reversible="false">
            <effect type="fade" time="500"/>
            <effect type="rotatey" end="360" center="36" tween="back" easing="out" time="1000"/>
        </animation>
    </include>
    <include name="focusThumb">
        <animation type="focus" loop="false" reversible="false">
            <!--<effect type="rotatey" start="0" end="-10" center="132" tween="back" easing="out" time="300"/>
            <effect type="rotatey" start="0" end="10" center="132" tween="back" easing="out" delay="300" time="300"/>-->
            <effect type="zoom" start="95" end="110" center="auto" tween="sine" easing="out" time="200"/>
        </animation>
    </include>
    <include name="focusThumb2">
        <animation type="focus" loop="false" reversible="false">
            <!--<effect type="rotatey" start="0" end="-10" center="132" tween="back" easing="out" time="300"/>
            <effect type="rotatey" start="0" end="10" center="132" tween="back" easing="out" delay="300" time="300"/>-->
            <effect type="zoom" start="130" end="130" center="0" tween="back" easing="out" time="200"/>
        </animation>
    </include>
    <!--modal dialog handling-->
    <include name="modalDialogInOut">
        <animation type="Windowopen">
            <effect type="fade" start="0" end="100" time="300"/>
            <effect type="slide" start="1920" end="0" tween="cubic" easing="out" time="400"/>
        </animation>
        <animation type="Windowclose">
            <effect type="fade" start="100" end="0" time="300"/>
            <effect type="slide" start="0" end="-1920" tween="cubic" easing="out" time="400"/>
        </animation>
    </include>
    <include name="modalDialogInOutVertical">
        <animation type="Windowopen">
            <effect type="fade" start="0" end="100" time="300"/>
            <effect type="slide" start="0,300" end="0" tween="cubic" easing="out" time="400"/>
        </animation>
        <animation type="Windowclose">
            <effect type="fade" start="100" end="0" time="300"/>
            <effect type="slide" start="0" end="0,300" tween="cubic" easing="out" time="400"/>
        </animation>
    </include>
    <include name="modalDialogContentShift">
        <animation type="Conditional" condition="controlgroup(9000).hasfocus | controlgroup(9002).hasfocus | controlgroup(100).hasfocus">
            <effect type="zoom" end="140" time="200" center="auto" tween="linear" easing="out"/>
        </animation>
    </include>

    <include name="OpenClose_FadeSlide_Right">
		<animation type="WindowOpen">
			<effect type="fade" start="0" end="100" time="300" tween="sine" easing="out" />
			<effect type="slide" start="320" end="0" time="400" tween="cubic" easing="out" />
		</animation>
		<animation type="WindowClose">
			<effect type="fade" start="100" end="0" time="300" tween="sine" easing="out" />
			<effect type="slide" start="0" end="320" time="300" tween="cubic" easing="out" />
		</animation>
	</include>
    <include name="OpenClose_FadeSlide_Left">
		<animation type="WindowOpen">
			<effect type="fade" start="0" end="100" time="300" tween="sine" easing="out" />
			<effect type="slide" start="-320" end="0" time="400" tween="cubic" easing="out" />
		</animation>
		<animation type="WindowClose">
			<effect type="fade" start="100" end="0" time="300" tween="sine" easing="out" />
			<effect type="slide" start="0" end="-320" time="300" tween="cubic" easing="out" />
		</animation>
	</include>


<!--aeonnoxsilvio-->
    <include name="ViewAnimation">
		<animation effect="fade" time="360">Visible</animation>
		<animation effect="fade" time="0">Hidden</animation>
	</include>

    <include name="WindowSettingsFadeAnimation">
		<animation effect="fade" time="250" delay="100">WindowOpen</animation>
		<animation effect="fade" time="50">WindowClose</animation>
	</include>

    <include name="ShowCaseModDiscAnimation">
		<animation type="Conditional" condition="Control.IsVisible(4444)" reversible="false">
			<effect type="slide" start="1200,0" end="0,0" delay="0" time="2600" tween="cubic" easing="inout" />
			<effect type="rotate" start="0" center="auto" end="720" delay="0" time="2600" tween="cubic" easing="inout" />
		</animation>
	</include>

    <include name="MyFlixDelayAnimation">
		<visible>![Container.OnNext | Container.OnPrevious]</visible>
		<animation effect="fade" end="100" time="120" delay="1000" condition="String.IsEqual(Skin.String(MyFlix.Delay),1)">Visible</animation>
		<animation effect="fade" end="100" time="120" delay="2000" condition="String.IsEqual(Skin.String(MyFlix.Delay),2)">Visible</animation>
		<animation effect="fade" end="100" time="120" delay="3000" condition="String.IsEqual(Skin.String(MyFlix.Delay),3)">Visible</animation>
		<animation effect="fade" end="100" time="120" delay="4000" condition="String.IsEqual(Skin.String(MyFlix.Delay),4)">Visible</animation>
		<animation effect="fade" end="100" time="120" delay="5000" condition="String.IsEqual(Skin.String(MyFlix.Delay),5)">Visible</animation>
	</include>
    <include name="Animation_FocusTextureFade">
		<animation effect="fade" start="0" end="100" time="200" tween="sine">Focus</animation>
		<animation effect="fade" start="100" end="0" time="0">UnFocus</animation>
	</include>
</includes>
