<?xml version="1.0" encoding="UTF-8"?>
<includes>
	
	<include name="LandscapeFixed">
		<visible>$EXP[isAddonMovieOrTVshow]</visible>
		<control type="fixedlist" id="52">
			<include>contents52list</include>
		</control>
	</include>
	<include name="LandscapeWrap">
		<visible>$EXP[isAddonMovieOrTVshow]</visible>
		<control type="wraplist" id="52">
			<include>contents52list</include>
		</control>
	</include>
	<include name="contents52list">
		<visible>$EXP[isAddonMovieOrTVshow]</visible>
		<width>100%</width>
		<height>960</height>
		<onleft>52</onleft>
		<onright>52</onright>
		<onup>9000</onup>
		<onup condition="!ListItem.IsParentFolder">4401</onup>
		<onup condition="String.IsEmpty(ListItem.Title)">SetProperty(MediaMenu,True,Home)</onup>
		<onup condition="String.IsEmpty(ListItem.Title)">SetFocus(9000)</onup>
		<ondown condition="Control.IsVisible(95260)">95260</ondown>
		<ondown condition="!Control.IsVisible(95260)">4400</ondown>
		<pagecontrol>95260</pagecontrol>
		<focusposition>1</focusposition>
		<orientation>horizontal</orientation>
		<preloaditems>2</preloaditems>
		<viewtype label="31325">31325</viewtype>
		<scrolltime tween="sine" easing="inout">500</scrolltime>
		<visible>Container.Content(movies) | Container.Content(tvshows) | Container.Content(episodes) | Container.Content(sets) | Window.IsActive(music) + Container.Content(artists) | !Window.IsActive(music)</visible>
		<itemlayout height="642" width="680" condition="![Skin.HasSetting(Enable.LandscapeNoFlow) + !Control.IsVisible(6010)]" />
		<focusedlayout height="636" width="680" condition="![Skin.HasSetting(Enable.LandscapeNoFlow) + !Control.IsVisible(6010)]" />
		<itemlayout height="642" width="710" condition="Skin.HasSetting(Enable.LandscapeNoFlow)">
			<control type="group">
				<left>-100</left>
				<top>-20</top>
				<include>LandscapeItem0</include>
				<control type="image">
					<include>WatchedOverlayLandscape</include>
					<texture>$VAR[OverlayVar]</texture>
				</control>
			</control>
		</itemlayout>
		<focusedlayout height="642" width="710" condition="Skin.HasSetting(Enable.LandscapeNoFlow)">
			<control type="group">
				<animation effect="zoom" start="100" end="112" center="250,370" time="300" reversible="false" tween="cubic">Focus</animation>
				<left>-100</left>
				<top>-20</top>
				<include>LandscapeItem0</include>
				<control type="image">
					<include>WatchedOverlayLandscape</include>
					<texture>$VAR[OverlayVar]</texture>
				</control>
			</control>
		</focusedlayout>
	</include>
	<include name="View_52_Landscape">
		<control type="group">
			<visible>Control.IsVisible(52)</visible>
			<top>580</top>
			<include>ViewAnimation</include>
			<include condition="Skin.HasSetting(LandscapeWrapList)">LandscapeFixed</include>
			<include condition="!Skin.HasSetting(LandscapeWrapList)">LandscapeWrap</include>
			<control type="group">
				<top>-20</top>
				<camera x="960" y="200" />
				<control type="group" id="6011">
					<visible>Container.OnNext + !Skin.HasSetting(Enable.LandscapeNoFlow)</visible>
					<animation effect="slide" end="-300,0" time="200" reversible="false">Hidden</animation>
					<control type="group">
						<left>75</left>
						<visible>Container.OnNext</visible>
						<visible>!String.IsEmpty(Container(52).ListItemNoWrap(-3).FolderPath) | !Skin.HasSetting(LandscapeWrapList)</visible>
						<animation effect="fade" start="100" end="0" time="200" reversible="false">Hidden</animation>
						<animation effect="rotatey" center="-40" start="-55" end="-55" time="0" condition="true">Conditional</animation>
						<include>LandscapeItem-3</include>
					</control>
					<control type="group">
						<left>375</left>
						<visible>!String.IsEmpty(Container(52).ListItemNoWrap(-2).FolderPath) | !Skin.HasSetting(LandscapeWrapList)</visible>
						<animation effect="rotatey" center="260" start="-55" end="-55" time="0" condition="true">Conditional</animation>
						<include>LandscapeItem-2</include>
					</control>
					<control type="group">
						<left>1442</left>
						<visible>!String.IsEmpty(Container(52).ListItemNoWrap(2).FolderPath) | !Skin.HasSetting(LandscapeWrapList)</visible>
						<visible>!Container.OnNext</visible>
						<animation effect="fade" end="100" time="200" reversible="false">Visible</animation>
						<animation effect="rotatey" center="2250" start="55" end="55" time="0" condition="true">Conditional</animation>
						<include>LandscapeItem2</include>
					</control>
					<control type="group">
						<left>1142</left>
						<visible>!String.IsEmpty(Container(52).ListItemNoWrap(1).FolderPath) | !Skin.HasSetting(LandscapeWrapList)</visible>
						<animation effect="rotatey" center="1950" start="55" end="55" time="0" condition="true">Conditional</animation>
						<include>LandscapeItem1</include>
					</control>
					<control type="group">
						<visible>Container.OnNext</visible>
						<animation effect="slide" end="75,0" time="200" reversible="false">Hidden</animation>
						<control type="group">
							<left>842</left>
							<visible>!String.IsEmpty(Container(52).ListItemNoWrap(0).FolderPath) | !Skin.HasSetting(LandscapeWrapList)</visible>
							<visible>Container.OnNext</visible>
							<animation effect="rotatey" center="1650" end="-55" time="200" reversible="false" tween="quadratic" easing="in">Hidden</animation>
							<animation effect="rotatey" center="1650" start="55" end="55" time="0" condition="true">Conditional</animation>
							<include>LandscapeItem0</include>
						</control>
						<control type="group">
							<left>610</left>
							<visible>Container.OnNext</visible>
							<visible>!String.IsEmpty(Container(52).ListItemNoWrap(-1).FolderPath) | !Skin.HasSetting(LandscapeWrapList)</visible>
							<animation effect="rotatey" center="485" end="-55" time="200" reversible="false" tween="quadratic" easing="in">Hidden</animation>
							<include>LandscapeItem-1</include>
						</control>
					</control>
				</control>
				<control type="group" id="6012">
					<visible>Container.OnPrevious + !Skin.HasSetting(Enable.LandscapeNoFlow)</visible>
					<animation effect="slide" end="300,0" time="200" reversible="false">Hidden</animation>
					<control type="group">
						<left>1142</left>
						<visible>!String.IsEmpty(Container(52).ListItemNoWrap(3).FolderPath) | !Skin.HasSetting(LandscapeWrapList)</visible>
						<animation effect="rotatey" center="1950" start="55" end="55" time="0" condition="true">Conditional</animation>
						<visible>Container.OnPrevious</visible>
						<animation effect="fade" start="100" end="0" time="200" reversible="false">Hidden</animation>
						<include>LandscapeItem3</include>
					</control>
					<control type="group">
						<left>842</left>
						<visible>!String.IsEmpty(Container(52).ListItemNoWrap(2).FolderPath) | !Skin.HasSetting(LandscapeWrapList)</visible>
						<animation effect="rotatey" center="1650" start="55" end="55" time="0" condition="true">Conditional</animation>
						<include>LandscapeItem2</include>
					</control>
					<control type="group">
						<left>-225</left>
						<visible>!String.IsEmpty(Container(52).ListItemNoWrap(-2).FolderPath) | !Skin.HasSetting(LandscapeWrapList)</visible>
						<visible>!Container.OnPrevious</visible>
						<animation effect="fade" end="100" time="200" reversible="false">Visible</animation>
						<animation effect="rotatey" center="-340" start="-55" end="-55" time="0" condition="true">Conditional</animation>
						<include>LandscapeItem-2</include>
					</control>
					<control type="group">
						<left>75</left>
						<visible>!String.IsEmpty(Container(52).ListItemNoWrap(-1).FolderPath) | !Skin.HasSetting(LandscapeWrapList)</visible>
						<animation effect="rotatey" center="-40" start="-55" end="-55" time="0" condition="true">Conditional</animation>
						<include>LandscapeItem-1</include>
					</control>
					<control type="group">
						<visible>Container.OnPrevious</visible>
						<animation effect="slide" end="-75,0" time="200" reversible="false">Hidden</animation>
						<control type="group">
							<left>375</left>
							<visible>!String.IsEmpty(Container(52).ListItemNoWrap(0).FolderPath) | !Skin.HasSetting(LandscapeWrapList)</visible>
							<visible>Container.OnPrevious</visible>
							<animation effect="rotatey" center="260" end="55" time="200" reversible="false" tween="quadratic" easing="in">Hidden</animation>
							<animation effect="rotatey" center="260" start="-55" end="-55" time="0" condition="true">Conditional</animation>
							<include>LandscapeItem0</include>
						</control>
						<control type="group">
							<left>610</left>
							<visible>!String.IsEmpty(Container(52).ListItemNoWrap(1).FolderPath) | !Skin.HasSetting(LandscapeWrapList)</visible>
							<visible>Container.OnPrevious</visible>
							<animation effect="rotatey" center="1425" end="55" time="200" reversible="false" tween="quadratic" easing="in">Hidden</animation>
							<include>LandscapeItem1</include>
						</control>
					</control>
				</control>
				<control type="group" id="6010">
					<visible>!Control.IsVisible(6011) + !Control.IsVisible(6012) + !Skin.HasSetting(Enable.LandscapeNoFlow)</visible>
					<control type="group">
						<left>75</left>
						<visible>!String.IsEmpty(Container(52).ListItemNoWrap(-2).FolderPath) | !Skin.HasSetting(LandscapeWrapList)</visible>
						<animation effect="rotatey" center="-40" start="-55" end="-55" time="0" condition="true">Conditional</animation>
						<include>LandscapeItem-2</include>
					</control>
					<control type="group">
						<left>375</left>
						<visible>!String.IsEmpty(Container(52).ListItemNoWrap(-1).FolderPath) | !Skin.HasSetting(LandscapeWrapList)</visible>
						<animation effect="rotatey" center="260" start="-55" end="-55" time="0" condition="true">Conditional</animation>
						<include>LandscapeItem-1</include>
					</control>
					<control type="group">
						<left>1142</left>
						<visible>!String.IsEmpty(Container(52).ListItemNoWrap(2).FolderPath) | !Skin.HasSetting(LandscapeWrapList)</visible>
						<animation effect="rotatey" center="1950" start="55" end="55" time="0" condition="true">Conditional</animation>
						<include>LandscapeItem2</include>
					</control>
					<control type="group">
						<left>842</left>
						<visible>!String.IsEmpty(Container(52).ListItemNoWrap(1).FolderPath) | !Skin.HasSetting(LandscapeWrapList)</visible>
						<animation effect="rotatey" center="1650" start="55" end="55" time="0" condition="true">Conditional</animation>
						<include>LandscapeItem1</include>
					</control>
					<control type="group">
						<left>610</left>
						<!-- Camera bug workaround. When camera tag is applied to the group, label will be invisible -->
						<animation effect="rotatey" start="1" end="1" condition="Skin.HasSetting(Disable.UnwatchedIcon) + Container.Content(tvshows)">Conditional</animation>
						<visible>!String.IsEmpty(Container(52).ListItemNoWrap(0).FolderPath) | !Skin.HasSetting(LandscapeWrapList)</visible>
						<include>LandscapeItem0</include>
					</control>
				</control>
			</control>
		</control>
		<control type="group">
					<left>10</left>
					<top>50</top>
					<width>1000</width>
					<height>135</height>
					<include>VisibleFadeAnimation</include>
					<visible>!Skin.HasSetting(Disable.Landscape.Info) + Control.IsVisible(52)</visible>

					<control type="group">
						<visible>!String.IsEmpty(ListItem.Top250)</visible>
						<control type="image">
							<left>17</left>
							<top>-35</top>
							<width>65</width>
							<height>30</height>
							<texture colordiffuse="grey">logos/imdb.png</texture>
						</control>
						<control type="Label">
							<left>90</left>
							<top>-42</top>
							<width>125</width>
							<height>45</height>
							<label>[B]$INFO[ListItem.Top250,#][/B]</label>
							<font>regular</font>
							<shadowcolor>ff8a795d</shadowcolor>
							<textcolor>grey</textcolor>
						</control>
					</control>^
					<control type="group">
						<posy>-40</posy>
						<posx>-10</posx>
						<control type="group">
							<visible>!Control.IsVisible(50999) | String.IsEmpty(Control.GetLabel(50999))</visible>
							<left>25</left>
							<control type="label">
								<left>4</left>
								<top>4</top>
								<height>124</height>
								<font>menuTitle2</font>
								<textcolor>ff8a795d</textcolor>
								<label>$INFO[ListItem.label]</label>
							</control>
							<control type="label">
								<height>124</height>
								<font>menuTitle2</font>
								<shadowcolor>ff8a795d</shadowcolor>
								<textcolor>$VAR[highlight]</textcolor>
								<label>$INFO[ListItem.label]</label>
							</control>
						</control>
					</control>
					
					<control type="grouplist">
						<visible>Container.Content(movies) + !ListItem.IsCollection</visible>
						<posy>50</posy>
						<control type="label">
							<width>800</width>
							<height>45</height>
							<textcolor>grey</textcolor>
							<shadowcolor>ff8a795d</shadowcolor>
							<include>DefaultButtonsValues</include>
							<label>[COLOR $VAR[highlight]]$LOCALIZE[20339]: [/COLOR]$INFO[ListItem.Director]</label>
							<visible>!String.IsEmpty(ListItem.Director)</visible>
						</control>
						<control type="label">
							<width>800</width>
							<height>45</height>
							<textcolor>grey</textcolor>
							<shadowcolor>ff8a795d</shadowcolor>
							<include>DefaultButtonsValues</include>
							<label>[COLOR $VAR[highlight]]$LOCALIZE[515]: [/COLOR]$INFO[ListItem.Genre]</label>
							<visible>!String.IsEmpty(ListItem.Genre)</visible>
						</control>
						<control type="label">
							<width>1000</width>
							<height>45</height>
							<textcolor>grey</textcolor>
							<shadowcolor>ff8a795d</shadowcolor>
							<include>DefaultButtonsValues</include>
							<label>$INFO[ListItem.Year,, • ]$INFO[ListItem.RatingAndVotes,, • ]$INFO[ListItem.Duration(mins),,m]$INFO[ListItem.Endtime, • $LOCALIZE[19127]: ,]</label>
							<visible>!Skin.HasSetting(Enable.HourMinuteDuration)</visible>
						</control>
						<control type="label">
							<width>1000</width>
							<height>45</height>
							<textcolor>grey</textcolor>
							<shadowcolor>ff8a795d</shadowcolor>
							<include>DefaultButtonsValues</include>
							<label>$INFO[ListItem.Year,, • ]$INFO[ListItem.RatingAndVotes,, • ]$VAR[ItemDurationVar]$INFO[ListItem.Endtime, • $LOCALIZE[31324]: ,]</label>
							<visible>Skin.HasSetting(Enable.HourMinuteDuration)</visible>
						</control>
					</control>
					<control type="grouplist">
						<visible>ListItem.IsCollection + ![Container.OnNext | Container.OnPrevious]</visible>
						<animation effect="fade" time="140" delay="100">Visible</animation>
						<control type="label">
							<width>800</width>
							<height>45</height>
							<textcolor>grey</textcolor>
							<shadowcolor>ff8a795d</shadowcolor>
							<include>DefaultButtonsValues</include>
							<label>[COLOR $VAR[highlight]]$LOCALIZE[20339]: [/COLOR]$INFO[Window(Home).Property(SkinInfo.Set.Movies.Director)]</label>
							<visible>!String.IsEmpty(Window(Home).Property(SkinInfo.Set.Movies.Director))</visible>
						</control>
						<control type="label">
							<width>800</width>
							<height>45</height>
							<textcolor>grey</textcolor>
							<shadowcolor>ff8a795d</shadowcolor>
							<include>DefaultButtonsValues</include>
							<label>[COLOR $VAR[highlight]]$LOCALIZE[20339]: [/COLOR]$INFO[Container(4500).ListItemNoWrap(0).Director]$INFO[Container(4500).ListItemNoWrap(1).Director, / ]$INFO[Container(4500).ListItemNoWrap(2).Director, / ]$INFO[Container(4500).ListItemNoWrap(3).Director, / ]</label>
							<visible>String.IsEmpty(Window(Home).Property(SkinInfo.Set.Movies.Director)) + !String.IsEmpty(Container(4500).ListItem(0).Director)</visible>
						</control>
						<control type="label">
							<width>800</width>
							<height>45</height>
							<textcolor>grey</textcolor>
							<shadowcolor>ff8a795d</shadowcolor>
							<include>DefaultButtonsValues</include>
							<label>[COLOR $VAR[highlight]]$LOCALIZE[515]: [/COLOR]$VAR[MovieSetGenreVar]</label>
							<visible>!String.IsEmpty(Window(Home).Property(SkinInfo.Set.Movies.Genre)) | !String.IsEmpty(Container(4500).ListItem(0).Genre)</visible>
						</control>
						<control type="label">
							<width>1000</width>
							<height>45</height>
							<textcolor>grey</textcolor>
							<shadowcolor>ff8a795d</shadowcolor>
							<include>DefaultButtonsValues</include>
							<label>$INFO[Container(4500).ListItem(0).Year]$INFO[Container(4500).ListItem(-1).Year, - ]$INFO[Container(4500).NumItems, • , $LOCALIZE[342]]$INFO[ListItem.RatingAndVotes, • ]$INFO[Window(Home).Property(SkinInfo.Set.Movies.Runtime), • , $LOCALIZE[12391]]</label>
						</control>
					</control>
					
					<control type="grouplist">
						<visible>[Container.Content(tvshows) | Container.Content(seasons)] + !Skin.HasSetting(Disable.NextAired) + !String.IsEmpty(Container(9143).ListItem.Property(Status))</visible>
						
						<control type="label">
							<width>800</width>
							<height>45</height>
							<textcolor>grey</textcolor>
							<shadowcolor>ff8a795d</shadowcolor>
							<include>DefaultButtonsValues</include>
							<label>[COLOR $VAR[Home]]$LOCALIZE[126]: [/COLOR]$INFO[Container(9143).ListItem.Property(Status)]</label>
						</control>
						<control type="label">
							<width>800</width>
							<height>45</height>
							<textcolor>grey</textcolor>
							<shadowcolor>ff8a795d</shadowcolor>
							<include>DefaultButtonsValues</include>
							<label>$VAR[TMDbHelperNextAiredLabelVar]</label>
							<visible>!Skin.HasSetting(Disable.NextAired)</visible>
						</control>
						<control type="label">
							<width>800</width>
							<height>45</height>
							<textcolor>grey</textcolor>
							<shadowcolor>ff8a795d</shadowcolor>
							<include>DefaultButtonsValues</include>
							<label>[COLOR $VAR[Home]]$LOCALIZE[515]: [/COLOR]$INFO[ListItem.Genre]</label>
							<visible>!String.IsEmpty(ListItem.Genre)</visible>
						</control>
					</control>
					<control type="grouplist">
						<visible>[Container.Content(tvshows) | Container.Content(seasons)] + [Skin.HasSetting(Disable.NextAired) | String.IsEmpty(Container(9143).ListItem.Property(Status))]</visible>
						<control type="label">
							<width>800</width>
							<height>45</height>
							<textcolor>grey</textcolor>
							<shadowcolor>ff8a795d</shadowcolor>
							<font>regular</font>
							<include>DefaultButtonsValues</include>
							<label>$INFO[ListItem.Label]</label>
							<visible>Container.Content(seasons)</visible>
						</control>
						<control type="label">
							<width>800</width>
							<height>45</height>
							<textcolor>grey</textcolor>
							<shadowcolor>ff8a795d</shadowcolor>
							<include>DefaultButtonsValues</include>
							<label>[COLOR $VAR[Home]]$LOCALIZE[563]: [/COLOR]$INFO[ListItem.RatingAndVotes]</label>
							<visible>!String.IsEmpty(ListItem.RatingAndVotes)</visible>
						</control>
						<control type="label">
							<width>800</width>
							<height>45</height>
							<textcolor>grey</textcolor>
							<shadowcolor>ff8a795d</shadowcolor>
							<include>DefaultButtonsValues</include>
							<label>[COLOR $VAR[Home]]$LOCALIZE[31452]: [/COLOR]$INFO[ListItem.Premiered]</label>
							<visible>!String.IsEmpty(ListItem.Premiered)</visible>
						</control>
						<control type="label">
							<width>800</width>
							<height>45</height>
							<textcolor>grey</textcolor>
							<shadowcolor>ff8a795d</shadowcolor>
							<include>DefaultButtonsValues</include>
							<label>[COLOR $VAR[Home]]$LOCALIZE[515]: [/COLOR]$INFO[ListItem.Genre]</label>
							<visible>!String.IsEmpty(ListItem.Genre)</visible>
						</control>
					</control>
					<control type="grouplist">
						<visible>Container.Content(episodes)</visible>
						<control type="label">
							<width>800</width>
							<height>45</height>
							<textcolor>grey</textcolor>
							<shadowcolor>ff8a795d</shadowcolor>
							<label>[COLOR $VAR[Home]]$LOCALIZE[20359]: [/COLOR]$VAR[FloorLabelVar]</label>
							<include>DefaultButtonsValues</include>
						</control>
						<control type="label">
							<height>45</height>
							<width>650</width>
							<textcolor>grey</textcolor>
							<shadowcolor>ff8a795d</shadowcolor>
							<include>DefaultButtonsValues</include>
							<label>[COLOR $VAR[Home]]$LOCALIZE[2050]: [/COLOR]$INFO[ListItem.Duration(mins),, $LOCALIZE[12391]]</label>
							<visible>!String.IsEmpty(ListItem.Duration) + !Skin.HasSetting(Enable.HourMinuteDuration)</visible>
						</control>
						<control type="label">
							<height>45</height>
							<textcolor>grey</textcolor>
							<shadowcolor>ff8a795d</shadowcolor>
							<include>DefaultButtonsValues</include>
							<label>[COLOR $VAR[Home]]$LOCALIZE[126]: [/COLOR]$INFO[Container(9143).ListItem.Property(Status)]</label>
							<visible>!String.IsEmpty(Container(9143).ListItem.Property(Status))</visible>
						</control>
						<control type="label">
							<width>800</width>
							<height>45</height>
							<textcolor>grey</textcolor>
							<shadowcolor>ff8a795d</shadowcolor>
							<include>DefaultButtonsValues</include>
							<label>[COLOR $VAR[Home]]$LOCALIZE[31010]: [/COLOR]$INFO[Container(9143).ListItem.Property(Next_Aired.Season),S]$INFO[Container(9143).ListItem.Property(Next_Aired.Episode),E]$INFO[Container(9143).ListItem.Property(Next_Aired.Name)]$INFO[Container(9143).ListItem.Property(Next_Aired), (,)]</label>
							<visible>!String.IsEmpty(Container(9143).ListItem.Property(Next_Aired)) + !Skin.HasSetting(Disable.NextAired)</visible>
						</control>
						<control type="label">
							<width>800</width>
							<height>45</height>
							<textcolor>grey</textcolor>
							<shadowcolor>ff8a795d</shadowcolor>
							<include>DefaultButtonsValues</include>
							<label>[COLOR $VAR[Home]]$LOCALIZE[31011]: [/COLOR]$INFO[Container(9143).ListItem.Property(Last_Aired.Season),S]$INFO[Container(9143).ListItem.Property(Last_Aired.Episode),E,  -]$INFO[Container(9143).ListItem.Property(Last_Aired.Name)]$INFO[Container(9143).ListItem.Property(Last_Aired), (,)]</label>
							<visible>!String.IsEmpty(Container(9143).ListItem.Property(Last_Aired)) + String.IsEmpty(Container(9143).ListItem.Property(Next_Aired))</visible>
						</control>
						<control type="label">
							<height>45</height>
							<width>650</width>
							<textcolor>grey</textcolor>
							<shadowcolor>ff8a795d</shadowcolor>
							<include>DefaultButtonsValues</include>
							<label>$INFO[ListItem.Premiered,, • ]$INFO[ListItem.RatingAndVotes,, • ]$VAR[ItemDurationVar]</label>
						</control>
					</control>
					<control type="textbox">
						<left>15</left>
						<top>150</top>
						<width>800</width>
						<height>325</height>
						<font>textbox</font>
						<textcolor>grey</textcolor>
						<shadowcolor>ff8a795d</shadowcolor>
						<label>$INFO[ListItem.Tagline,,[CR]]$VAR[VideoPlotVar]</label>
						<autoscroll delay="3000" time="3000" repeat="4000">true</autoscroll>
					</control>
				</control>
				
	</include>
	
	<include name="LandscapeThumbCommonValues">
		<width>700</width>
		<height>410</height>
		<aspectratio scalediffuse="false" aligny="center">scale</aspectratio>
		<bordertexture border="20">thumbs/thumb_shadow_aa.png</bordertexture>
		<bordersize>20</bordersize>
	</include>
	<include name="WatchedOverlayLandscape">
		<left>617</left>
		<top>19</top>
		<width>65</width>
		<height>65</height>
		<aspectratio align="center" aligny="top">keep</aspectratio>
		<bordersize>1</bordersize>
		<visible>[!Skin.HasSetting(Disable.overlays) + Container.Content(movies)] | [!Skin.HasSetting(Disable.overlays) + Container.Content(sets)] | [!Skin.HasSetting(Disable.overlays) + Container.Content(tvshows)] | [!Skin.HasSetting(Disable.overlays) + Container.Content(episodes)]</visible>
	</include>
	<include name="LandscapeItem-3">
		<control type="image">
			<include>LandscapeThumbCommonValues</include>
			<texture background="true" diffuse="thumbs/thumb_mask.png">$VAR[LandscapeItem-3Var]</texture>
		</control>
		<control type="group">
			<left>42</left>
			<top>42</top>
			<include condition="Skin.HasSetting(Disable.UnwatchedIcon)">UnwatchedIcon-3</include>
		</control>
	</include>
	<include name="LandscapeItem-2">
		<control type="image">
			<include>LandscapeThumbCommonValues</include>
			<texture background="true" diffuse="thumbs/thumb_mask.png">$VAR[LandscapeItem-2Var]</texture>
		</control>
		<control type="group">
			<left>42</left>
			<top>42</top>
			<include condition="Skin.HasSetting(Disable.UnwatchedIcon)">UnwatchedIcon-2</include>
		</control>
	</include>
	<include name="LandscapeItem-1">
		<control type="image">
			<include>LandscapeThumbCommonValues</include>
			<texture background="true" diffuse="thumbs/thumb_mask.png">$VAR[LandscapeItem-1Var]</texture>
		</control>
		<control type="image">
			<include>WatchedOverlayLandscape</include>
			<texture>$VAR[IconOverlay-1Var]</texture>
		</control>
		<control type="group">
			<left>42</left>
			<top>42</top>
			<include condition="Skin.HasSetting(Disable.UnwatchedIcon)">UnwatchedIcon-1</include>
		</control>
	</include>
	<include name="LandscapeItem0">
		<control type="image">
			<include>LandscapeThumbCommonValues</include>
			<texture background="true" diffuse="thumbs/thumb_mask.png">$VAR[LandscapeItem0Var]</texture>
		</control>
		<control type="image">
			<include>WatchedOverlayLandscape</include>
			<texture>$VAR[IconOverlay0Var]</texture>
		</control>
		<control type="group">
			<left>42</left>
			<top>42</top>
			<include condition="Skin.HasSetting(Disable.UnwatchedIcon)">UnwatchedIcon</include>
		</control>
	</include>
	<include name="LandscapeItem1">
		<control type="image">
			<include>LandscapeThumbCommonValues</include>
			<texture background="true" diffuse="thumbs/thumb_mask.png">$VAR[LandscapeItem1Var]</texture>
		</control>
		<control type="image">
			<include>WatchedOverlayLandscape</include>
			<texture>$VAR[IconOverlay1Var]</texture>
		</control>
		<control type="group">
			<left>42</left>
			<top>42</top>
			<include condition="Skin.HasSetting(Disable.UnwatchedIcon)">UnwatchedIcon1</include>
		</control>
	</include>
	<include name="LandscapeItem2">
		<control type="image">
			<include>LandscapeThumbCommonValues</include>
			<texture background="true" diffuse="thumbs/thumb_mask.png">$VAR[LandscapeItem2Var]</texture>
		</control>
		<control type="image">
			<include>WatchedOverlayLandscape</include>
			<texture>$VAR[IconOverlay2Var]</texture>
		</control>
	</include>
	<include name="LandscapeItem3">
		<control type="image">
			<include>LandscapeThumbCommonValues</include>
			<texture background="true" diffuse="thumbs/thumb_mask.png">$VAR[LandscapeItem3Var]</texture>
		</control>
		<control type="image">
			<include>WatchedOverlayLandscape</include>
			<texture>$VAR[IconOverlay3Var]</texture>
		</control>
	</include>
	<include name="UnwatchedIcon-1">
		<control type="group">
			<visible>[Container.Content(tvshows) | Container.Content(seasons)] + Integer.IsGreater(ListItem(-1).Property(UnWatchedEpisodes),0)</visible>
			<include>UnwatchedIconCircle</include>
			<control type="label">
				<include>UnwatchedIconVars</include>
				<label>$INFO[ListItem(-1).Property(UnWatchedEpisodes)]</label>
			</control>
		</control>
	</include>
	<include name="UnwatchedIcon-2">
		<control type="group">
			<visible>[Container.Content(tvshows) | Container.Content(seasons)] + Integer.IsGreater(ListItem(-2).Property(UnWatchedEpisodes),0)</visible>
			<include>UnwatchedIconCircle</include>
			<control type="label">
				<include>UnwatchedIconVars</include>
				<label>$INFO[ListItem(-2).Property(UnWatchedEpisodes)]</label>
			</control>
		</control>
	</include>
	<include name="UnwatchedIcon-3">
		<control type="group">
			<visible>[Container.Content(tvshows) | Container.Content(seasons)] + Integer.IsGreater(ListItem(-3).Property(UnWatchedEpisodes),0)</visible>
			<include>UnwatchedIconCircle</include>
			<control type="label">
				<include>UnwatchedIconVars</include>
				<label>$INFO[ListItem(-3).Property(UnWatchedEpisodes)]</label>
			</control>
		</control>
	</include>
	<variable name="LandscapeItem-3Var">
		<value condition="!String.IsEmpty(ListItem(-3).Art(landscape))">$INFO[ListItem(-3).Art(landscape)]</value>
		<value condition="!String.IsEmpty(Container(52).ListItem(-3).Art(fanart)) + ![Container.Content(episodes) | Container.Content(seasons)]">$INFO[Container(52).ListItem(-3).Art(fanart)]</value>
		<value condition="Container.Content(episodes) + String.IsEqual(ListItem(-3).Overlay,OverlayUnwatched.png) + String.IsEqual(ListItem(-3).Icon,OverlaySpoiler.png) + !String.IsEmpty(ListItem(-3).Art(tvshow.landscape))">$INFO[ListItem(-3).Art(tvshow.landscape)]</value>
		<value condition="Container.Content(episodes) + String.IsEqual(ListItem(-3).Overlay,OverlayUnwatched.png) + String.IsEqual(ListItem(-3).Icon,OverlaySpoiler.png) + !String.IsEmpty(ListItem(-3).Art(fanart))">$INFO[ListItem(-3).Art(fanart)]</value>
		<value>$INFO[ListItem(-3).Icon]</value>
	</variable>
	<variable name="LandscapeItem-2Var">
		<value condition="!String.IsEmpty(ListItem(-2).Art(landscape))">$INFO[ListItem(-2).Art(landscape)]</value>
		<value condition="!String.IsEmpty(Container(52).ListItem(-2).Art(fanart)) + ![Container.Content(episodes) | Container.Content(seasons)]">$INFO[Container(52).ListItem(-2).Art(fanart)]</value>
		<value condition="Container.Content(episodes) + String.IsEqual(ListItem(-2).Overlay,OverlayUnwatched.png) + String.IsEqual(ListItem(-2).Icon,OverlaySpoiler.png) + !String.IsEmpty(ListItem(-2).Art(tvshow.landscape))">$INFO[ListItem(-2).Art(tvshow.landscape)]</value>
		<value condition="Container.Content(episodes) + String.IsEqual(ListItem(-2).Overlay,OverlayUnwatched.png) + String.IsEqual(ListItem(-2).Icon,OverlaySpoiler.png) + !String.IsEmpty(ListItem(-2).Art(fanart))">$INFO[ListItem(-2).Art(fanart)]</value>
		<value>$INFO[ListItem(-2).Icon]</value>
	</variable>
	<variable name="LandscapeItem-1Var">
		<value condition="!String.IsEmpty(ListItem(-1).Art(landscape))">$INFO[ListItem(-1).Art(landscape)]</value>
		<value condition="!String.IsEmpty(Container(52).ListItem(-1).Art(fanart)) + ![Container.Content(episodes) | Container.Content(seasons)]">$INFO[Container(52).ListItem(-1).Art(fanart)]</value>
		<value condition="Container.Content(episodes) + String.IsEqual(ListItem(-1).Overlay,OverlayUnwatched.png) + String.IsEqual(ListItem(-1).Icon,OverlaySpoiler.png) + !String.IsEmpty(ListItem(-1).Art(tvshow.landscape))">$INFO[ListItem(-1).Art(tvshow.landscape)]</value>
		<value condition="Container.Content(episodes) + String.IsEqual(ListItem(-1).Overlay,OverlayUnwatched.png) + String.IsEqual(ListItem(-1).Icon,OverlaySpoiler.png) + !String.IsEmpty(ListItem(-1).Art(fanart))">$INFO[ListItem(-1).Art(fanart)]</value>
		<value>$INFO[ListItem(-1).Icon]</value>
	</variable>
	<variable name="LandscapeItem0Var">
		<value condition="!String.IsEmpty(ListItem.Art(landscape))">$INFO[ListItem.Art(landscape)]</value>
		<value condition="!String.IsEmpty(Container(52).ListItem.Art(fanart)) + ![Container.Content(episodes) | Container.Content(seasons)]">$INFO[Container(52).ListItem.Art(fanart)]</value>
		<value>$VAR[NoSpoilerIconVar]</value>
	</variable>
	<variable name="LandscapeItem1Var">
		<value condition="!String.IsEmpty(ListItem(1).Art(landscape))">$INFO[ListItem(1).Art(landscape)]</value>
		<value condition="!String.IsEmpty(Container(52).ListItem(1).Art(fanart)) + ![Container.Content(episodes) | Container.Content(seasons)]">$INFO[Container(52).ListItem(1).Art(fanart)]</value>
		<value condition="Container.Content(episodes) + String.IsEqual(ListItem(1).Overlay,OverlayUnwatched.png) + String.IsEqual(ListItem(1).Icon,OverlaySpoiler.png) + !String.IsEmpty(ListItem(1).Art(tvshow.landscape))">$INFO[ListItem(1).Art(tvshow.landscape)]</value>
		<value condition="Container.Content(episodes) + String.IsEqual(ListItem(1).Overlay,OverlayUnwatched.png) + String.IsEqual(ListItem(1).Icon,OverlaySpoiler.png) + !String.IsEmpty(ListItem(1).Art(fanart))">$INFO[ListItem(1).Art(fanart)]</value>
		<value>$INFO[ListItem(1).Icon]</value>
	</variable>
	<variable name="LandscapeItem2Var">
		<value condition="!String.IsEmpty(ListItem(2).Art(landscape))">$INFO[ListItem(2).Art(landscape)]</value>
		<value condition="!String.IsEmpty(Container(52).ListItem(2).Art(fanart)) + ![Container.Content(episodes) | Container.Content(seasons)]">$INFO[Container(52).ListItem(2).Art(fanart)]</value>
		<value condition="Container.Content(episodes) + String.IsEqual(ListItem(2).Overlay,OverlayUnwatched.png) + String.IsEqual(ListItem(2).Icon,OverlaySpoiler.png) + !String.IsEmpty(ListItem(2).Art(tvshow.landscape))">$INFO[ListItem(2).Art(tvshow.landscape)]</value>
		<value condition="Container.Content(episodes) + String.IsEqual(ListItem(2).Overlay,OverlayUnwatched.png) + String.IsEqual(ListItem(2).Icon,OverlaySpoiler.png) + !String.IsEmpty(ListItem(2).Art(fanart))">$INFO[ListItem(2).Art(fanart)]</value>
		<value>$INFO[ListItem(2).Icon]</value>
	</variable>
	<variable name="LandscapeItem3Var">
		<value condition="!String.IsEmpty(ListItem(3).Art(landscape))">$INFO[ListItem(3).Art(landscape)]</value>
		<value condition="!String.IsEmpty(Container(52).ListItem(3).Art(fanart)) + ![Container.Content(episodes) | Container.Content(seasons)]">$INFO[Container(52).ListItem(3).Art(fanart)]</value>
		<value condition="Container.Content(episodes) + String.IsEqual(ListItem(3).Overlay,OverlayUnwatched.png) + String.IsEqual(ListItem(3).Icon,OverlaySpoiler.png) + !String.IsEmpty(ListItem(3).Art(tvshow.landscape))">$INFO[ListItem(3).Art(tvshow.landscape)]</value>
		<value condition="Container.Content(episodes) + String.IsEqual(ListItem(3).Overlay,OverlayUnwatched.png) + String.IsEqual(ListItem(3).Icon,OverlaySpoiler.png) + !String.IsEmpty(ListItem(3).Art(fanart))">$INFO[ListItem(3).Art(fanart)]</value>
		<value>$INFO[ListItem(3).Icon]</value>
	</variable>
	
			
</includes>