<?xml version="1.0" encoding="UTF-8"?>
<window>
    <defaultcontrol always="true">11</defaultcontrol>
    <controls>
        <control type="group">
            <posx>col-19-begin</posx>
            <include condition="!window.isactive(Notification)">progressPosition1</include>
            <include condition="window.isactive(Notification)">progressPosition2</include>
            <!--animations-->
            <animation type="Windowclose">
                <effect type="fade" start="100" end="0" time="400" tween="sine"/>
            </animation>
            <control type="group">
                <!--animations-->
                <animation type="Windowopen">
                    <effect type="slide" start="1000,0" end="0,0" time="400" tween="sine"/>
                </animation>
                <control type="image">
                    <posx>0</posx>
                    <posy>0</posy>
                    <width>8-col</width>
                    <height>3-row</height>
                    <texture colordiffuse="$VAR[selected_box]">masks/discsurface.png</texture>
                    <colordiffuse>FFFFFFFF</colordiffuse>
                    <bordertexture colordiffuse="$VAR[highlight]">masks/discsurface.png</bordertexture>
                    <bordersize>6,0,0,0</bordersize>
                </control>
            </control>
            <control type="label" id="10">
                <description>heading</description>
                <posx>24</posx>
                <posy>0</posy>
                <font>itemSubTitle</font>
                <width>468</width>
                <height>60</height>
                <aligny>center</aligny>
                <label></label>
                <textcolor>black</textcolor>
                <shadowcolor></shadowcolor>
                <!--animations-->
                <animation type="Windowopen">
                    <effect type="fade" start="0" end="100" delay="400" time="400" tween="sine"/>
                </animation>
            </control>
            <control type="label" id="12">
                <description>message</description>
                <posx>24</posx>
                <posy>1-row</posy>
                <font>dialogTitle</font>
                <textcolor>black</textcolor>
                <width>468</width>
                <height>2-row</height>
                <aligny>center</aligny>
                <label></label>
                <scroll>true</scroll>
                <scrollspeed>100</scrollspeed>
                <!--animations-->
                <animation type="Windowopen">
                    <effect type="fade" start="0" end="100" delay="600" time="400" tween="sine"/>
                </animation>
            </control>
            <control type="slider" id="11">
                <visible>true</visible>
                <description>Slider</description>
            </control>
        </control>
        <!--debugging-->
        <include>DebugGrid</include>
        <control type="label">
            <posy>130</posy>
            <include>DialogID</include>
            <label>DialogSlider.xml</label>
        </control>
    </controls>
</window>
