<?xml version="1.0" encoding="UTF-8"?>
<window>
    <defaultcontrol always="true">11</defaultcontrol>
    <controls>
        <!--Backbutton touchscreen-->
        <include>Backbutton</include>
        <control type="group">
        <posx>0</posx>
        <posy>row-14-begin</posy>
            <!--background-->
            <control type="image">
                <posx>0</posx>
                <posy>-36</posy>
                <width>fullscreenWidth</width>
                <height>17-row</height>
                <texture>colors/black.png</texture>
                <colordiffuse>ddffffff</colordiffuse>
            </control>
            <!--headers-->
            <control type="group">
                <posx>col-1-begin</posx>
                <posy></posy>
                <control type="label" id="1">
                    <description>header label</description>
                    <posx>0</posx>
                    <posy>-18</posy>
                    <width>24-col</width>
                    <height>1-row</height>
                    <align>center</align>
                    <font>itemTitle</font>
                    <textcolor>textActive</textcolor>
                </control>
                <control type="label" id="4">
                    <description>Edit Text</description>
                    <posx>8-col</posx>
                    <posy>1-row</posy>
                    <width>8-col</width>
                    <align>center</align>
                    <height>2-row</height>
                    <font>mediumStrong</font>
                </control>
            </control>
            <!--keyboard-->
            <control type="group">
                <posx>col-10-begin</posx>
                <posy>4-row</posy>
                <!--row 1-->
                <control type="button" id="11">
                    <description>1 button</description>
                    <label>12311</label>
                    <posx>0</posx>
                    <posy>0</posy>
                    <width>1-col</width>
                    <height>1-col</height>
                    <align>center</align>
                    <onleft>23</onleft>
                    <onright>12</onright>
                    <onup>20</onup>
                    <ondown>14</ondown>
                    <texturenofocus colordiffuse="keyboardInactive">background-shelfbackdrop.png</texturenofocus>
                    <texturefocus colordiffuse="$VAR[highlight]">background-shelfbackdrop.png</texturefocus>
                    <focusedcolor>$VAR[Home]</focusedcolor>
                    <textcolor>textActive</textcolor>
                    <visible>!Skin.HasSetting(Touch)</visible>
                </control>
                <control type="button" id="12">
                    <description>2 button</description>
                    <label>12312</label>
                    <posx>78</posx>
                    <posy>0</posy>
                    <width>1-col</width>
                    <height>1-col</height>
                    <align>center</align>
                    <onleft>11</onleft>
                    <onright>13</onright>
                    <onup>10</onup>
                    <ondown>15</ondown>
                    <texturenofocus colordiffuse="keyboardInactive">background-shelfbackdrop.png</texturenofocus>
                    <texturefocus colordiffuse="$VAR[highlight]">background-shelfbackdrop.png</texturefocus>
                    <focusedcolor>$VAR[Home]</focusedcolor>
                    <textcolor>textActive</textcolor>
                    <visible>!Skin.HasSetting(Touch)</visible>
                </control>
                <control type="button" id="13">
                    <description>3 button</description>
                    <label>12313</label>
                    <posx>156</posx>
                    <posy>0</posy>
                    <width>1-col</width>
                    <height>1-col</height>
                    <align>center</align>
                    <onleft>12</onleft>
                    <onright>23</onright>
                    <onup>22</onup>
                    <ondown>16</ondown>
                    <texturenofocus colordiffuse="keyboardInactive">background-shelfbackdrop.png</texturenofocus>
                    <texturefocus colordiffuse="$VAR[highlight]">background-shelfbackdrop.png</texturefocus>
                    <focusedcolor>$VAR[Home]</focusedcolor>
                    <textcolor>textActive</textcolor>
                    <visible>!Skin.HasSetting(Touch)</visible>
                </control>
                <control type="button" id="23">
                    <description>Backspace button</description>
                    <label>20181</label>
                    <posx>234</posx>
                    <posy>0</posy>
                    <width>3-col</width>
                    <height>1-col</height>
                    <align>center</align>
                    <textwidth>180</textwidth>
                    <onleft>13</onleft>
                    <onright>11</onright>
                    <onup>24</onup>
                    <ondown>21</ondown>
                    <texturenofocus colordiffuse="keyboardInactive">background-shelfbackdrop.png</texturenofocus>
                    <texturefocus colordiffuse="$VAR[highlight]">background-shelfbackdrop.png</texturefocus>
                    <focusedcolor>$VAR[Home]</focusedcolor>
                    <textcolor>textActive</textcolor>
                    <font>buttonTitle</font>
                    <visible>!Skin.HasSetting(Touch)</visible>
                </control>
                <!--row 2-->
                <control type="button" id="14">
                    <description>4 button</description>
                    <label>12314</label>
                    <posx>0</posx>
                    <posy>78</posy>
                    <width>1-col</width>
                    <height>1-col</height>
                    <align>center</align>
                    <onleft>21</onleft>
                    <onright>15</onright>
                    <onup>11</onup>
                    <ondown>17</ondown>
                    <texturenofocus colordiffuse="keyboardInactive">background-shelfbackdrop.png</texturenofocus>
                    <texturefocus colordiffuse="$VAR[highlight]">background-shelfbackdrop.png</texturefocus>
                    <focusedcolor>$VAR[Home]</focusedcolor>
                    <textcolor>textActive</textcolor>
                    <visible>!Skin.HasSetting(Touch)</visible>
                </control>
                <control type="button" id="15">
                    <description>5 button</description>
                    <label>12315</label>
                    <posx>78</posx>
                    <posy>78</posy>
                    <width>1-col</width>
                    <height>1-col</height>
                    <align>center</align>
                    <onleft>14</onleft>
                    <onright>16</onright>
                    <onup>12</onup>
                    <ondown>18</ondown>
                    <texturenofocus colordiffuse="keyboardInactive">background-shelfbackdrop.png</texturenofocus>
                    <texturefocus colordiffuse="$VAR[highlight]">background-shelfbackdrop.png</texturefocus>
                    <focusedcolor>$VAR[Home]</focusedcolor>
                    <textcolor>textActive</textcolor>
                    <visible>!Skin.HasSetting(Touch)</visible>
                </control>
                <control type="button" id="16">
                    <description>6 button</description>
                    <label>12316</label>
                    <posx>156</posx>
                    <posy>78</posy>
                    <width>1-col</width>
                    <height>1-col</height>
                    <align>center</align>
                    <onleft>15</onleft>
                    <onright>21</onright>
                    <onup>13</onup>
                    <ondown>19</ondown>
                    <texturenofocus colordiffuse="keyboardInactive">background-shelfbackdrop.png</texturenofocus>
                    <texturefocus colordiffuse="$VAR[highlight]">background-shelfbackdrop.png</texturefocus>
                    <focusedcolor>$VAR[Home]</focusedcolor>
                    <textcolor>textActive</textcolor>
                    <visible>!Skin.HasSetting(Touch)</visible>
                </control>
                <control type="button" id="21">
                    <description>Done button</description>
                    <label>20177</label>
                    <posx>234</posx>
                    <posy>78</posy>
                    <width>3-col</width>
                    <height>1-col</height>
                    <align>center</align>
                    <textwidth>180</textwidth>
                    <onleft>16</onleft>
                    <onright>14</onright>
                    <onup>23</onup>
                    <ondown>24</ondown>
                    <texturenofocus colordiffuse="keyboardInactive">background-shelfbackdrop.png</texturenofocus>
                    <texturefocus colordiffuse="$VAR[highlight]">background-shelfbackdrop.png</texturefocus>
                    <focusedcolor>$VAR[Home]</focusedcolor>
                    <textcolor>textActive</textcolor>
                    <font>buttonTitle</font>
                    <visible>!Skin.HasSetting(Touch)</visible>
                </control>
                <!--row 3-->
                <control type="button" id="17">
                    <description>7 button</description>
                    <label>12317</label>
                    <posx>0</posx>
                    <posy>156</posy>
                    <width>1-col</width>
                    <height>1-col</height>
                    <align>center</align>
                    <onleft>24</onleft>
                    <onright>18</onright>
                    <onup>14</onup>
                    <ondown>20</ondown>
                    <texturenofocus colordiffuse="keyboardInactive">background-shelfbackdrop.png</texturenofocus>
                    <texturefocus colordiffuse="$VAR[highlight]">background-shelfbackdrop.png</texturefocus>
                    <focusedcolor>$VAR[Home]</focusedcolor>
                    <textcolor>textActive</textcolor>
                    <visible>!Skin.HasSetting(Touch)</visible>
                </control>
                <control type="button" id="18">
                    <description>8 button</description>
                    <label>12318</label>
                    <posx>78</posx>
                    <posy>156</posy>
                    <width>1-col</width>
                    <height>1-col</height>
                    <align>center</align>
                    <onleft>17</onleft>
                    <onright>19</onright>
                    <onup>15</onup>
                    <ondown>10</ondown>
                    <texturenofocus colordiffuse="keyboardInactive">background-shelfbackdrop.png</texturenofocus>
                    <texturefocus colordiffuse="$VAR[highlight]">background-shelfbackdrop.png</texturefocus>
                    <focusedcolor>$VAR[Home]</focusedcolor>
                    <textcolor>textActive</textcolor>
                    <visible>!Skin.HasSetting(Touch)</visible>
                </control>
                <control type="button" id="19">
                    <description>9 button</description>
                    <label>12319</label>
                    <posx>156</posx>
                    <posy>156</posy>
                    <width>1-col</width>
                    <height>1-col</height>
                    <align>center</align>
                    <onleft>18</onleft>
                    <onright>24</onright>
                    <onup>16</onup>
                    <ondown>22</ondown>
                    <texturenofocus colordiffuse="keyboardInactive">background-shelfbackdrop.png</texturenofocus>
                    <texturefocus colordiffuse="$VAR[highlight]">background-shelfbackdrop.png</texturefocus>
                    <focusedcolor>$VAR[Home]</focusedcolor>
                    <textcolor>textActive</textcolor>
                    <visible>!Skin.HasSetting(Touch)</visible>
                </control>
                <control type="button" id="24">
                    <description>Cancel button</description>
                    <label>222</label>
                    <posx>234</posx>
                    <posy>156</posy>
                    <width>3-col</width>
                    <height>1-col</height>
                    <align>center</align>
                    <onleft>19</onleft>
                    <onright>17</onright>
                    <onup>21</onup>
                    <ondown>23</ondown>
                    <texturenofocus colordiffuse="keyboardInactive">background-shelfbackdrop.png</texturenofocus>
                    <texturefocus colordiffuse="$VAR[highlight]">background-shelfbackdrop.png</texturefocus>
                    <focusedcolor>$VAR[Home]</focusedcolor>
                    <textcolor>textActive</textcolor>
                    <onclick>action(close)</onclick>
                    <visible>!Skin.HasSetting(Touch)</visible>
                </control>
                <!--row 4-->
                <control type="button" id="20">
                    <description>prev button</description>
                    <label>&lt;</label>
                    <posx>0</posx>
                    <posy>234</posy>
                    <width>1-col</width>
                    <height>1-col</height>
                    <align>center</align>
                    <onleft>22</onleft>
                    <onright>10</onright>
                    <onup>17</onup>
                    <ondown>11</ondown>
                    <texturenofocus colordiffuse="keyboardInactive">background-shelfbackdrop.png</texturenofocus>
                    <texturefocus colordiffuse="$VAR[highlight]">background-shelfbackdrop.png</texturefocus>
                    <focusedcolor>$VAR[Home]</focusedcolor>
                    <textcolor>textActive</textcolor>
                    <visible>!Skin.HasSetting(Touch)</visible>
                </control>
                <control type="button" id="10">
                    <description>0 button</description>
                    <label>12310</label>
                    <posx>78</posx>
                    <posy>234</posy>
                    <width>1-col</width>
                    <height>1-col</height>
                    <align>center</align>
                    <onleft>20</onleft>
                    <onright>22</onright>
                    <onup>18</onup>
                    <ondown>12</ondown>
                    <texturenofocus colordiffuse="keyboardInactive">background-shelfbackdrop.png</texturenofocus>
                    <texturefocus colordiffuse="$VAR[highlight]">background-shelfbackdrop.png</texturefocus>
                    <focusedcolor>$VAR[Home]</focusedcolor>
                    <textcolor>textActive</textcolor>
                    <visible>!Skin.HasSetting(Touch)</visible>
                </control>
                <control type="button" id="22">
                    <description>next button</description>
                    <label>&gt;</label>
                    <posx>156</posx>
                    <posy>234</posy>
                    <width>1-col</width>
                    <height>1-col</height>
                    <align>center</align>
                    <onleft>10</onleft>
                    <onright>20</onright>
                    <onup>19</onup>
                    <ondown>13</ondown>
                    <texturenofocus colordiffuse="keyboardInactive">background-shelfbackdrop.png</texturenofocus>
                    <texturefocus colordiffuse="$VAR[highlight]">background-shelfbackdrop.png</texturefocus>
                    <focusedcolor>$VAR[Home]</focusedcolor>
                    <textcolor>textActive</textcolor>
                    <visible>!Skin.HasSetting(Touch)</visible>
                </control>
            </control>
            <control type="group">
                <posx>col-10-begin</posx>
                <posy>4-row</posy>
                <!--row 1-->
                <control type="button" id="11">
                    <description>1 button</description>
                    <label>12311</label>
                    <posx>-35</posx>
                    <posy>-40</posy>
                    <width>100</width>
                    <height>100</height>
                    <align>center</align>
                    <onleft>23</onleft>
                    <onright>12</onright>
                    <onup>20</onup>
                    <ondown>14</ondown>
                    <texturenofocus colordiffuse="keyboardInactive">background-shelfbackdrop.png</texturenofocus>
                    <texturefocus colordiffuse="$VAR[highlight]">background-shelfbackdrop.png</texturefocus>
                    <focusedcolor>$VAR[Home]</focusedcolor>
                    <textcolor>textActive</textcolor>
                    <visible>Skin.HasSetting(Touch)</visible>
                </control>
                <control type="button" id="12">
                    <description>2 button</description>
                    <label>12312</label>
                    <posx>70</posx>
                    <posy>-40</posy>
                    <width>100</width>
                    <height>100</height>
                    <align>center</align>
                    <onleft>11</onleft>
                    <onright>13</onright>
                    <onup>10</onup>
                    <ondown>15</ondown>
                    <texturenofocus colordiffuse="keyboardInactive">background-shelfbackdrop.png</texturenofocus>
                    <texturefocus colordiffuse="$VAR[highlight]">background-shelfbackdrop.png</texturefocus>
                    <focusedcolor>$VAR[Home]</focusedcolor>
                    <textcolor>textActive</textcolor>
                    <visible>Skin.HasSetting(Touch)</visible>
                </control>
                <control type="button" id="13">
                    <description>3 button</description>
                    <label>12313</label>
                    <posx>175</posx>
                    <posy>-40</posy>
                    <width>100</width>
                    <height>100</height>
                    <align>center</align>
                    <onleft>12</onleft>
                    <onright>23</onright>
                    <onup>22</onup>
                    <ondown>16</ondown>
                    <texturenofocus colordiffuse="keyboardInactive">background-shelfbackdrop.png</texturenofocus>
                    <texturefocus colordiffuse="$VAR[highlight]">background-shelfbackdrop.png</texturefocus>
                    <focusedcolor>$VAR[Home]</focusedcolor>
                    <textcolor>textActive</textcolor>
                    <visible>Skin.HasSetting(Touch)</visible>
                </control>
                <control type="button" id="23">
                    <description>Backspace button</description>
                    <label>20181</label>
                    <posx>280</posx>
                    <posy>-40</posy>
                    <width>6-col</width>
                    <height>100</height>
                    <align>center</align>
                    <textwidth>180</textwidth>
                    <onleft>13</onleft>
                    <onright>11</onright>
                    <onup>24</onup>
                    <ondown>21</ondown>
                    <texturenofocus colordiffuse="keyboardInactive">background-shelfbackdrop.png</texturenofocus>
                    <texturefocus colordiffuse="$VAR[highlight]">background-shelfbackdrop.png</texturefocus>
                    <focusedcolor>$VAR[Home]</focusedcolor>
                    <textcolor>textActive</textcolor>
                    <font>buttonTitle</font>
                    <visible>Skin.HasSetting(Touch)</visible>
                </control>
                <!--row 2-->
                <control type="button" id="14">
                    <description>4 button</description>
                    <label>12314</label>
                    <posx>-35</posx>
                    <posy>65</posy>
                    <width>100</width>
                    <height>100</height>
                    <align>center</align>
                    <onleft>21</onleft>
                    <onright>15</onright>
                    <onup>11</onup>
                    <ondown>17</ondown>
                    <texturenofocus colordiffuse="keyboardInactive">background-shelfbackdrop.png</texturenofocus>
                    <texturefocus colordiffuse="$VAR[highlight]">background-shelfbackdrop.png</texturefocus>
                    <focusedcolor>$VAR[Home]</focusedcolor>
                    <textcolor>textActive</textcolor>
                    <visible>Skin.HasSetting(Touch)</visible>
                </control>
                <control type="button" id="15">
                    <description>5 button</description>
                    <label>12315</label>
                    <posx>70</posx>
                    <posy>65</posy>
                    <width>100</width>
                    <height>100</height>
                    <align>center</align>
                    <onleft>14</onleft>
                    <onright>16</onright>
                    <onup>12</onup>
                    <ondown>18</ondown>
                    <texturenofocus colordiffuse="keyboardInactive">background-shelfbackdrop.png</texturenofocus>
                    <texturefocus colordiffuse="$VAR[highlight]">background-shelfbackdrop.png</texturefocus>
                    <focusedcolor>$VAR[Home]</focusedcolor>
                    <textcolor>textActive</textcolor>
                    <visible>Skin.HasSetting(Touch)</visible>
                </control>
                <control type="button" id="16">
                    <description>6 button</description>
                    <label>12316</label>
                    <posx>175</posx>
                    <posy>65</posy>
                    <width>100</width>
                    <height>100</height>
                    <align>center</align>
                    <onleft>15</onleft>
                    <onright>21</onright>
                    <onup>13</onup>
                    <ondown>19</ondown>
                    <texturenofocus colordiffuse="keyboardInactive">background-shelfbackdrop.png</texturenofocus>
                    <texturefocus colordiffuse="$VAR[highlight]">background-shelfbackdrop.png</texturefocus>
                    <focusedcolor>$VAR[Home]</focusedcolor>
                    <textcolor>textActive</textcolor>
                    <visible>Skin.HasSetting(Touch)</visible>
                </control>
                <control type="button" id="21">
                    <description>Done button</description>
                    <label>20177</label>
                    <posx>280</posx>
                    <posy>65</posy>
                    <width>6-col</width>
                    <height>100</height>
                    <align>center</align>
                    <textwidth>180</textwidth>
                    <onleft>16</onleft>
                    <onright>14</onright>
                    <onup>23</onup>
                    <ondown>24</ondown>
                    <texturenofocus colordiffuse="keyboardInactive">background-shelfbackdrop.png</texturenofocus>
                    <texturefocus colordiffuse="$VAR[highlight]">background-shelfbackdrop.png</texturefocus>
                    <focusedcolor>$VAR[Home]</focusedcolor>
                    <textcolor>textActive</textcolor>
                    <font>buttonTitle</font>
                    <visible>Skin.HasSetting(Touch)</visible>
                </control>
                <!--row 3-->
                <control type="button" id="17">
                    <description>7 button</description>
                    <label>12317</label>
                    <posx>-35</posx>
                    <posy>171</posy>
                    <width>100</width>
                    <height>100</height>
                    <align>center</align>
                    <onleft>24</onleft>
                    <onright>18</onright>
                    <onup>14</onup>
                    <ondown>20</ondown>
                    <texturenofocus colordiffuse="keyboardInactive">background-shelfbackdrop.png</texturenofocus>
                    <texturefocus colordiffuse="$VAR[highlight]">background-shelfbackdrop.png</texturefocus>
                    <focusedcolor>$VAR[Home]</focusedcolor>
                    <textcolor>textActive</textcolor>
                    <visible>Skin.HasSetting(Touch)</visible>
                </control>
                <control type="button" id="18">
                    <description>8 button</description>
                    <label>12318</label>
                    <posx>70</posx>
                    <posy>171</posy>
                    <width>100</width>
                    <height>100</height>
                    <align>center</align>
                    <onleft>17</onleft>
                    <onright>19</onright>
                    <onup>15</onup>
                    <ondown>10</ondown>
                    <texturenofocus colordiffuse="keyboardInactive">background-shelfbackdrop.png</texturenofocus>
                    <texturefocus colordiffuse="$VAR[highlight]">background-shelfbackdrop.png</texturefocus>
                    <focusedcolor>$VAR[Home]</focusedcolor>
                    <textcolor>textActive</textcolor>
                    <visible>Skin.HasSetting(Touch)</visible>
                </control>
                <control type="button" id="19">
                    <description>9 button</description>
                    <label>12319</label>
                    <posx>175</posx>
                    <posy>171</posy>
                    <width>100</width>
                    <height>100</height>
                    <align>center</align>
                    <onleft>18</onleft>
                    <onright>24</onright>
                    <onup>16</onup>
                    <ondown>22</ondown>
                    <texturenofocus colordiffuse="keyboardInactive">background-shelfbackdrop.png</texturenofocus>
                    <texturefocus colordiffuse="$VAR[highlight]">background-shelfbackdrop.png</texturefocus>
                    <focusedcolor>$VAR[Home]</focusedcolor>
                    <textcolor>textActive</textcolor>
                    <visible>Skin.HasSetting(Touch)</visible>
                </control>
                <control type="button" id="24">
                    <description>Cancel button</description>
                    <label>222</label>
                    <posx>280</posx>
                    <posy>171</posy>
                    <width>6-col</width>
                    <height>100</height>
                    <align>center</align>
                    <onleft>19</onleft>
                    <onright>17</onright>
                    <onup>21</onup>
                    <ondown>23</ondown>
                    <texturenofocus colordiffuse="keyboardInactive">background-shelfbackdrop.png</texturenofocus>
                    <texturefocus colordiffuse="$VAR[highlight]">background-shelfbackdrop.png</texturefocus>
                    <focusedcolor>$VAR[Home]</focusedcolor>
                    <textcolor>textActive</textcolor>
                    <onclick>action(close)</onclick>
                    <visible>Skin.HasSetting(Touch)</visible>
                </control>
                <!--row 4-->
                <control type="button" id="20">
                    <description>prev button</description>
                    <label>&lt;</label>
                    <posx>-35</posx>
                    <posy>276</posy>
                    <width>100</width>
                    <height>100</height>
                    <align>center</align>
                    <onleft>22</onleft>
                    <onright>10</onright>
                    <onup>17</onup>
                    <ondown>11</ondown>
                    <texturenofocus colordiffuse="keyboardInactive">background-shelfbackdrop.png</texturenofocus>
                    <texturefocus colordiffuse="$VAR[highlight]">background-shelfbackdrop.png</texturefocus>
                    <focusedcolor>$VAR[Home]</focusedcolor>
                    <textcolor>textActive</textcolor>
                    <visible>Skin.HasSetting(Touch)</visible>
                </control>
                <control type="button" id="10">
                    <description>0 button</description>
                    <label>12310</label>
                    <posx>70</posx>
                    <posy>276</posy>
                    <width>100</width>
                    <height>100</height>
                    <align>center</align>
                    <onleft>20</onleft>
                    <onright>22</onright>
                    <onup>18</onup>
                    <ondown>12</ondown>
                    <texturenofocus colordiffuse="keyboardInactive">background-shelfbackdrop.png</texturenofocus>
                    <texturefocus colordiffuse="$VAR[highlight]">background-shelfbackdrop.png</texturefocus>
                    <focusedcolor>$VAR[Home]</focusedcolor>
                    <textcolor>textActive</textcolor>
                    <visible>Skin.HasSetting(Touch)</visible>
                </control>
                <control type="button" id="22">
                    <description>next button</description>
                    <label>&gt;</label>
                    <posx>175</posx>
                    <posy>276</posy>
                    <width>100</width>
                    <height>100</height>
                    <align>center</align>
                    <onleft>10</onleft>
                    <onright>20</onright>
                    <onup>19</onup>
                    <ondown>13</ondown>
                    <texturenofocus colordiffuse="keyboardInactive">background-shelfbackdrop.png</texturenofocus>
                    <texturefocus colordiffuse="$VAR[highlight]">background-shelfbackdrop.png</texturefocus>
                    <focusedcolor>$VAR[Home]</focusedcolor>
                    <textcolor>textActive</textcolor>
                    <visible>Skin.HasSetting(Touch)</visible>
                </control>
            </control>
        </control>
        <!--debugging-->
        <include>DebugGrid</include>
        <control type="label">
            <include>DialogID</include>
            <label>DialogNumeric.xml</label>
        </control>
    </controls>
</window>
