<?xml version="1.0" encoding="UTF-8" standalone="yes"?>
<addon id="repository.blatorone" name="Blatorone Repository" provider-name="blatorone" version="1.0.2">
	    <extension point="xbmc.addon.repository" name="Blatorone repo">
            <dir>
                <info compressed="false">https://blatorone.github.io/blatorone/repo/addons.xml</info>
                <checksum>https://blatorone.github.io/blatorone/repo/addons.xml.md5</checksum>
                <datadir zip="true">https://blatorone.github.io/blatorone/repo/</datadir>
            </dir>
        </extension>
        <extension point="xbmc.addon.metadata">
            <summary>Kodi</summary>
            <description lang="de">Addons von blatorone</description>
            <disclaimer></disclaimer>
            <platform>all</platform>
            <assets>
			    <icon>icon.png</icon>
		    </assets>
        </extension>
</addon>