<?xml version="1.0" encoding="UTF-8"?>
<colors>
    <color name="black">ff111111</color>
    <color name="background">ff1a1a1a</color>
    <color name="highlight">ff00868B</color>
    <color name="highlight_Shadow">7700868B</color>
	<color name="shighlight">ff006400</color>
    <color name="overlay">44ffffff</color>
    <color name="textActive">fff0f0f0</color>
    <color name="textDisabled">ff757575</color>
    <color name="menuDisabled">aaf0f0f0</color>
    <color name="menuUnselected">ff919191</color>
    <color name="textboxInactive">99FFFFFF</color>
    <color name="keyboardInactive">aa212121</color>
    <color name="keyboardAccent">ffBDBDBD</color>
    <color name="Home">fff0f0f0</color>
</colors>