<?xml version="1.0" encoding="UTF-8"?>
<window>
    <defaultcontrol always="true">9000</defaultcontrol>
    <include>fadeInOut</include>
    <controls>
        <!--Backbutton touchscreen-->
        <include>Backbutton</include>
        
        
        <control type="group">
            <posx>col-9-begin</posx>
            <posy>row-8-begin</posy>
            <!--animations-->
            <include>modalDialogInOut</include>
            <control type="image">
                <posx>-20</posx>
                <posy>-12</posy>
                <width>520</width>
                <height>400</height>
                <texture>colors/black.png</texture>
                <colordiffuse>black</colordiffuse>
                <aspectratio>stretch</aspectratio>
            </control>
            <!--progress-->
			<control type="label">
					<posx>0</posx>
	                <posy>-72</posy>
	                <width>8-col-gutter</width>
	                <height>2-row</height>
	                <wrapmultiline>true</wrapmultiline>
	                <font>mediumStrong</font>
	                <textcolor>textActive</textcolor>
					<label>$INFO[System.Progressbar,,%]</label>
				</control>
                
			<!--text-->
            <control type="label" id="1">
                <description>heading</description>
                <posx>10</posx>
                <posy>20</posy>
                <width>8-col-gutter</width>
                <height>2-row</height>
                <wrapmultiline>true</wrapmultiline>
                <font>confirmTitle</font>
                <textcolor>textActive</textcolor>
            </control>
            
            <control type="textbox" id="9">
                <posx>10</posx>
                <posy>110</posy>
                <width>8-col-gutter</width>
                <height>124</height>
                <font>textbox</font>
                <textcolor>textActive</textcolor>
                <autoscroll delay="3000" time="2000" repeat="5000"/>
           </control>
           <!--options-->
           <control type="panel" id="9000">
               <posx>45</posx>
               <posy>300</posy>
               <width>8-col</width>
               <height>6-row</height>
               <orientation>vertical</orientation>
               <itemlayout width="200" height="2-row">
                    <control type="image">
                        <posx>0</posx>
                        <posy>0</posy>
                        <width>1-col</width>
                        <height>2-row</height>
                        <aspectratio>stretch</aspectratio>
                        <texture>masks/discsurface.png</texture>
                        <colordiffuse>$VAR[highlight]</colordiffuse>
                    </control>
                    <control type="image">
                        <posx>1-col</posx>
                        <posy>0</posy>
                        <width>100</width>
                        <height>2-row</height>
                        <aspectratio>stretch</aspectratio>
                        <texture>masks/discsurface.png</texture>

                        <colordiffuse>textDisabled</colordiffuse>
                    </control>
                    <control type="label">
                        <posx>0</posx>
                        <posy>0</posy>
                        <width>1-col</width>
                        <height>2-row</height>
                        <align>center</align>
                        <aligny>center</aligny>
                        <font>symbolLarge</font>
                        <textcolor>textActive</textcolor>
                        <label>$INFO[ListItem.label2]</label>
                    </control>
                    <control type="label">
                        <posx>1-col-indent</posx>
                        <posy>0</posy>
                        <width>224</width>
                        <height>2-row</height>
                        <aligny>center</aligny>
                        <font>itemSubTitle</font>
                        <textcolor>textActive</textcolor>
                        <label>$INFO[ListItem.label]</label>
                    </control>
                </itemlayout>
                <focusedlayout width="200" height="2-row">
                    <control type="image">
                        <posx>0</posx>
                        <posy>0</posy>
                        <width>1-col</width>
                        <height>2-row</height>
                        <aspectratio>stretch</aspectratio>
                        <texture>masks/discsurface.png</texture>
                        <colordiffuse>$VAR[highlight]</colordiffuse>
                    </control>
                    <control type="image">
                        <posx>1-col</posx>
                        <posy>0</posy>
                        <width>100</width>
                        <height>2-row</height>
                        <aspectratio>stretch</aspectratio>
                        <texture colordiffuse="$VAR[selected_box]">masks/discsurface.png</texture>
                        <colordiffuse>eeffffff</colordiffuse>
                    </control>
                    <control type="label">
                        <posx>0</posx>
                        <posy>0</posy>
                        <width>1-col</width>
                        <height>2-row</height>
                        <align>center</align>
                        <aligny>center</aligny>
                        <font>symbolLarge</font>
                        <textcolor>$VAR[Home]</textcolor>
                        <label>$INFO[ListItem.label2]</label>
                        <shadowcolor></shadowcolor>
                    </control>
                    <control type="label">
                        <posx>1-col-indent</posx>
                        <posy>0</posy>
                        <width>224</width>
                        <height>2-row</height>
                        <aligny>center</aligny>
                        <font>itemSubTitle</font>
                        <textcolor>black</textcolor>
                        <label>$INFO[ListItem.label]</label>
                    </control>
                </focusedlayout>
               <content>
                   
                   <item id="2">
                       <visible>control.isvisible(11)</visible>
                       <description>Yes / OK</description>
                       <label>$INFO[control.getlabel(11)]</label>
                       <label2></label2>
                       <thumb></thumb>
                       <onclick>SendClick(11)</onclick>
                   </item>
                   <item id="1">
                       <visible>control.isvisible(10)</visible>
                       <description>No</description>
                       <label>$INFO[control.getlabel(10)]</label>
                       <label2></label2>
                       <thumb></thumb>
                       <onclick>SendClick(10)</onclick>
                   </item>
                   <item id="3">
                       <visible>control.isvisible(12)</visible>
                       <visible>Control.IsVisible(12)</visible>
                       <description>Custom Button</description>
                       <label>$INFO[control.getlabel(12)]</label>
                       <label2></label2>
                       <thumb></thumb>
                       <onclick>SendClick(12)</onclick>
                   </item>
               </content>
           </control>
           <!--buttons (hidden from view)-->
           <control type="group">
               <visible>false</visible>
               <!--selection buttons-->
               <control type="button" id="10">
                   <description>No</description>
               </control>
               <control type="button" id="11">
                     <description>Yes</description>
                 </control>
               <control type="button" id="12">
                   <description>Custom</description>
               </control>
           </control>
        </control>
        <!--debugging-->
        <include>DebugGrid</include>
        <control type="label">
            <include>DialogID</include>
            <label>DialogConfirm.xml</label>
        </control>
    </controls>
</window>
