<?xml version="1.0" encoding="UTF-8"?>
<window>
    <defaultcontrol always="true">15</defaultcontrol>

    <include>fadeInOut</include>
    <controls>
         <control type="image">
                <posx>0</posx>
                <posy>0</posy>
                <include>dimensionsFullscreen</include>
                <texture>colors/black.png</texture>
                <colordiffuse>ddffffff</colordiffuse>
                <aspectratio>stretch</aspectratio>
            </control>
            <control type="image">
                <include>dimensionsFullscreen</include>
                <texture>vignette.png</texture>
                <colordiffuse>ffffffff</colordiffuse>
                <aspectratio>stretch</aspectratio>
            </control>
        <control type="group">
            <posx>col-7-begin</posx>
            <posy>row-9-begin</posy>
            <!--animations-->
            <include>modalDialogInOut</include>
            <control type="image">
                <posx>0</posx>
                <posy>0</posy>
                <width>12-col</width>
                <height>2-row</height>
                <texture>colors/white.png</texture>
                <colordiffuse>$VAR[highlight]</colordiffuse>
                <aspectratio>stretch</aspectratio>
            </control>
            <control type="label">
                <posx>24</posx>
                <posy>0</posy>
                <width>12-col</width>
                <height>2-row</height>
                <aligny>center</aligny>
                <font>dialogTitle</font>
                <label>21422</label>
                <textcolor>$VAR[Home]</textcolor>
            </control>
            <control type="image">
                <posx>0</posx>
                <posy>2-row</posy>
                <width>12-col</width>
                <height>264</height>
                <texture>colors/black.png</texture>
                <colordiffuse>textboxInactive</colordiffuse>
                <aspectratio>stretch</aspectratio>
            </control>
            <control type="group" id="9001">
                <posx>0</posx>
                <posy>84</posy>
                <control type="button" id="15">
                    <description>Rule Field</description>
                    <texturenofocus colordiffuse="overlay">colors/black.png</texturenofocus>
                    <posx>12</posx>
                    <posy>0</posy>
                    <width>6-col-gutter</width>
                    <label>$LOCALIZE[31046]:</label>
                    <onright>16</onright>
                    <ondown>17</ondown>
                </control>
                <control type="button" id="16">
                    <description>Rule operator</description>
                    <texturenofocus colordiffuse="overlay">colors/black.png</texturenofocus>
                    <posx>6-col</posx>
                    <posy>0</posy>
                    <width>420</width>
                    <onleft>15</onleft>
                    <ondown>17</ondown>
                </control>
                <control type="edit" id="17">
                    <description>Value Button</description>
                    <posx>12</posx>
                    <posy>84</posy>
                    <width>11-col-gutter</width>
                    <texturenofocus colordiffuse="99ffffff">colors/offblack.png</texturenofocus>
                    <texturefocus>colors/offblack.png</texturefocus>
                    <textoffsetx>24</textoffsetx>
                    <label></label>
                    <align>left</align>
                    <onup>16</onup>
                    <onright>20</onright>
                    <ondown>9002</ondown>
                </control>
                <!--just use a magnifying glass symbol for browse!-->
                <control type="button" id="20">
                    <description>Browse Button</description>
                    <posx>780</posx>
                    <posy>84</posy>
                    <width>1-col</width>
                    <height>2-row</height>
                    <align>center</align>
                    <aligny>center</aligny>
                    <textoffsetx>0</textoffsetx>
                    <texturefocus colordiffuse="$VAR[selected_box]">Colors/white.png</texturefocus>
                    <texturenofocus>colors/white.png</texturenofocus>
                    <label></label>
                    <font>symbolLarge</font>
                    <textcolor>$VAR[Home]</textcolor>
                    <focusedcolor>black</focusedcolor>
                    <onup>16</onup>
                    <onleft>17</onleft>
                    <ondown>9002</ondown>
                </control>
                <!--OK / Cancel buttons-->
                <control type="panel" id="9002">
                    <posx>204</posx>
                    <posy>168</posy>
                    <width>9-col</width>
                    <height>2-row</height>
                    <onup>17</onup>
                    <orientation>horizontal</orientation>
                    <itemlayout width="3-col" height="2-row">
                        <control type="label">
                            <posx>0</posx>
                            <posy>0</posy>
                            <width>1-col</width>
                            <height>2-row</height>
                            <align>center</align>
                            <aligny>center</aligny>
                            <font>symbolLarge</font>
                            <textcolor>textActive</textcolor>
                            <label>$INFO[ListItem.label2]</label>
                        </control>
                        <control type="label">
                            <posx>1-col-indent</posx>
                            <posy>-1</posy>
                            <width>3-col-gutter</width>
                            <height>2-row</height>
                            <aligny>center</aligny>
                            <font>buttonTitle</font>
                            <textcolor>textActive</textcolor>
                            <label>$INFO[ListItem.label]</label>
                        </control>
                    </itemlayout>
                    <focusedlayout width="3-col" height="2-row">
                        <control type="image">
                            <posx>0</posx>
                            <posy>0</posy>
                            <width>1-col-textbox</width>
                            <height>2-row</height>
                            <aspectratio>stretch</aspectratio>
                            <texture>colors/white.png</texture>
                            <colordiffuse>$VAR[highlight]</colordiffuse>
                            <include>spinFocusIcon</include>
                        </control>
                        <control type="image">
                            <posx>1-col</posx>
                            <posy>0</posy>
                            <width>2-col</width>
                            <height>2-row</height>
                            <aspectratio>stretch</aspectratio>
                            <texture colordiffuse="$VAR[selected_box]">Colors/white.png</texture>
                        </control>
                        <control type="label">
                            <posx>0</posx>
                            <posy>0</posy>
                            <width>1-col</width>
                            <height>2-row</height>
                            <align>center</align>
                            <aligny>center</aligny>
                            <font>symbolLarge</font>
                            <textcolor>$VAR[Home]</textcolor>
                            <label>$INFO[ListItem.label2]</label>
                            <shadowcolor></shadowcolor>
                        </control>
                        <control type="label">
                            <posx>1-col-indent</posx>
                            <posy>-1</posy>
                            <width>5-col-gutter</width>
                            <height>2-row</height>
                            <aligny>center</aligny>
                            <font>buttonTitle</font>
                            <textcolor>black</textcolor>
                            <label>$INFO[ListItem.label]</label>
                            <shadowcolor></shadowcolor>
                        </control>
                    </focusedlayout>
                    <content>
                        <item id="1">
                            <description>OK</description>
                            <label>186</label>
                            <label2></label2>
                            <thumb></thumb>
                            <onclick>SendClick(129,18)</onclick>
                        </item>
                        <item id="2">
                            <description>Cancel</description>
                            <label>222</label>
                            <label2></label2>
                            <thumb></thumb>
                            <onclick>SendClick(129,19)</onclick>
                        </item>
                        <item id="3">
                            <description>Remove Rule</description>
                            <label>1210</label>
                            <label2></label2>
                            <thumb></thumb>
                            <onclick>dialog.close(137,true)</onclick>
                            <onclick>Control.Message(14,click,136)</onclick>
                            <onclick>Control.setfocus(10)</onclick>
                        </item>
                    </content>
                </control>
            </control>
            <!--buttons-->
            <control type="group">
                <visible>false</visible>
                <control type="button" id="18">
                    <description>Ok Button</description>
                </control>
                <control type="button" id="19">
                    <description>Cancel Button</description>
                </control>
            </control>
        </control>
        <!--debugging-->
        <include>DebugGrid</include>
        <control type="label">
            <include>DialogID</include>
            <label>SmartPlaylistRule.xml</label>
        </control>
    </controls>
</window>
