<?xml version="1.0" encoding="UTF-8"?>
<includes>
    <!--video submenu items-->
    <include name="videoSideMenu">
        <control type="button" id="506">
            <description>Search</description>
            <visible>System.HasAddon(script.globalsearch)</visible>
            <texturefocus colordiffuse="$VAR[highlight]">masks/discsurface.png</texturefocus>
            <focusedcolor>$VAR[Home]</focusedcolor>
            <width>500</width>
            <label>137</label>
            <onclick>RunScript(script.globalsearch,movies=true&amp;tvshows=true&amp;episodes=true&amp;livetv=true&amp;actors=true&amp;directors=true)</onclick>
        </control>
        <control type="button" id="3">
            <visible>!String.IsEmpty(Container.SortMethod)</visible>
            <description>Sort by</description>
            <texturefocus colordiffuse="$VAR[highlight]">masks/discsurface.png</texturefocus>
            <focusedcolor>$VAR[Home]</focusedcolor>
            <width>500</width>
            <label>$LOCALIZE[31008]: $INFO[Container.SortMethod]</label>
            <onclick condition="window.isactive(videos)">sendclick(videos,3)</onclick>
			<onclick condition="window.isactive(tvchannels)">sendclick(tvchannels,3)</onclick>
			<onclick condition="window.isactive(tvrecordings)">sendclick(tvrecordings,3)</onclick>
			<onclick condition="window.isactive(tvguide)">sendclick(tvguide,3)</onclick>
        </control>
        <control type="togglebutton" id="4">
            <visible>!String.IsEmpty(Container.SortMethod)</visible>
            <description>Sort direction</description>
            <texturefocus colordiffuse="$VAR[highlight]">masks/discsurface.png</texturefocus>
            <alttexturefocus colordiffuse="$VAR[highlight]">masks/discsurface.png</alttexturefocus>
            <focusedcolor>$VAR[Home]</focusedcolor>
            <label>31109</label>
            <altlabel>31110</altlabel>
            <width>500</width>
            <onclick condition="window.isactive(videos)">sendclick(videos,4)</onclick>
			<onclick condition="window.isactive(tvchannels)">sendclick(tvchannels,4)</onclick>
			<onclick condition="window.isactive(tvrecordings)">sendclick(tvrecordings,4)</onclick>
			<onclick condition="window.isactive(tvguide)">sendclick(tvguide,4)</onclick>
        </control>
        <control type="button" id="509">
            <visible>[Window.IsVisible(MyPVRChannels.xml) | Window.IsVisible(MyPVRRecordings.xml) | Window.IsVisible(MyPVRGuide.xml) | Window.IsVisible(MyPVRSearch.xml) | Window.IsVisible(MyPVRTimers.xml)] + PVR.HasTVChannels</visible>
            <description>PVR Channel Group</description>
            <texturefocus colordiffuse="$VAR[highlight]">masks/discsurface.png</texturefocus>
            <focusedcolor>$VAR[Home]</focusedcolor>
            <width>500</width>
            <label>31222</label>
			<onclick condition="window.isactive(tvchannels)">sendclick(tvchannels,28)</onclick>
			<onclick condition="window.isactive(tvguide)">sendclick(tvguide,28)</onclick>
			<onclick condition="window.isactive(tvrecordings)">sendclick(tvrecordings,28)</onclick>
        </control>
        <control type="button" id="508">
            <visible>[Window.IsVisible(MyPVRChannels.xml) | Window.IsVisible(MyPVRRecordings.xml) | Window.IsVisible(MyPVRGuide.xml) | Window.IsVisible(MyPVRSearch.xml) | Window.IsVisible(MyPVRTimers.xml)] + PVR.HasTVChannels</visible>
            <description>PVR Timers</description>
            <texturefocus colordiffuse="$VAR[highlight]">masks/discsurface.png</texturefocus>
            <focusedcolor>$VAR[Home]</focusedcolor>
            <width>500</width>
            <label>31087</label>
            <onclick>ActivateWindow(TVTimerRules)</onclick>
        </control>
        <control type="button" id="507">
            <texturefocus colordiffuse="$VAR[highlight]">masks/discsurface.png</texturefocus>
            <focusedcolor>$VAR[Home]</focusedcolor>
            <width>500</width>
            <label>653</label>
            <onclick>UpdateLibrary(video)</onclick>
        </control>
        <control type="radiobutton" id="14">
            <description>Watched Toggle</description>
            <label>31195</label>
            <width>500</width>
            <texturefocus colordiffuse="$VAR[highlight]">masks/discsurface.png</texturefocus>
            <focusedcolor>$VAR[Home]</focusedcolor>
            <textureradioonfocus colordiffuse="$VAR[selected]">icons/addonstatus/enabled-normal.png</textureradioonfocus>
            <textureradioofffocus colordiffuse="$VAR[Home]">icons/addonstatus/disable.png</textureradioofffocus>
            <textureradiooffnofocus colordiffuse="$VAR[Home]">icons/addonstatus/disable.png</textureradiooffnofocus>
            <textureradioonnofocus colordiffuse="$VAR[selected]">icons/addonstatus/enabled-normal.png</textureradioonnofocus>
            <radiowidth>40</radiowidth>
		    <radioheight>40</radioheight>
            <radioposx>465</radioposx>
            <radioposy>20</radioposy>
            <onclick>sendclick(videos,14)</onclick>
        </control>
        <control type="radiobutton" id="11">
            <description>Unlock Shares</description>
            <label>20336</label>
            <width>500</width>
            <texturefocus colordiffuse="$VAR[highlight]">masks/discsurface.png</texturefocus>
            <focusedcolor>$VAR[Home]</focusedcolor>
            <textureradioonfocus colordiffuse="$VAR[selected]">icons/addonstatus/enabled-normal.png</textureradioonfocus>
            <textureradioofffocus colordiffuse="$VAR[Home]">icons/addonstatus/disable.png</textureradioofffocus>
            <textureradiooffnofocus colordiffuse="$VAR[Home]">icons/addonstatus/disable.png</textureradiooffnofocus>
            <textureradioonnofocus colordiffuse="$VAR[selected]">icons/addonstatus/enabled-normal.png</textureradioonnofocus>
            <radiowidth>40</radiowidth>
		    <radioheight>40</radioheight>
            <radioposx>465</radioposx>
            <radioposy>20</radioposy>
            <onclick>right</onclick>
            <onclick>Mastermode</onclick>
            <selected>system.ismaster</selected>
            <visible>system.haslocks</visible>
        </control>
		<control type="button" id="13">
            <description>Edit video menu</description>
            <texturefocus colordiffuse="$VAR[highlight]">masks/discsurface.png</texturefocus>
            <focusedcolor>$VAR[Home]</focusedcolor>
            <width>500</width>
            <label>31172</label>
            <onclick>RunScript(script.skinshortcuts,type=manage&amp;group=videosubmenu)</onclick>
        </control>
    </include>
    <!--music submenu items-->
    <include name="musicSideMenu">
        <control type="button" id="553">
            <description>Playlist</description>
            <texturefocus colordiffuse="$VAR[highlight]">masks/discsurface.png</texturefocus>
            <focusedcolor>$VAR[Home]</focusedcolor>
            <width>500</width>
            <label>31123</label>
            <onclick>activateWindow(musicplaylist)</onclick>
        </control>
		<control type="button" id="506">
            <description>Search</description>
            <visible>System.HasAddon(script.globalsearch)</visible>
            <texturefocus colordiffuse="$VAR[highlight]">masks/discsurface.png</texturefocus>
            <focusedcolor>$VAR[Home]</focusedcolor>
            <width>500</width>
            <label>137</label>
            <onclick>RunScript(script.globalsearch,artists=true&amp;albums=true&amp;songs=true&amp;musicvideos=true)</onclick>
        </control>
        <control type="button" id="3">
            <visible>!String.IsEmpty(Container.SortMethod)</visible>
            <description>Sort by</description>
            <width>500</width>
            <focusedcolor>$VAR[Home]</focusedcolor>
            <texturefocus colordiffuse="$VAR[highlight]">masks/discsurface.png</texturefocus>
            <label>$LOCALIZE[31008]: $INFO[Container.SortMethod]</label>
            <onclick condition="window.isactive(music)">sendclick(music,3)</onclick>
			<onclick condition="window.isactive(radiochannels)">sendclick(radiochannels,3)</onclick>
			<onclick condition="window.isactive(radiorecordings)">sendclick(radiorecordings,3)</onclick>
			<onclick condition="window.isactive(radioguide)">sendclick(radioguide,3)</onclick>
        </control>
        <control type="togglebutton" id="4">
            <visible>!String.IsEmpty(Container.SortMethod)</visible>
            <description>Sort direction</description>
            <label>31109</label>
            <altlabel>31110</altlabel>
            <width>500</width>
            <focusedcolor>$VAR[Home]</focusedcolor>
            <texturefocus colordiffuse="$VAR[highlight]">masks/discsurface.png</texturefocus>
            <alttexturefocus colordiffuse="$VAR[highlight]">masks/discsurface.png</alttexturefocus>
            <onclick condition="window.isactive(music)">sendclick(music,4)</onclick>
			<onclick condition="window.isactive(radiochannels)">sendclick(radiochannels,4)</onclick>
			<onclick condition="window.isactive(radiorecordings)">sendclick(radiorecordings,4)</onclick>
			<onclick condition="window.isactive(radioguide)">sendclick(radioguide,4)</onclick>
        </control>
        <control type="button" id="509">
		  	<visible>[Window.IsVisible(MyPVRChannels.xml) | Window.IsVisible(MyPVRRecordings.xml) | Window.IsVisible(MyPVRGuide.xml) | Window.IsVisible(MyPVRSearch.xml) | Window.IsVisible(MyPVRTimers.xml)] + PVR.HasRadioChannels</visible>
            <description>PVR Channel Group</description>
            <texturefocus colordiffuse="$VAR[highlight]">masks/discsurface.png</texturefocus>
            <focusedcolor>$VAR[Home]</focusedcolor>
            <width>500</width>
            <label>31222</label>
            <onclick>sendclick(radiochannels,28)</onclick>
        </control>
        <control type="button" id="508">
		  	<visible>[Window.IsVisible(MyPVRChannels.xml) | Window.IsVisible(MyPVRRecordings.xml) | Window.IsVisible(MyPVRGuide.xml) | Window.IsVisible(MyPVRSearch.xml) | Window.IsVisible(MyPVRTimers.xml)] + PVR.HasRadioChannels</visible>
            <description>PVR Timers</description>
            <texturefocus colordiffuse="$VAR[highlight]">masks/discsurface.png</texturefocus>
            <focusedcolor>$VAR[Home]</focusedcolor>
            <width>500</width>
            <label>31087</label>
            <onclick>ActivateWindow(RadioTimerRules)</onclick>
        </control>
        <control type="button" id="504">
            <width>500</width>
            <focusedcolor>$VAR[Home]</focusedcolor>
            <texturefocus colordiffuse="$VAR[highlight]">masks/discsurface.png</texturefocus>
            <label>653</label>
            <onclick>UpdateLibrary(music)</onclick>
        </control>
        <control type="radiobutton" id="20">
            <!--<visible>musicPlaylist</visible>-->
            <description>Shuffle</description>
            <width>500</width>
            <focusedcolor>$VAR[Home]</focusedcolor>
            <textureradioonfocus colordiffuse="$VAR[selected]">icons/addonstatus/enabled-normal.png</textureradioonfocus>
            <textureradioofffocus colordiffuse="$VAR[Home]">icons/addonstatus/disable.png</textureradioofffocus>
            <textureradiooffnofocus colordiffuse="$VAR[Home]">icons/addonstatus/disable.png</textureradiooffnofocus>
            <textureradioonnofocus colordiffuse="$VAR[selected]">icons/addonstatus/enabled-normal.png</textureradioonnofocus>
            <radiowidth>40</radiowidth>
		    <radioheight>40</radioheight>
            <radioposx>465</radioposx>
            <radioposy>20</radioposy>
            <label>191</label>
            <onclick condition="!Playlist.IsRandom">PlayerControl(randomOn)</onclick>
            <onclick condition="Playlist.IsRandom">PlayerControl(randomOff)</onclick>
        </control>
		<control type="button" id="14">
            <description>Edit music menu</description>
            <texturefocus colordiffuse="$VAR[highlight]">masks/discsurface.png</texturefocus>
            <focusedcolor>$VAR[Home]</focusedcolor>
            <width>500</width>
            <label>31173</label>
            <onclick>RunScript(script.skinshortcuts,type=manage&amp;group=musicsubmenu)</onclick>
        </control>
    </include>
    <!--pictures submenu items-->
    <include name="picturesSideMenu">
        <!--sorting-->
        <control type="button" id="3">
            <visible>!String.IsEmpty(Container.SortMethod)</visible>
            <description>Sort by</description>
            <width>500</width>
            <focusedcolor>$VAR[Home]</focusedcolor>
            <texturefocus colordiffuse="$VAR[highlight]">masks/discsurface.png</texturefocus>
            <label>103</label>
            <onclick>sendclick(pictures,3)</onclick>
        </control>
        <control type="togglebutton" id="4">
            <visible>!String.IsEmpty(Container.SortMethod)</visible>
            <description>Sort direction</description>
            <label>31109</label>
            <altlabel>31110</altlabel>
            <width>500</width>
            <focusedcolor>$VAR[Home]</focusedcolor>
            <texturefocus colordiffuse="$VAR[highlight]">masks/discsurface.png</texturefocus>
            <alttexturefocus colordiffuse="$VAR[highlight]">masks/discsurface.png</alttexturefocus>
            <onclick>sendclick(pictures,4)</onclick>
        </control>
		<control type="button" id="17">
            <description>Edit pictures menu</description>
            <texturefocus colordiffuse="$VAR[highlight]">masks/discsurface.png</texturefocus>
            <focusedcolor>$VAR[Home]</focusedcolor>
            <width>500</width>
            <label>31174</label>
            <onclick>RunScript(script.skinshortcuts,type=manage&amp;group=picturessubmenu)</onclick>
        </control>
    </include>
    <!--pictures submenu items-->
    <include name="addonsSideMenu">	
        <control type="radiobutton" id="7">
            <width>500</width>
            <texturefocus colordiffuse="$VAR[highlight]">masks/discsurface.png</texturefocus>
            <focusedcolor>$VAR[Home]</focusedcolor>
            <textureradioonfocus colordiffuse="$VAR[selected]">icons/addonstatus/enabled-normal.png</textureradioonfocus>
            <textureradioofffocus colordiffuse="$VAR[Home]">icons/addonstatus/disable.png</textureradioofffocus>
            <textureradiooffnofocus colordiffuse="$VAR[Home]">icons/addonstatus/disable.png</textureradiooffnofocus>
            <textureradioonnofocus colordiffuse="$VAR[selected]">icons/addonstatus/enabled-normal.png</textureradioonnofocus>
            <radiowidth>40</radiowidth>
		    <radioheight>40</radioheight>
            <radioposx>465</radioposx>
            <radioposy>20</radioposy>
            <label>$LOCALIZE[25001]</label>
            <onclick>sendclick(addonbrowser,7)</onclick>
        </control>
        <control type="radiobutton" id="8">
            <width>500</width>
            <texturefocus colordiffuse="$VAR[highlight]">masks/discsurface.png</texturefocus>
            <focusedcolor>$VAR[Home]</focusedcolor>
            <textureradioonfocus colordiffuse="$VAR[selected]">icons/addonstatus/enabled-normal.png</textureradioonfocus>
            <textureradioofffocus colordiffuse="$VAR[Home]">icons/addonstatus/disable.png</textureradioofffocus>
            <textureradiooffnofocus colordiffuse="$VAR[Home]">icons/addonstatus/disable.png</textureradiooffnofocus>
            <textureradioonnofocus colordiffuse="$VAR[selected]">icons/addonstatus/enabled-normal.png</textureradioonnofocus>
            <radiowidth>40</radiowidth>
		    <radioheight>40</radioheight>
            <radioposx>465</radioposx>
            <radioposy>20</radioposy>
            <label>$LOCALIZE[24999]</label>
            <onclick>sendclick(addonbrowser,8)</onclick>
        </control>
        <control type="button" id="9">
            <texturefocus colordiffuse="$VAR[highlight]">masks/discsurface.png</texturefocus>
            <focusedcolor>$VAR[Home]</focusedcolor>
            <width>500</width>
            <label>24034</label>
            <onclick>sendclick(addonbrowser,9)</onclick>
        </control>
    </include>
    <!--game submenu items-->
    <include name="gameSideMenu">
        <control type="button" id="3">
            <visible>!String.IsEmpty(Container.SortMethod)</visible>
            <description>Sort by</description>
            <texturefocus colordiffuse="$VAR[highlight]">masks/discsurface.png</texturefocus>
            <focusedcolor>$VAR[Home]</focusedcolor>
            <width>500</width>
            <label>$LOCALIZE[31008]: $INFO[Container.SortMethod]</label>
            <onclick>sendclick(games,3)</onclick>
        </control>
        <control type="togglebutton" id="4">
            <visible>!String.IsEmpty(Container.SortMethod)</visible>
            <description>Sort direction</description>
            <texturefocus colordiffuse="$VAR[highlight]">masks/discsurface.png</texturefocus>
            <alttexturefocus colordiffuse="$VAR[highlight]">masks/discsurface.png</alttexturefocus>
            <focusedcolor>$VAR[Home]</focusedcolor>
            <label>31109</label>
            <altlabel>31110</altlabel>
            <width>500</width>
            <onclick>sendclick(games,4)</onclick>
        </control>
		<control type="button" id="17">
            <description>Edit Games menu</description>
            <texturefocus colordiffuse="$VAR[highlight]">masks/discsurface.png</texturefocus>
            <focusedcolor>$VAR[Home]</focusedcolor>
            <width>500</width>
            <label>31233</label>
            <onclick>RunScript(script.skinshortcuts,type=manage&amp;group=gamesubmenu)</onclick>
        </control>
	</include>
</includes>