<?xml version="1.0" encoding="UTF-8"?>
<includes>
	<!-- Wall -->
	<include name="View_609_Fullscreen_Wall">
		
		<control type="group">
			<visible>Control.IsVisible(609) + !Window.IsActive(addoninformation) + [$EXP[isAddonMovieOrTVshow] | container.content(songs)] </visible>
			<include>ViewAnimation</include>
			
			<include>Battery</include>
            <control type="panel" id="609">
				<visible>$EXP[isAddonMovieOrTVshow] | container.content(songs)</visible>
                <viewtype label="$LOCALIZE[31315]">$LOCALIZE[31315]</viewtype>
				
                <posx>0</posx>
				<posy>0</posy>
				<width>fullscreenWidth</width>
				<height>fullscreenHeight</height>
				<onleft>9000</onleft>
				<onright>60</onright>
                <ondown>609</ondown>
                <onup>609</onup>
				<onback>Container.Refresh</onback>
				<pagecontrol>60</pagecontrol>
				<scrolltime tween="cubic" easing="out">600</scrolltime>
				<itemlayout width="240" height="360">
				<control type="group">
					<visible>String.IsEmpty(ListItem.Art(poster))</visible>
				<control type="image">
					<left>-15</left>
					<top>-15</top>
					<width>280</width>
					<height>400</height>
					<texture>masks/discsurface50%.png</texture>
					<bordertexture border="21" infill="false">shadow.png</bordertexture>
					<bordersize>20</bordersize>
				</control>
				<control type="image">
					<left>-15</left>
					<top>-15</top>
					<width>280</width>
						<height>400</height>
					<texture colordiffuse="grey">masks/discsurface50%.png</texture>
					<bordersize>20</bordersize>
					<visible>$PARAM[focused]</visible>
					<include condition="$PARAM[focused]">Animation_FocusTextureFade</include>
				</control>
				
				<control type="image">
					<left>0</left>
					<top>-1</top>
					<width>250</width>
					<height>250</height>
					<texture fallback="DefaultMovies.png" background="true">$INFO[ListItem.Icon]</texture>
					<aspectratio>scale</aspectratio>
					<bordersize>20</bordersize>
				</control>
				
				<control type="textbox">
					<left>10</left>
					<top>225</top>
					<width>222</width>
					<height>120</height>
					<font>buttonTitle</font>
					<align>center</align>
					<aligny>center</aligny>
					<label>$INFO[ListItem.Label]</label>
					
					<visible>!ListItem.IsParentFolder</visible>
				</control>
			</control>
					<control type="group">
					<visible>!String.IsEmpty(ListItem.Art(poster))</visible>
					<control type="image">
						<posx>0</posx>
						<posy>0</posy>
						<width>252</width>
						<height>372</height>
						<aspectratio>stretch</aspectratio>
						<texture>$INFO[ListItem.icon]</texture>
						<bordersize>6</bordersize>
						
						<colordiffuse>99ffffff</colordiffuse>
					</control>
					<control type="textbox">
							
							<posx>5</posx>
							<posy>50</posy>
							<width>245</width>
							<height>300</height>
							<aligny>center</aligny>
							<align>center</align>
							<font>largeTitle2</font>
							<wrapmultiline>true</wrapmultiline>
							<textcolor>red</textcolor>
							<label>$VAR[TV_Movie_Status_label]</label>
						</control>
					<control type="progress">
				        	<visible>ListItem.IsResumable + !String.IsEqual(ListItem.PercentPlayed,0) + !Skin.HasSetting(Disable.progress)</visible>
                        	<description>Progress Bar</description>
                        	<posx>6</posx>
                        	<posy>351</posy>
                        	<width>240</width>
                        	<height>15</height>
                        	<texturebg colordiffuse="grey">masks/discsurface.png</texturebg>
                        	<midtexture colordiffuse="$VAR[highlight]">masks/discsurface.png</midtexture>
                        	<info>ListItem.PercentPlayed</info>
                    	</control>
					
					<control type="group">
						<visible>!String.isEmpty(ListItem.RatingandVotes) + !Skin.HasSetting(Disable.rating)</visible>
						<animation condition="true" effect="fade" end="70" time="0">conditional</animation>
						<posx>6</posx>
						<posy>6</posy>
						<control type="image">
							<posx>0</posx>
							<posy>0</posy>
							<width>56</width>
							<height>56</height>
							<aspectratio>stretch</aspectratio>
							<texture flipx="true" colordiffuse="$VAR[highlight]">masks/newContent.png</texture>
							<colordiffuse>$VAR[highlight]</colordiffuse>
						</control>
						<control type="label">
							<visible>true</visible>
							<posx>5</posx>
							<posy>14</posy>
							<width>36</width>
							<height>36</height>
							<aligny>center</aligny>
							<angle>50</angle>
							<font>buttonTitle2</font>
							<textcolor>$VAR[home]</textcolor>
							<label>$INFO[ListItem.Rating]</label>
						</control>
					</control>
					<control type="group">
						<visible>!String.IsEmpty(ListItem.PlayCount) + !Skin.HasSetting(Disable.overlays)</visible>
						<animation condition="true" effect="fade" end="70" time="0">conditional</animation>
						<posx>167</posx>
						<posy>6</posy>
						<control type="image">
							<posx>23</posx>
							<posy>0</posy>
							<width>56</width>
							<height>56</height>
							<aspectratio>stretch</aspectratio>
							<texture>masks/newContent.png</texture>
							<colordiffuse>$VAR[highlight]</colordiffuse>
						</control>
						<control type="label">
							<visible>!String.IsEmpty(ListItem.PlayCount) + !Skin.HasSetting(Disable.overlays)</visible>
							<posx>51</posx>
							<posy>-4</posy>
							<width>36</width>
							<height>36</height>
							<aligny>center</aligny>
							<font>symbol</font>
							<textcolor>$VAR[home]</textcolor>
							<label></label>
						</control>
					</control>
					<control type="group">
						<visible>ListItem.IsResumable + !String.IsEqual(ListItem.PercentPlayed,0) + !Skin.HasSetting(Disable.overlays)</visible>
						<animation condition="true" effect="fade" end="70" time="0">conditional</animation>
						<posx>167</posx>
						<posy>6</posy>
						<control type="image">
							<posx>23</posx>
							<posy>0</posy>
							<width>56</width>
							<height>56</height>
							<aspectratio>stretch</aspectratio>
							<texture>masks/newContent.png</texture>
							<colordiffuse>$VAR[highlight]</colordiffuse>
						</control>
						<control type="label">
							<visible>ListItem.IsResumable + !String.IsEqual(ListItem.PercentPlayed,0) + !Skin.HasSetting(Disable.overlays)</visible>
							<posx>51</posx>
							<posy>-4</posy>
							<width>36</width>
							<height>36</height>
							<aligny>center</aligny>
							<font>symbol</font>
							<textcolor>$VAR[home]</textcolor>
							<label></label>
						</control>
						<control type="label">
							<visible>true</visible>
							<posx>1</posx>
							<posy>-4</posy>
							<width>36</width>
							<height>36</height>
							<aligny>center</aligny>
							<font>thumbTitle</font>
							<textcolor>textActive</textcolor>
							<label></label>
						</control>
					</control>
					</control>
				</itemlayout>
				
				<focusedlayout width="190" height="300">
					<control type="group">
					<include>focusThumb</include>
					<control type="group">
					<visible>String.IsEmpty(ListItem.Art(poster))</visible>
				<control type="image">
					<left>-15</left>
					<top>-15</top>
					<width>280</width>
					<height>400</height>
					<texture>masks/discsurface50%.png</texture>
					<bordertexture border="21" infill="false">shadow.png</bordertexture>
					<bordersize>20</bordersize>
				</control>
				<control type="image">
					<left>-15</left>
					<top>-15</top>
					<width>280</width>
					<height>400</height>
					<texture colordiffuse="$VAR[highlight]">masks/discsurface.png</texture>
					<bordersize>20</bordersize>
					<visible>$PARAM[focused]</visible>
					<include condition="$PARAM[focused]">Animation_FocusTextureFade</include>
				</control>
				<control type="textbox">
					<left>10</left>
					<top>225</top>
					<width>222</width>
					<height>120</height>
					<font>buttonTitle</font>
					<align>center</align>
					<aligny>center</aligny>
					<label>$INFO[ListItem.label]</label>
					<textcolor>$VAR[selected]</textcolor>
					<autoscroll time="2000" delay="3000" repeat="5000">$PARAM[focused]</autoscroll>
					<visible>!ListItem.IsParentFolder</visible>
				</control>
				<control type="image">
					<left>0</left>
					<top>-1</top>
					<width>250</width>
					<height>250</height>
					<texture fallback="DefaultMovies.png" background="true">$INFO[ListItem.Icon]</texture>
					<aspectratio>scale</aspectratio>
					<bordersize>20</bordersize>
				</control>
			</control>

						<control type="group">
					<visible>!String.IsEmpty(ListItem.Art(poster))</visible>
						<control type="image">
							<posx>0</posx>
						<posy>0</posy>
						<width>252</width>
						<height>372</height>
						<aspectratio>stretch</aspectratio>
							<texture colordiffuse="$VAR[highlight]">masks/discsurface.png</texture>
							<bordersize>0</bordersize>
							<bordertexture border="0" infill="false" colordiffuse="$VAR[highlight]">shadow.png</bordertexture>
						</control>
						
						<control type="image">
							<posx>0</posx>
						<posy>0</posy>
						<width>252</width>
						<height>372</height>
						<aspectratio>stretch</aspectratio>
							<texture fallback="defaultposter.png">$INFO[listitem.icon]</texture>
							<bordersize>5</bordersize>
							
						</control>
						<control type="textbox">
							<include>focusThumb</include>
							<posx>5</posx>
							<posy>50</posy>
							<width>245</width>
							<height>300</height>
							<aligny>center</aligny>
							<align>center</align>
							<font>largeTitle2</font>
							<wrapmultiline>true</wrapmultiline>
							<textcolor>red</textcolor>
							<label>$VAR[TV_Movie_Status_label]</label>
						</control>
						<control type="progress">
				        	<visible>ListItem.IsResumable + !String.IsEqual(ListItem.PercentPlayed,0) + !Skin.HasSetting(Disable.progress)</visible>
                        	<description>Progress Bar</description>
                        	<posx>5</posx>
                        	<posy>352</posy>
                        	<width>242</width>
                        	<height>15</height>
                        	<texturebg colordiffuse="grey">masks/discsurface.png</texturebg>
                        	<midtexture colordiffuse="$VAR[highlight]">masks/discsurface.png</midtexture>
                        	<info>ListItem.PercentPlayed</info>
                    	</control>
						
						<control type="group">
						<visible>!String.isEmpty(ListItem.RatingandVotes) + !Skin.HasSetting(Disable.rating)</visible>
						<animation condition="true" effect="fade" end="70" time="0">conditional</animation>
						<posx>5</posx>
						<posy>5</posy>
						<control type="image">
							<posx>0</posx>
							<posy>0</posy>
							<width>56</width>
							<height>56</height>
							<aspectratio>stretch</aspectratio>
							<texture flipx="true" colordiffuse="$VAR[highlight]">masks/newContent.png</texture>
							<colordiffuse>$VAR[highlight]</colordiffuse>
						</control>
						<control type="label">
							<visible>true</visible>
							<posx>5</posx>
							<posy>14</posy>
							<width>36</width>
							<height>36</height>
							<aligny>center</aligny>
							<angle>50</angle>
							<font>buttonTitle2</font>
							<textcolor>$VAR[home]</textcolor>
							<label>$INFO[ListItem.Rating]</label>
						</control>
					</control>
					<control type="group">
						<visible>!String.IsEmpty(ListItem.PlayCount) + !Skin.HasSetting(Disable.overlays)</visible>
						<animation condition="true" effect="fade" end="70" time="0">conditional</animation>
						<posx>168</posx>
						<posy>5</posy>
						<control type="image">
							<posx>23</posx>
							<posy>0</posy>
							<width>56</width>
							<height>56</height>
							<aspectratio>stretch</aspectratio>
							<texture>masks/newContent.png</texture>
							<colordiffuse>$VAR[highlight]</colordiffuse>
						</control>
						<control type="label">
							<visible>!String.IsEmpty(ListItem.PlayCount) + !Skin.HasSetting(Disable.overlays)</visible>
							<posx>51</posx>
							<posy>-4</posy>
							<width>36</width>
							<height>36</height>
							<aligny>center</aligny>
							<font>symbol</font>
							<textcolor>$VAR[home]</textcolor>
							<label></label>
						</control>
					</control>
					<control type="group">
						<visible>ListItem.IsResumable + !String.IsEqual(ListItem.PercentPlayed,0) + !Skin.HasSetting(Disable.overlays)</visible>
						<animation condition="true" effect="fade" end="70" time="0">conditional</animation>
						<posx>168</posx>
						<posy>5</posy>
						<control type="image">
							<posx>23</posx>
							<posy>0</posy>
							<width>56</width>
							<height>56</height>
							<aspectratio>stretch</aspectratio>
							<texture>masks/newContent.png</texture>
							<colordiffuse>$VAR[highlight]</colordiffuse>
						</control>
						<control type="label">
							<visible>ListItem.IsResumable + !String.IsEqual(ListItem.PercentPlayed,0) + !Skin.HasSetting(Disable.overlays)</visible>
							<posx>51</posx>
							<posy>-4</posy>
							<width>36</width>
							<height>36</height>
							<aligny>center</aligny>
							<font>symbol</font>
							<textcolor>$VAR[home]</textcolor>
							<label></label>
						</control>
						<control type="label">
							<visible>true</visible>
							<posx>1</posx>
							<posy>-4</posy>
							<width>36</width>
							<height>36</height>
							<aligny>center</aligny>
							<font>thumbTitle</font>
							<textcolor>textActive</textcolor>
							<label></label>
						</control>
					</control>
					</control>
					</control>
				</focusedlayout>
				
            </control>
			
        	</control>

	</include>
</includes>