<?xml version="1.0" encoding="UTF-8"?>
<window id="1130" type="dialog">
	<defaultcontrol always="true">9000</defaultcontrol>
	<controls>

            <control type="image">
                <posx></posx>
                <posy></posy>
                <width>384</width>
                <height>1500</height>
                <texture>colors/white.png</texture>
                <colordiffuse>$VAR[highlight]</colordiffuse>
                <aspectratio>stretch</aspectratio>
            </control>
		
	            <control type="label">
	                <posx>70</posx>
	                <posy>10</posy>
	                <width>73</width>
	                <height>73</height>
	                <font>symbolVeryLarge</font>
	                <aligny>center</aligny>
	                <textcolor>$VAR[Home]</textcolor>
	                <label>$VAR[menuLogo]</label>
	            </control>
		<control type="group">
			<animation effect="fade" start="100" end="0" time="200" condition="Window.IsVisible(1132)" reversible="false">Conditional</animation>
			<control type="group">
				
				<control type="label">
					<top>80</top>
					<width>400</width>
					<height>48</height>
					<textoffsetx>15</textoffsetx>
					<font>buttonTitle</font>
					<label>$LOCALIZE[31320]</label>
					<textcolor>$VAR[selected]</textcolor>
				</control>
				<control type="list" id="9000">
					<top>128</top>
					<width>400</width>
					<height>900</height>
					<onleft>Dialog.Close(1130)</onleft>
					<onright>Dialog.Close(1130)</onright>
					<ondown>9000</ondown>
					<onup>9000</onup>
					<itemlayout width="400" height="60">
						<control type="label">
							<width>col-5-begin</width>
                        	<height>2-row</height>
							<textcolor>$VAR[Home]</textcolor>
							<textoffsetx>15</textoffsetx>
							<label>$INFO[ListItem.Label]</label>
						</control>
						<control type="label">
							<width>col-5-begin</width>
                        	<height>2-row</height>
							<textoffsetx>15</textoffsetx>
							<label>$INFO[ListItem.Label2]</label>
							<font>symbolLarge</font>
							<textcolor>$VAR[selected]</textcolor>
							`<animation effect="fade" start="100" end="70" time="300" tween="sine" easing="inout" condition="!Control.HasFocus(9000)">Conditional</animation>
						</control>
					</itemlayout>
					<focusedlayout width="400" height="60">
						<control type="image">
							<width>col-5-begin</width>
                        	<height>2-row</height>
							<texture colordiffuse="$VAR[highlight]" border="4">Colors/white.png</texture>
							<animation effect="fade" start="100" end="0" time="300" tween="sine" easing="inout" condition="!Control.HasFocus(9000)">Conditional</animation>
						</control>
						<control type="label">
							<width>col-5-begin</width>
                        	<height>2-row</height>
							<textoffsetx>15</textoffsetx>
							<label>$INFO[ListItem.Label]</label>
							<textcolor>$VAR[selected]</textcolor>
							`<animation effect="fade" start="100" end="70" time="300" tween="sine" easing="inout" condition="!Control.HasFocus(9000)">Conditional</animation>
						</control>
						<control type="label">
							<width>col-5-begin</width>
                        	<height>2-row</height>
							<textoffsetx>15</textoffsetx>
							<label>$INFO[ListItem.Label2]</label>
							<font>symbolLarge</font>
							<textcolor>$VAR[selected]</textcolor>
							`<animation effect="fade" start="100" end="70" time="300" tween="sine" easing="inout" condition="!Control.HasFocus(9000)">Conditional</animation>
						</control>
						
					</focusedlayout>
					<content>
					<!--
						<item>
							<label>$LOCALIZE[31308]</label>
							<onclick>Container.SetViewMode(603)</onclick>
							<visible>Window.IsActive(music)</visible>
							<visible>[Container.Content(artists) | Container.Content(albums)] + !Skin.HasSetting(Disable.JukeBox)</visible>
						</item>
						-->
						<item>
							<label>$LOCALIZE[535]</label>
							<onclick>Container.SetViewMode(50)</onclick>
						</item>
						
						<item>
							<label>$LOCALIZE[31309]</label>
							<onclick>Container.SetViewMode(508)</onclick>
							<visible>Window.IsActive(music)</visible>
							<visible>Container.Content(songs) + !Skin.HasSetting(Disable.SongListView)</visible>
						</item>
						<!--
						<item>
							<label>$LOCALIZE[31310]</label>
							<onclick>Container.SetViewMode(506)</onclick>
							<visible>Window.IsActive(videos)</visible>
							<visible>[Container.Content(movies) | Container.Content(sets) | Container.Content(tvshows) | Container.Content(seasons) | Container.Content(episodes) | Container.Content(artists)] + !Skin.HasSetting(Disable.RightListView)</visible>
						</item>
						<item>
							<label>$LOCALIZE[31310]</label>
							<onclick>Container.SetViewMode(506)</onclick>
							<visible>Window.IsActive(music)</visible>
							<visible>!Skin.HasSetting(Disable.RightListView)</visible>
						</item>
						<item>
							<label>$LOCALIZE[31311]</label>
							<onclick>Container.SetViewMode(602)</onclick>
							<visible>Window.IsActive(videos)</visible>
							<visible>[Container.Content(movies) | Container.Content(sets) | Container.Content(tvshows) | Container.Content(seasons) | Container.Content(episodes)] + !Skin.HasSetting(Disable.FanartListView)</visible>
						</item>
						<item>
							<label>$LOCALIZE[31311]</label>
							<onclick>Container.SetViewMode(501)</onclick>
							<visible>Window.IsActive(videos)</visible>
							<visible>[Container.Content(movies) | Container.Content(sets) | Container.Content(tvshows) | Container.Content(seasons) | Container.Content(episodes)] + !Skin.HasSetting(Disable.LowListView)</visible>
						</item>
						<item>
							<label>$LOCALIZE[31311]</label>
							<onclick>Container.SetViewMode(501)</onclick>
							<visible>Window.IsActive(music)</visible>
							<visible>[Container.Content(albums) | Container.Content(artists) | Container.Content(songs) | Container.Content(files)] + !Skin.HasSetting(Disable.LowListView)</visible>
						</item>
						<item>
							<label>$LOCALIZE[31311]</label>
							<onclick>Container.SetViewMode(501)</onclick>
							<visible>Window.IsActive(programs)</visible>
							<visible>String.Contains(Container.FolderPath,plugin.program.advanced.launcher) + !Skin.HasSetting(Disable.LowListView)</visible>
						</item>
						<item>
							<label>$LOCALIZE[31313]</label>
							<onclick>Container.SetViewMode(507)</onclick>7
							<visible>Window.IsActive(videos)</visible>
							<visible>[Container.Content(movies) | Container.Content(tvshows) | Container.Content(episodes)] + !Skin.HasSetting(Disable.BigListView)</visible>
						</item>
						<item>
							<label>$LOCALIZE[31313]</label>
							<onclick>Container.SetViewMode(507)</onclick>
							<visible>Window.IsActive(music)</visible>
							<visible>[Container.Content(albums) | Container.Content(artists)] + !Skin.HasSetting(Disable.BigListView)</visible>
						</item>
						<item>
							<label>$LOCALIZE[31606]</label>
							<onclick>Container.SetViewMode(59)</onclick>
							<visible>Window.IsActive(videos) | Window.IsActive(music)</visible>
							<visible>!Skin.HasSetting(Disable.LogoView)</visible>
							<visible>[Container.Content(movies) | Container.Content(sets) | Container.Content(tvshows) | Container.Content(artists)]</visible>
						</item>
						
						
						<item>
							<label>$LOCALIZE[31079]</label>
							<onclick>Container.SetViewMode(57)</onclick>
							<visible>[Container.Content(movies) | Container.Content(tvshows) | Container.Content(musicvideos) | Container.Content(seasons) | Container.Content(genres) | Container.Content(sets) | Container.Content(addons) | Container.Content(songs) | Container.Content(artists) | Container.Content(albums) | Container.Content(genres)] + !Skin.HasSetting(Disable.ShiftView)</visible>
						</item>
						<item>
							<label>$LOCALIZE[31079]</label>
							<onclick>Container.SetViewMode(57)</onclick>
							<visible>Window.IsActive(programs)</visible>
							<visible>String.Contains(Container.FolderPath,plugin.program.advanced.launcher) + !Skin.HasSetting(Disable.LowListView)</visible>
						</item>
						<item>
							<label>$LOCALIZE[31302]</label>
							<onclick>Container.SetViewMode(56)</onclick>
							<visible>Window.IsActive(videos)</visible>
							<visible>[Container.Content(genres) | Container.Content(tvshows) | Container.Content(movies) | Container.Content(sets) | Container.Content(seasons) | Container.Content(musicvideos)] + !Skin.HasSetting(Disable.PostersView)</visible>
						</item>
						-->
						<item>
							<label>[CAPITALIZE]$LOCALIZE[36906][/CAPITALIZE]</label>
							<onclick>Container.SetViewMode(502)</onclick>
							<visible>Window.IsActive(videos)</visible>
							<visible>Container.Content(episodes) + !Skin.HasSetting(Disable.EpisodeView)</visible>
						</item>
						<item>
							<label>$LOCALIZE[31305]</label>
							<onclick>Container.SetViewMode(53)</onclick>
							<visible>Window.IsActive(videos)</visible>
							<visible>[Container.Content(movies) | Container.Content(tvshows) | Container.Content(musicvideos) | Container.Content(seasons) | Container.Content(genres) | Container.Content(sets)] + !Skin.HasSetting(Disable.ShowCaseView)</visible>
						</item>
						<item>
							<label>31305</label>
							<onclick>Container.SetViewMode(54)</onclick>
							<visible>!Window.IsActive(videos) + !Window.IsActive(musicplaylist)</visible>
							<visible>[Container.Content(addons) | Container.Content(albums) | Container.Content(songs) | Container.Content(artists) | Container.Content(genres) | Container.Content(years) | Window.IsActive(pictures) | Container.Content(files)] + !Skin.HasSetting(Disable.ShowCaseView)</visible>
						</item>
						
						<item>
							<label>$LOCALIZE[31314]</label>
							<onclick>Container.SetViewMode(509)</onclick>
							<visible>Window.IsActive(videos)</visible>
							<visible>[Container.Content(movies) | Container.Content(sets) | Container.Content(tvshows) | Container.Content(seasons) | Container.Content(episodes)] + !Skin.HasSetting(Disable.MyFlixView)</visible>
						</item>
						<!--
						<item>
							<label>$LOCALIZE[31307]</label>
							<onclick>Container.SetViewMode(55)</onclick>
							<visible>Window.IsActive(videos)</visible>
							<visible>[Container.Content(movies) | Container.Content(tvshows) | Container.Content(seasons) | Container.Content(episodes) | Container.Content(sets)] + !Skin.HasSetting(Disable.TriPanelView)</visible>
						</item>
						<item>
							<label>$LOCALIZE[31307]</label>
							<onclick>Container.SetViewMode(55)</onclick>
							<visible>[Window.IsActive(music) | Window.IsActive(addonbrowser)]</visible>
							<visible>[Container.Content(albums) | Container.Content(artists) | Container.Content(songs) | Container.Content(addons) | Window.IsActive(music) + Container.Content(files)] + !Skin.HasSetting(Disable.TriPanelView)</visible>
						</item>
						<item>
							<label>$LOCALIZE[31307]</label>
							<onclick>Container.SetViewMode(55)</onclick>
							<visible>Window.IsActive(programs)</visible>
							<visible>String.Contains(Container.FolderPath,plugin.program.advanced.launcher) + !Skin.HasSetting(Disable.TriPanelView)</visible>
						</item>
						
						-->
						
						<item>
							<label>$LOCALIZE[31304]</label>
							<onclick>Container.SetViewMode(503)</onclick>
							<visible>Window.IsActive(videos) | Window.IsActive(programs)</visible>
							<visible>[Container.Content(movies) | Container.Content(sets) | Container.Content(tvshows) | Container.Content(seasons) | Container.Content(addons) | Container.Content(files)] + !Skin.HasSetting(Disable.WallView)</visible>
						</item>
						<item>
							<label>$LOCALIZE[31304]</label>
							<onclick>Container.SetViewMode(503)</onclick>
							<visible>Window.IsActive(music)</visible>
							<visible>[Container.Content(artists) | Container.Content(albums) | Container.Content(genres) | Container.Content(files) + !Skin.HasSetting(Disable.WallView)]</visible>
						</item>
						<item>
							<label>$LOCALIZE[31315]</label>
							<onclick>Container.SetViewMode(609)</onclick>
							<visible>Window.IsActive(videos)</visible>
							<visible>[Container.Content(movies) | Container.Content(tvshows) | Container.Content(sets)] + !Skin.HasSetting(Disable.FullscreenWallView)</visible>
						</item>
						<item>
							<label>$LOCALIZE[31315]</label>
							<onclick>Container.SetViewMode(609)</onclick>
							<visible>Window.IsActive(music)</visible>
							<visible>[Container.Content(artists) | Container.Content(albums)] | [Window.IsActive(music) + Container.Content(files)] + !Skin.HasSetting(Disable.FullscreenWallView)</visible>
						</item>
						<!--
						<item>
							<label>$LOCALIZE[31316]</label>
							<onclick>Container.SetViewMode(51)</onclick>
							<visible>Window.IsActive(videos)</visible>
							<visible>[Container.Content(tvshows) | Container.Content(movies)] + !Skin.HasSetting(Disable.InfoWallView)</visible>
						</item>
						<item>
							<label>$LOCALIZE[31316]</label>
							<onclick>Container.SetViewMode(51)</onclick>
							<visible>Window.IsActive(music) | Window.IsActive(addonbrowser) | Window.IsActive(programs)</visible>
							<visible>[Container.Content(albums) | Container.Content(artists) | Container.Content(addons)]</visible>
							<visible>!Skin.HasSetting(Disable.InfoWallView)</visible>
						</item>
						<item>
							<label>$LOCALIZE[31088]</label>
							<onclick>Container.SetViewMode(58)</onclick>
							<visible>Window.IsActive(videos)</visible>
							<visible>[Container.Content(movies) | Container.Content(tvshows)] + !Skin.HasSetting(Disable.BannerWallView)</visible>
						</item>
						<item>
							<label>$LOCALIZE[31325]</label>
							<onclick>Container.SetViewMode(52)</onclick>
							<visible>[Container.Content(movies) | Container.Content(tvshows) | Container.Content(episodes) | Container.Content(artists) | Container.Content(sets)] + !Skin.HasSetting(Disable.LandscapeView)</visible>
						</item>
						-->
						<item>
							<label>$LOCALIZE[31318]</label>
							<onclick>Container.SetViewMode(591)</onclick>
							<visible>[Container.Content(movies) | Container.Content(sets) | Container.Content(tvshows) | Container.Content(seasons)] + !Skin.HasSetting(Disable.BigFanView)</visible>
						</item>
						
						
						<item>
							<label>$LOCALIZE[31321]</label>
							<onclick>Container.SetViewMode(504)</onclick>
							<visible>[Container.Content(movies) | Container.Content(tvshows) | Container.Content(sets) | Window.IsActive(pictures)] + !Skin.HasSetting(Disable.GalleryView)</visible>
							<visible>![Window.IsActive(pictures) + Container.Content(addons)]</visible>
						</item>
						<item>
							<label>$LOCALIZE[31303]</label>
							<onclick>Container.SetViewMode(505)</onclick>
							<visible>[Container.Content(movies) | Container.Content(tvshows) | Container.Content(episodes)] + !Skin.HasSetting(Disable.PanelView)</visible>
						</item>
						<item>
							<label>$LOCALIZE[5]</label>
							<posx>20</posx>
							<onclick>ActivateWindow(1132)</onclick>
							<visible>!Skin.HasSetting(KioskMode.Enabled)</visible>
						</item>
						
					
					</content>
				</control>
				<control type="button" id="3001">
                <posx>384</posx>
                <posy>500</posy>
                <textwidth>60</textwidth>
                <font>symbolLarge</font>
                <align>center</align>
                <aligny>center</aligny>
                <width>60</width>
                <label></label>
                <label2></label2>
                <textcolor>$VAR[selected]</textcolor>
                <focusedcolor>$VAR[selected]</focusedcolor>
                <texturefocus colordiffuse="$VAR[highlight]">Colors/white.png</texturefocus>
                <texturenofocus colordiffuse="$VAR[highlight]">Colors/white.png</texturenofocus>
                <textoffsetx>2</textoffsetx>
				<onclick>Dialog.Close(1130)</onclick>
				<visible>skin.hassetting(Touch) + [controlgroup(9000).hasfocus | window.isactive(1130)] + !window.isactive(1132) + !window.isactive(MyMusicNav)</visible>
            </control>
				<include content="keyboard select">
                    <param name="posx">87%</param>
                    <param name="focus">9000</param>
                    <param name="up">up</param>
                    <param name="down">down</param>
                    <param name="left">left</param>
                    <param name="right">right</param>
                    <param name="select">select</param>
                    <param name="back">back</param>
					<param name="visible">skin.hassetting(Touch) + [controlgroup(500).hasfocus | controlgroup(9001).hasfocus | window.isactive(1130)] + !window.isactive(1132) + !window.isactive(MyMusicNav)</param>
					<param name="upview">true</param>
					<param name="downview">true</param>
					<param name="leftview">true</param>
					<param name="rightview">true</param>
					<param name="selectview">true</param>
					<param name="color">keyboardInactive</param>

                </include>
			</control>
			
		</control>
		
	</controls>
</window>