<?xml version="1.0" encoding="UTF-8"?>
<window>
    <defaultcontrol always="true">9999</defaultcontrol>
    <include>fadeInOut</include>
    <onload>Skin.SetString(recentitems,music)</onload>
	<views>50,51,52,53,54,55,56,57,59</views>
    <controls>
        <include>globalBackground</include>
		<control type="group">
            <visible>$EXP[isMusicSong]</visible>
            <control type="image">
                <include>dimensionsFullscreen</include>
                <aspectratio scalediffuse="false">stretch</aspectratio>
                <texture background="true" fallback="colors/offblack.png" border="0">$INFO[Container.Art(artist.fanart)]</texture>
				<fadetime>500</fadetime>
                <colordiffuse>55ffffff</colordiffuse>
            </control>
            <control type="image">
                <texture>vignette.png</texture>
                <colordiffuse>ffffffff</colordiffuse>
                <aspectratio>stretch</aspectratio>
            </control>
        </control>
        <!--Battery Level-->
        <include>Battery</include>
        <!--Backbutton touchscreen-->
        <include>Backbuttoncross</include>
        <include>keyboard select</include>
        <!--page container group-->
        <control type="group">
            <!--shift page for certain modal dialogs-->
            <include>modalDialogContentShift</include>
            <!--Main content listing-->
            <control type="group" id="9999">
                <include>contentOpen</include>
                <!--source content-->
                <control type="group" id="9500">
                    <include>musicfiles</include>
                    <include>musicgenre</include>
                    <include>musicartistcatalogue</include>
                    <include>musicartist</include>
					<include>musicspotifyartist</include>
                    <include>musicalbum</include>
					<include>musicspotifyalbum</include>
                    <include>musicsongs</include>
                    <include>musicPlayList</include>
                </control>
            </control>
            <!--page scrollbar-->
            <control type="group" id="8000">
                <visible>Control.IsVisible(60)</visible>
                <animation effect="fade" start="100" end="0" time="100" condition="!controlgroup(8000).hasfocus">conditional</animation>
                <control type="scrollbar" id="60">
                    <posx>54r</posx>
                    <posy>row-8-begin</posy>
                    <height>17-row</height>
                    <onleft>9999</onleft>
                    <onback>9999</onback>
                    <onright>7000</onright>
                    <onup>7000</onup>
                </control>
            </control>
            <!--page header-->
            <control type="group">
				<include>pageHeader</include>    
            </control>
        </control>
        <!--mini window-->
        <include>miniVideoPlayer</include>
        <!--hub menu-->
        <include>hubMenu</include>
        <!--loading indicator-->
        <include>loadingIndicator</include>
        <!--debugging-->
        <include>DebugGrid</include>
        <control type="label">
            <include>WindowID</include>
            <label>MyMusicNav.xml path: $INFO[container.folderpath]   name: $INFO[container.foldername]   content: $INFO[container.content]    Control: $INFO[System.CurrentControl]</label>
        </control>
    </controls>
</window>
