<?xml version="1.0" encoding="UTF-8"?>
<window>
    <defaultcontrol always="true">9999</defaultcontrol>
    <onload condition="Skin.hassetting(stopVideoOnMenu) + !Player.HasAudio">PlayerControl(stop)</onload>
    <onload>Skin.SetString(recentitems,video)</onload>
	
    <include>fadeInOut</include>
	<views>50,51,52,53,54,55,56,57,59,500,501,502,503,504,505,506,507,508,509,591,602,603,609</views>
    <controls>
        <include>globalBackground</include>
        <!--page container group-->
        <control type="group">
            <!--shift page for certain modal dialogs-->
            <include>modalDialogContentShift</include>
            <!--Backbutton touchscreen-->
            <include>Backbuttoncross</include>
            
            <!--Main content listing-->
            <control type="group" id="9999">
                <!--Battery Level-->
                <include>Battery</include>
                <include>contentOpen</include>
                <!--source content-->
                <control type="group" id="9500">
                    <include>View_50_List</include>
                    <!--
                    <include>View_51_InfoWall</include>
                    <include>View_52_Landscape</include>
                    <include>View_53_ShowCase</include>
                    -->

                    <include>View_54_ShowCase</include>
                    <!--
                    <include>View_55_TriPanel</include>
                    <include>View_56_Posters</include>
                    <include>View_57_Shift</include>
                    <include>View_58_BannerWall</include>
                    <include>View_59_Logo</include>
                    <include>View_500_Icons</include>
                    <include>View_501_LowList</include>
                    <include>View_502_Episode</include>
                    -->
                    <include>View_503_Wall</include>
                    <include>View_505_Panel</include>
                    <!--
                    <include>View_504_Gallery</include>
                    <include>View_505_Panel</include>
                    <include>View_506_RightList</include>
                    <include>View_507_BigList</include>
                    <include>View_508_SongList</include>
                    <include>View_509_MyFlix</include>
                    <include>View_591_BigFan</include>
                    <include>View_602_FanartList</include>
                    <include>View_603_Music_JukeBox</include>
                    -->
                    <include>View_609_Fullscreen_Wall</include>
			
                </control>
                <control type="button" id="3000">
                <posx>0</posx>
                <posy>500</posy>
                <textwidth>352</textwidth>
                <font>symbolLarge</font>
                <align>center</align>
                <aligny>center</aligny>
                <width>1-col</width>
                <label></label>
                <label2></label2>
                <textcolor>black</textcolor>
                <focusedcolor>black</focusedcolor>
                <texturefocus colordiffuse="$VAR[highlight]">Colors/white.png</texturefocus>
                <texturenofocus colordiffuse="$VAR[highlight]">Colors/white.png</texturenofocus>
                <onclick>setfocus(9000)</onclick>
                <visible>skin.hassetting(Touch) + [!control.hasfocus(500) + !control.hasfocus(9001)]</visible>
            </control>
            
                <include content="keyboard select">
                    <param name="posx">87%</param>
                    <param name="focus">9999</param>
                    <param name="up">up</param>
                    <param name="down">down</param>
                    <param name="left">left</param>
                    <param name="right">right</param>
                    <param name="select">select</param>
                    <param name="back">back</param>
                </include>
            </control>
            <!--page scrollbar-->
            <control type="group" id="8000">
				<control type="group">
                	<visible>Control.IsVisible(60)</visible>
	                <animation effect="fade" start="100" end="0" time="100" condition="!controlgroup(8000).hasfocus">conditional</animation>
	                <control type="scrollbar" id="60">
	                    <posx>54r</posx>
	                    <posy>row-8-begin</posy>
	                    <height>17-row</height>
	                    <onleft>9999</onleft>
	                    <onback>9999</onback>
                        <onright>7000</onright>
                        <onup>7000</onup>
                        
	                </control>
				</control>
				<control type="group">
	                <visible>Control.IsVisible(61)</visible>
	                <animation effect="fade" start="100" end="0" time="100" condition="!controlgroup(8000).hasfocus">conditional</animation>
	                <control type="scrollbar" id="61">
	                    <posx>54r</posx>
	                    <posy>row-8-begin</posy>
	                    <height>17-row</height>
	                    <onleft>9999</onleft>
	                    <onback>9999</onback>
                        <onright>7000</onright>
                        <onup>7000</onup>
	                </control>
	            </control>
            </control>        
            <!--page header-->
            <control type="group">
				<include>pageHeader</include>    
            </control>
        </control>
        <!--mini window-->
        <include>miniVideoPlayer</include>
        <!--hub menu-->
        <include>hubMenu</include>
        <!--loading indicator-->
        <include>loadingIndicator</include>
        <control type="label">
					<visible>control.isEnabled(54)</visible>
		    		<animation type="conditional" condition="player.playing" reversible="true">
		    			<effect type="slide" start="0,0" end="0,45" time="200" delay="0"/>
        			</animation>
        			<posx>300</posx>
        			<posy>15</posy>
        			<width>1395</width> 
        			<height>1-row</height>
        			<font>small</font>
        			<scroll>true</scroll>
        			<textcolor>textActive</textcolor>
        			<align>left</align>
					<label>[B]$INFO[ListItem.label][/B]</label>
					</control>
        <!--debugging-->
        <include>DebugGrid</include>
        <control type="label">
            <include>WindowID</include>
            <label>MyVideoNav.xml path: $INFO[container.folderpath] folder: $INFO[container.foldername] content: $INFO[container.content]</label>
        </control>
    </controls>
</window>