<?xml version="1.0" encoding="UTF-8"?>
<window>
    <defaultcontrol always="true">9</defaultcontrol>
    <controls>
        <include>globalBackground</include>
        <control type="multiimage">
			<animation effect="fade" start="0" end="100" time="1000">WindowOpen</animation>
			<include>dimensionsFullscreen</include>
			<imagepath>$VAR[DialogAddonSettingsBackgroundLocation]</imagepath>
			<timeperimage>45000</timeperimage>
			<fadetime>200</fadetime>
			<pauseatend>10000</pauseatend>
			<randomize>true</randomize>
			<loop>yes</loop>
			<aspectratio>scale</aspectratio>
			<colordiffuse>99ffffff</colordiffuse>
		</control>
		<!--mini window-->
		<include>miniVideoPlayer</include>
        <!--Batter Level-->
        <include>Battery</include>
        <!--Backbutton touchscreen-->
        <include>Backbutton</include>
        <!--configuration options-->
        <control type="group">
            <posx>col-4-begin</posx>
            <posy>row-4-begin</posy>
            <!--animations-->
            <include>modalDialogInOutVertical</include>
            <!--content provider title / info-->
            <control type="image">
                <posx>-12</posx>
                <posy>-12</posy>
                <width>1320</width>
                <height>23-row</height>
                <texture>colors/black.png</texture>
                <colordiffuse>overlay</colordiffuse>
                <aspectratio>stretch</aspectratio>
            </control>
            <control type="image">
                <posx>0</posx>
                <posy>0</posy>
                <width>18-col</width>
                <height>2-row</height>
                <texture>masks/discsurface.png</texture>
                <colordiffuse>$VAR[highlight]</colordiffuse>
                <aspectratio>stretch</aspectratio>
            </control>  
            <control type="label">
                <posx>24</posx>
                <posy>0</posy>
                <width>17-col</width>
                <height>2-row</height>
                <aligny>center</aligny>
                <font>dialogTitle</font>
                <label>$INFO[ListItem.AddonName] $LOCALIZE[5]</label>
                <textcolor>$VAR[Home]</textcolor>
            </control>
            <!--subnav-->
            <control type="grouplist" id="3">
                <posx>0</posx>
                <posy>84</posy>
                <width>276</width>
                <height>20-row</height>
                <onleft>9000</onleft>
                <onright>5</onright>
                <ondown>3</ondown>
                <orientation>vertical</orientation>
            </control>
            <control type="grouplist" id="5">
                <posx>4-col</posx>
                <posy>84</posy>
                <width>708</width>
                <height>20-row</height>
                <onleft>3</onleft>
                <onright>9001</onright>
                <ondown>5</ondown>
                <orientation>vertical</orientation>
            </control>
            <!--OK / Cancel-->
            <control type="panel" id="9001">
                <posx>14-col</posx>
                <posy>84</posy>
                <width>4-col</width>
                <height>20-row</height>
                <orientation>vertical</orientation>
                <onleft>5</onleft>
                <ondown>1234</ondown>
                <onup>1234</onup>
                <itemlayout width="6-col" height="2-row">
                    <control type="label">
                        <posx>0</posx>
                        <posy>0</posy>
                        <width>1-col</width>
                        <height>2-row</height>
                        <align>center</align>
                        <aligny>center</aligny>
                        <font>symbolLarge</font>
                        <textcolor>textActive</textcolor>
                        <label>$INFO[ListItem.label2]</label>
                    </control>
                    <control type="label">
                        <posx>1-col-indent</posx>
                        <posy>-1</posy>
                        <width>3-col-gutter</width>
                        <height>2-row</height>
                        <aligny>center</aligny>
                        <font>buttonTitle</font>
                        <textcolor>textActive</textcolor>
                        <label>$INFO[ListItem.label]</label>
                    </control>
                </itemlayout>
                <focusedlayout width="6-col" height="2-row">
                    <control type="image">
                        <posx>0</posx>
                        <posy>0</posy>
                        <width>1-col-textbox</width>
                        <height>2-row</height>
                        <aspectratio>stretch</aspectratio>
                        <texture>masks/discsurface.png</texture>
                        <colordiffuse>$VAR[highlight]</colordiffuse>
                        <include>spinFocusIcon</include>
                    </control>
                    <control type="image">
                        <posx>1-col</posx>
                        <posy>0</posy>
                        <width>3-col-textbox</width>
                        <height>2-row</height>
                        <aspectratio>stretch</aspectratio>
                        <texture colordiffuse="$VAR[selected_box]">masks/discsurface.png</texture>
                    </control>
                    <control type="label">
                        <posx>0</posx>
                        <posy>0</posy>
                        <width>1-col</width>
                        <height>2-row</height>
                        <align>center</align>
                        <aligny>center</aligny>
                        <font>symbolLarge</font>
                        <textcolor>$VAR[Home]</textcolor>
                        <label>$INFO[ListItem.label2]</label>
                        <shadowcolor></shadowcolor>
                    </control>
                    <control type="label">
                        <posx>1-col-indent</posx>
                        <posy>-1</posy>
                        <width>5-col-gutter</width>
                        <height>2-row</height>
                        <aligny>center</aligny>
                        <font>buttonTitle</font>
                        <textcolor>black</textcolor>
                        <label>$INFO[ListItem.label]</label>
                        <shadowcolor></shadowcolor>
                    </control>
                </focusedlayout>
                <content>
                    <item id="1">
                        <description>Ok Button</description>
                        <label>186</label>
                        <label2></label2>
                        <thumb></thumb>
                        <onclick>SendClick(28)</onclick>
                    </item>
                    <item id="2">
                        <description>Cancel Button</description>
                        <label>222</label>
                        <label2></label2>
                        <thumb></thumb>
                        <onclick>SendClick(29)</onclick>
                    </item>
                    <item id="3">
                        <description>Defaults Button</description>
                        <label>409</label>
                        <label2></label2>
                        <thumb></thumb>
                        <onclick>SendClick(30)</onclick>
                    </item>
                    <item id="4">
                        <visible>Skin.HasSetting(Touch)</visible>
                        <description>Back Button</description>
                        <label>$LOCALIZE[31253]</label>
                        <label2></label2>
                        <thumb></thumb>
                        <onclick>Back</onclick>
                    </item>
                    <item id="5">
                        
                        <description>Back Button</description>
                        <label>$LOCALIZE[31253]</label>
                        <label2></label2>
                        <thumb></thumb>
                        <onclick>SendClick(30)</onclick>
                    </item>
                </content>
            </control>
            <control type="togglebutton" id="10">
                <description>Default Category Button</description>
                <width>287</width>
                <font>buttonTitle</font>
                <texturefocus colordiffuse="$VAR[selected_box]">masks/discsurface.png</texturefocus>
                <texturenofocus></texturenofocus>
            </control>
            <control type="button" id="7">
                <description>Default Button</description>
            </control>
            <control type="radiobutton" id="8">
                <description>Default RadioButton</description>
               <textwidth>550</textwidth>
            </control>
            <control type="spincontrolex" id="9">
                <description>Default spincontrolex</description>
            </control>
            <control type="image" id="11">
                <description>Default Separator</description>
                <width>1</width>
                <height>1</height>
                <texture>colors/black.png</texture>
                <colordiffuse>ffffffff</colordiffuse>
                <aspectratio>stretch</aspectratio>
            </control>
            <control type="edit" id="12">
                <description>Default Edit</description>
				<font>buttonTitle</font>
				<textoffsetx>24</textoffsetx>
            </control>
			<control type="sliderex" id="13">
                <sliderwidth>100</sliderwidth>
                <aligny>top</aligny>
                <textoffsety>30</textoffsety>
                <texturesliderbar colordiffuse="textDisabled">buttons/slider-back.png</texturesliderbar>
		        <textureslidernib colordiffuse="textDisabled">buttons/slider-nib.png</textureslidernib>
		        <textureslidernibfocus colordiffuse="$VAR[highlight]">buttons/slider-nib.png</textureslidernibfocus>
                <description>Default Slider</description>
            </control>
			<control type="label" id="14">
                <label></label>
                <textoffsetx>24</textoffsetx>
                <height>2-row</height>
                <font>settingsCategoryTitle</font>
                <textcolor>$VAR[highlight]</textcolor>
            </control>
           
            <!--ok, cancel etc buttons-->
            <control type="group">
                <visible>false</visible>
                <control type="button" id="28">
                    <description>OK Button</description>
                </control>
                <control type="button" id="29">
                    <description>Cancel Button</description>
                </control>
                <control type="button" id="30">
                    <description>Defaults Button</description>
                </control>
                <control type="button" id="20">
                    <description>Defaults Button</description>
                </control>
            </control>
        </control>
                 <control type="button" id="1234">
                    <posx>1300</posx>
                    <posy>900</posy>
                    <width>300</width>
                    <font>smallStrong</font>
                    <texturenofocus colordiffuse="FFFFFF">masks/discsurface.png</texturenofocus>
                    <label>[B][COLOR $VAR[selected]]$LOCALIZE[21417]:[/COLOR][/B] $INFO[control.getlabel(20)]</label>
                    <onclick>SettingsLevelChange</onclick>
                    <onup>9001</onup>
                    <ondown>9001</ondown>
				    <width>276</width>
            </control>
        <!--debugging-->
        <include>DebugGrid</include>
        <control type="label">
            <include>DialogID</include>
            <label>DialogAddonSettings.xml</label>
        </control>
    </controls>
</window>
