<?xml version="1.0" encoding="UTF-8"?>
<window id="1112" type="window">
    <defaultcontrol always="true">200</defaultcontrol>
    <controls>
        <!--background-->
        <include>globalBackground</include>
        <control type="multiimage">
			<animation effect="fade" start="0" end="100" time="1000">WindowOpen</animation>
			<include>dimensionsFullscreen</include>
			<imagepath>$VAR[homeBackgroundLocation]</imagepath>
			<timeperimage>45000</timeperimage>
			<fadetime>200</fadetime>
			<pauseatend>10000</pauseatend>
			<randomize>true</randomize>
			<loop>yes</loop>
			<aspectratio>scale</aspectratio>
			<colordiffuse>99ffffff</colordiffuse>
		</control>
        <!--mini window-->
		<include>miniVideoPlayer</include>

        <!--Battery level-->
        <include>Battery</include>
         <!--Backbutton touchscreen-->
        <include>Backbutton</include>
        <control type="group">
            <posx>col-9-begin</posx>
            <posy>row-6-begin</posy>
            <!--animations-->
            <include>modalDialogInOutVertical</include>
            <!--Initial menu-->
                <control type="image">
                    <posx>-12</posx>
                    <posy>-12</posy>
                    <width>600</width>
                    <height>600</height>
                    <texture>colors/black.png</texture>
                    <colordiffuse>overlay</colordiffuse>
                    <aspectratio>stretch</aspectratio>
                </control>
                <control type="image">
                    <posx>0</posx>
                    <posy>0</posy>
                    <width>8-col</width>
                    <height>2-row</height>
                    <texture>colors/white.png</texture>
                    <colordiffuse>$VAR[highlight]</colordiffuse>
                    <aspectratio>stretch</aspectratio>
                </control>
                <!--title-->
                <control type="label">
                    <posx>24</posx>
                    <posy>0</posy>
                    <width>8-col-gutter</width>
                    <height>2-row</height>
                    <font>dialogTitle</font>
                    <label>$LOCALIZE[31259]</label>
                    <textcolor>$VAR[Home]</textcolor>
                    <shadowcolor></shadowcolor>
                </control>
            <!--options-->

            <control type="grouplist" id="200">
                <posx>0</posx>
                <posy>84</posy>
                <width>8-col</width>
                <height>490</height>
                <itemgap>20</itemgap>
                <orientation>vertical</orientation>
                
                <control type="radiobutton" id="1">
					<width>8-col</width>
                    
                    <label>31286</label>
					<onclick>SetProperty(Reset.Color,highlight_color)</onclick>
					<onclick>Skin.SetColor(highlight_color, 31286, ffad1e4e, special://skin/extras/colors.xml)</onclick>
					<texturefocus colordiffuse="$VAR[selected_box]">Colors/listselect_fo.png</texturefocus>
                    <textureradioonfocus colordiffuse="$VAR[highlight]">Colors/white.png</textureradioonfocus>
                    <textureradioonnofocus colordiffuse="$VAR[highlight]">Colors/white.png</textureradioonnofocus>
                    <textureradioofffocus colordiffuse="$VAR[highlight]">Colors/white.png</textureradioofffocus>
                    <textureradiooffnofocus colordiffuse="$VAR[highlight]">Colors/white.png</textureradiooffnofocus>
                    <radiowidth>60</radiowidth>
		            <radioheight>60</radioheight>
                </control>
                <control type="radiobutton" id="2">
					<width>8-col</width>
                    
                    <label>31287</label>
					<onclick>SetProperty(Reset.Color,highlight_Shadow_color)</onclick>
					<onclick>Skin.SetColor(highlight_Shadow_color, 31287, 77ad1e4e, special://skin/extras/colors.xml)</onclick>
					<texturefocus colordiffuse="$VAR[selected_box]">Colors/listselect_fo.png</texturefocus>
                    <textureradioonfocus colordiffuse="$VAR[highlight_Shadow]">Colors/white.png</textureradioonfocus>
                    <textureradioonnofocus colordiffuse="$VAR[highlight_Shadow]">Colors/white.png</textureradioonnofocus>
                    <textureradioofffocus colordiffuse="$VAR[highlight_Shadow]">Colors/white.png</textureradioofffocus>
                    <textureradiooffnofocus colordiffuse="$VAR[highlight_Shadow]">Colors/white.png</textureradiooffnofocus>
                    <radiowidth>60</radiowidth>
		            <radioheight>60</radioheight>
                </control>
                <control type="radiobutton" id="3">
					<width>8-col</width>
                    
                    <label>31288</label>
					<onclick>SetProperty(Reset.Color,Home_color)</onclick>
					<onclick>Skin.SetColor(Home_color, 31288, fff0f0f0, special://skin/extras/colors.xml)</onclick>
					<texturefocus colordiffuse="$VAR[selected_box]">Colors/listselect_fo.png</texturefocus>
                    <textureradioonfocus colordiffuse="$VAR[Home]">Colors/white.png</textureradioonfocus>
                    <textureradioonnofocus colordiffuse="$VAR[Home]">Colors/white.png</textureradioonnofocus>
                    <textureradioofffocus colordiffuse="$VAR[Home]">Colors/white.png</textureradioofffocus>
                    <textureradiooffnofocus colordiffuse="$VAR[Home]">Colors/white.png</textureradiooffnofocus>
                    <radiowidth>60</radiowidth>
		            <radioheight>60</radioheight>
                </control>
                <control type="radiobutton" id="4">
					<width>8-col</width>
                    
                    <label>31289</label>
					<onclick>SetProperty(Reset.Color,Selected_color)</onclick>
					<onclick>Skin.SetColor(Selected_color, 31289, FFFFFF00, special://skin/extras/colors.xml)</onclick>
					<texturefocus colordiffuse="$VAR[selected_box]">Colors/listselect_fo.png</texturefocus>
                    <textureradioonfocus colordiffuse="$VAR[selected]">Colors/white.png</textureradioonfocus>
                    <textureradioonnofocus colordiffuse="$VAR[selected]">Colors/white.png</textureradioonnofocus>
                    <textureradioofffocus colordiffuse="$VAR[selected]">Colors/white.png</textureradioofffocus>
                    <textureradiooffnofocus colordiffuse="$VAR[selected]">Colors/white.png</textureradiooffnofocus>
                    <radiowidth>60</radiowidth>
		            <radioheight>60</radioheight>
                </control>
                <control type="radiobutton" id="5">
					<width>8-col</width>
                    
                    <label>31290</label>
					<onclick>SetProperty(Reset.Color,Selected_box_color)</onclick>
					<onclick>Skin.SetColor(Selected_box_color, 31290, 7fffffff, special://skin/extras/colors.xml)</onclick>
					<texturefocus colordiffuse="$VAR[selected_box]">Colors/listselect_fo.png</texturefocus>
                    <textureradioonfocus colordiffuse="$VAR[selected_box">Colors/white.png</textureradioonfocus>
                    <textureradioonnofocus colordiffuse="$VAR[selected_box">Colors/white.png</textureradioonnofocus>
                    <textureradioofffocus colordiffuse="$VAR[selected_box">Colors/white.png</textureradioofffocus>
                    <textureradiooffnofocus colordiffuse="$VAR[selected_box">Colors/white.png</textureradiooffnofocus>
                    <radiowidth>60</radiowidth>
		            <radioheight>60</radioheight>
                </control>
                <control type="togglebutton" id="6">
					<width>8-col</width>
                    <texturefocus colordiffuse="$VAR[selected_box]">Colors/listselect_fo.png</texturefocus>
                    <texturefocus colordiffuse="$VAR[selected_box]">Colors/listselect_fo.png</texturefocus>
                    <label>$LOCALIZE[13007]</label>
					<onclick>activateWindow(1113)</onclick>
                    
				</control>


            </control>
        </control>
        
        <!--debugging-->
        <include>DebugGrid</include>
        <control type="label">
            <include>DialogID</include>
            <label>custom_color_user.xml</label>
        </control>
    </controls>
</window>