<?xml version="1.0" encoding="UTF-8"?>
<window>
    <defaultcontrol always="true">9999</defaultcontrol>
    <onload condition="Skin.hassetting(stopVideoOnMenu) + !Player.HasAudio">PlayerControl(stop)</onload>
    <onload>Skin.SetString(recentitems,video)</onload>
	<onload condition="String.Contains(container.folderpath,plugin://)">Container.SetViewMode(50)</onload>
    <include>fadeInOut</include>
	<views>50,51,52,53,54,55,58,59</views>
    <controls>
        <include>globalBackground</include>
        <!--page container group-->
        <control type="group">
            <!--shift page for certain modal dialogs-->
            <include>modalDialogContentShift</include>
            <!--Backbutton touchscreen-->
            <include>Backbutton</include>
            
            <!--Main content listing-->
            <control type="group" id="9999">
                <!--Battery Level-->
                <include>Battery</include>
                <include>contentOpen</include>
                <!--source content-->
                <control type="group" id="9500">
                    <include>videofiles</include>
                    <include>movies</include>
					<include>addonposters</include>
                    <include>tvshows</include>
                    <include>seasons</include>
                    <include>episodes</include>
                    <include>musicvideos</include>
                </control>
                <include>keyboard select</include>
            </control>
            <!--page scrollbar-->
            <control type="group" id="8000">
				<control type="group">
                	<visible>Control.IsVisible(60)</visible>
	                <animation effect="fade" start="100" end="0" time="100" condition="!controlgroup(8000).hasfocus">conditional</animation>
	                <control type="scrollbar" id="60">
	                    <posx>54r</posx>
	                    <posy>row-8-begin</posy>
	                    <height>17-row</height>
	                    <onleft>9999</onleft>
	                    <onback>9999</onback>
                        <onright>7000</onright>
                        <onup>7000</onup>
                        
	                </control>
				</control>
				<control type="group">
	                <visible>Control.IsVisible(61)</visible>
	                <animation effect="fade" start="100" end="0" time="100" condition="!controlgroup(8000).hasfocus">conditional</animation>
	                <control type="scrollbar" id="61">
	                    <posx>54r</posx>
	                    <posy>row-8-begin</posy>
	                    <height>17-row</height>
	                    <onleft>9999</onleft>
	                    <onback>9999</onback>
                        <onright>7000</onright>
                        <onup>7000</onup>
	                </control>
	            </control>
            </control>        
            <!--page header-->
            <control type="group">
				<include>pageHeader</include>    
            </control>
        </control>
        <!--mini window-->
        <include>miniVideoPlayer</include>
        <!--hub menu-->
        <include>hubMenu</include>
        <!--loading indicator-->
        <include>loadingIndicator</include>
        <!--debugging-->
        <include>DebugGrid</include>
        <control type="label">
            <include>WindowID</include>
            <label>MyVideoNav.xml path: $INFO[container.folderpath] folder: $INFO[container.foldername] content: $INFO[container.content]</label>
        </control>
    </controls>
</window>