<?xml version="1.0" encoding="UTF-8"?>
<window>
    <defaultcontrol always="true">50</defaultcontrol>
	<views>50,51</views>
	<onunload>CancelAlarm(hidemenu,true)</onunload>
    <controls>
        <include>globalBackground</include>
        <control type="multiimage">
			<animation effect="fade" start="0" end="100" time="1000">WindowOpen</animation>
			<include>dimensionsFullscreen</include>
			<imagepath>$VAR[homeBackgroundLocation]</imagepath>
			<timeperimage>45000</timeperimage>
			<fadetime>200</fadetime>
			<pauseatend>10000</pauseatend>
			<randomize>true</randomize>
			<loop>yes</loop>
			<aspectratio>scale</aspectratio>
			<colordiffuse>99ffffff</colordiffuse>
		</control>
		<!--mini window-->
		<include>miniVideoPlayer</include>
        <include>Battery</include>
        <!--Backbutton touchscreen-->
        <include>Backbutton</include>

        <control type="group" id="9999">
            <control type="group">
                <posx>col-9-begin</posx>
                <posy>row-6-begin</posy>
                <visible>String.IsEqual(container.folderpath,addons://)</visible>
                <!--animations-->
                <include>modalDialogInOutVertical</include>
                <!--Initial menu-->
                <control type="image">
                    <posx>-12</posx>
                    <posy>-12</posy>
                    <width>600</width>
                    <height>600</height>
                    <texture>colors/black.png</texture>
                    <colordiffuse>overlay</colordiffuse>
                    <aspectratio>stretch</aspectratio>
                </control>
                <control type="image">
                    <posx>0</posx>
                    <posy>0</posy>
                    <width>8-col</width>
                    <height>2-row</height>
                    <texture>colors/white.png</texture>
                    <colordiffuse>highlight</colordiffuse>
                    <aspectratio>stretch</aspectratio>
                </control>
                <!--title-->
                <control type="label">
                    <posx>24</posx>
                    <posy>0</posy>
                    <width>8-col-gutter</width>
                    <height>2-row</height>
                    <font>dialogTitle</font>
                    <label>$LOCALIZE[31113]</label>
                    <textcolor>Home</textcolor>
                    <shadowcolor></shadowcolor>
                </control>
                <control type="panel" id="50">
                    <visible>String.IsEqual(container.folderpath,addons://)</visible>
                    <posx>0</posx>
                    <posy>84</posy>
                    <width>8-col</width>
                    <height>18-row</height>
                    <onleft>activateWindow(contextmenu)</onleft>
                    <ondown>50</ondown>
                    <onup>9000</onup>
                    <itemgap>0</itemgap>
                    <itemlayout width="8-col" height="84">
	                    <control type="image">
	                        <posx>0</posx>
	                        <posy>0</posy>
	                        <width>69</width>
	                        <height>69</height>
	                        <aspectratio scalediffuse="false">stretch</aspectratio>
	                        <texture fallback="colors/offblack.png" border="0">$INFO[Listitem.thumb]</texture>
	                    </control>
                        <control type="image">
                            <posx>0</posx>
                            <posy>0</posy>
                            <width>1-col</width>
                            <height>2-row</height>
                            <aspectratio>stretch</aspectratio>
                            <texture>$INFO[listitem.icon]</texture>
                        </control>
                        <control type="label">
                            <posx>1-col-indent</posx>
                            <posy>-1</posy>
                            <width>6-col-gutter</width>
                            <height>2-row</height>
                            <aligny>center</aligny>
                            <font>buttonTitle</font>
                            <textcolor>textActive</textcolor>
                            <label>$INFO[ListItem.label]</label>
                        </control>
                    </itemlayout>
                    <focusedlayout width="8-col" height="84">
                        <control type="group">
                            <control type="image">
								<animation type="focus">
						            <effect type="fade" start="100" end="50" time="0"/>
						        </animation>
                                <posx>0</posx>
                                <posy>0</posy>
                                <width>1-col</width>
                                <height>2-row</height>
                                <aspectratio>stretch</aspectratio>
                                <texture>colors/white.png</texture>
                                <colordiffuse>highlight</colordiffuse>
                            </control>
                            <control type="image">
                                <posx>0</posx>
                                <posy>0</posy>
                                <width>1-col</width>
                                <height>2-row</height>
                                <aspectratio>stretch</aspectratio>
                                <colordiffuse>Home</colordiffuse>
                                <texture>$INFO[listitem.icon]</texture>
                            </control>
                            <include>spinFocusIcon</include>
                        </control>
                        <control type="image">
                            <posx>1-col</posx>
                            <posy>0</posy>
                            <width>7-col</width>
                            <height>2-row</height>
                            <aspectratio>stretch</aspectratio>
                            <texture>colors/white.png</texture>
                        </control>
                        <control type="label">
                            <posx>0</posx>
                            <posy>0</posy>
                            <width>1-col</width>
                            <height>2-row</height>
                            <align>center</align>
                            <aligny>center</aligny>
                            <font>symbolLarge</font>
                            <textcolor>textActive</textcolor>
                            <label>$INFO[ListItem.label2]</label>
                            <shadowcolor></shadowcolor>
                        </control>
                        <control type="label">
                            <posx>1-col-indent</posx>
                            <posy>-1</posy>
                            <width>6-col-gutter</width>
                            <height>2-row</height>
                            <aligny>center</aligny>
                            <font>buttonTitle</font>
                            <textcolor>black</textcolor>
                            <label>$INFO[ListItem.label]</label>
                            <shadowcolor></shadowcolor>
                        </control>
                    </focusedlayout>
                </control>
            </control>
            <!--submenus-->
            <control type="group">
                <!--animations-->
                <animation type="visible">
                    <effect type="fade" start="0" end="100" time="300"/>
                    <effect type="slide" start="0,-200" end="0" tween="cubic" easing="out" time="400"/>
                </animation>
                <posx>col-7-begin</posx>
                <posy>row-4-begin</posy>
                <visible>!String.IsEqual(container.folderpath,addons://)</visible>
                <!--dialog background-->
                <control type="image">
                    <posx>-12</posx>
                    <posy>-12</posy>
                    <width>888</width>
                    <height>792</height>
                    <texture>colors/black.png</texture>
                    <colordiffuse>overlay</colordiffuse>
                    <aspectratio>stretch</aspectratio>
                </control>
				<control type="image">
                    <posx>0</posx>
                    <posy>0</posy>
                    <width>12-col</width>
                    <height>71</height>
                    <texture>colors/white.png</texture>
                    <colordiffuse>highlight</colordiffuse>
                    <aspectratio>stretch</aspectratio>
                </control>
                <!--title-->
                <control type="label">
                    <posx>24</posx>
                    <posy>0</posy>
                    <width>11-col</width>
                    <height>2-row</height>
                    <font>dialogTitle</font>
                    <label>$INFO[container.foldername] $INFO[container.numitems,(,)]</label>
                    <textcolor>Home</textcolor>
                    <shadowcolor></shadowcolor>
                </control>
                <control type="image">
                        <posx>0</posx>
                        <posy>71</posy>
                        <width>12-col</width>
                        <height>700</height>
	                    <texture fallback="overlay">$INFO[listitem.thumb]</texture>
	                    <colordiffuse>ff555555</colordiffuse>
	                    <aspectratio>scale</aspectratio>
				        <fadetime>0</fadetime>
	            </control>
                <control type="panel" id="51">
                    <visible>!String.IsEqual(container.folderpath,addons://)</visible>
                    <posx>0</posx>
                    <posy>84</posy>
                    <width>12-col</width>
                    <height>19-row</height>
                    <onleft>activateWindow(contextmenu)</onleft>
                    <onright>60</onright>
                    <ondown>51</ondown>
                    <onup>51</onup>
                    <pagecontrol>60</pagecontrol>
                    <itemlayout width="12-col" height="84">
	                    <control type="image">
	                        <posx>0</posx>
	                        <posy>0</posy>
	                        <width>69</width>
	                        <height>69</height>
	                        <aspectratio scalediffuse="false">stretch</aspectratio>
	                        <texture fallback="kodilogo.png" border="0">$INFO[Listitem.thumb]</texture>
	                    </control>
                        <control type="label">
                            <visible>ListItem.AddonLifecycleDesc</visible>
                            <posx>0</posx>
                            <posy>0</posy>
                            <width>1-col</width>
                            <height>2-row</height>
                            <align>center</align>
                            <aligny>center</aligny>
                            <font>symbolLarge</font>
                            <textcolor>textActive</textcolor>
                            <label></label>
                            <shadowcolor></shadowcolor>
                        </control>
                        <control type="label">
                            <visible>ListItem.Property(Addon.HasUpdate)</visible>
                            <posx>0</posx>
                            <posy>0</posy>
                            <width>1-col</width>
                            <height>2-row</height>
                            <align>center</align>
                            <aligny>center</aligny>
                            <font>symbolLarge</font>
                            <textcolor>textActive</textcolor>
                            <label></label>
                            <shadowcolor></shadowcolor>
                        </control>
                        <control type="label">
                            <posx>1-col-indent</posx>
                            <posy>0</posy>
                            <width>10-col-gutter</width>
                            <height>2-row</height>
                            <aligny>center</aligny>
                            <font>itemTitle</font>
                            <textcolor>textActive</textcolor>
                            <shadowcolor></shadowcolor>
                            <label>$INFO[ListItem.Label]</label>
                        </control>
                        <control type="label">
                            <visible>ListItem.Property(addon.downloading)</visible>
                            <posx>8-col-indent</posx>
                            <posy>0</posy>
                            <width>10-col-gutter</width>
                            <height>2-row</height>
                            <aligny>center</aligny>
                            <font>itemTitle</font>
                            <textcolor>textActive</textcolor>
                            <shadowcolor></shadowcolor>
                            <label>$INFO[ListItem.Property(Addon.Status)]</label>
                        </control>
                    </itemlayout>
                    <focusedlayout width="14-col" height="84">
                        <control type="group">
                            <include>spinFocusIcon</include>
                            <control type="image">
								<animation type="focus">
						            <effect type="rotatey" end="360" center="36" tween="back" easing="out" time="1000"/>
						        </animation>
                                <posx>0</posx>
                                <posy>0</posy>
                                <width>1-col</width>
                                <height>1-col</height>
                                <aspectratio scalediffuse="false">stretch</aspectratio>
	                            <texture fallback="colors/white" border="0">$INFO[Listitem.thumb]</texture>
                            </control>
                            <control type="image">
								<animation type="focus">
						            <effect type="rotatey" end="360" center="36" tween="back" easing="out" time="1000"/>
						        </animation>
                                <posx>0</posx>
                                <posy>0</posy>
                                <width>1-col</width>
                                <height>1-col</height>
	                            <texture fallback="kodilogo.png" border="0">$INFO[Listitem.thumb]</texture>
                                <colordiffuse>highlight</colordiffuse>
                            </control>
                            <control type="image">
								<animation type="focus">
						            <effect type="rotatey" end="360" center="36" tween="back" easing="out" time="1000"/>
						        </animation>
                                <posx>0</posx>
                                <posy>0</posy>
                                <width>1-col</width>
                                <height>1-col</height>
	                            <texture>$INFO[Listitem.thumb]</texture>
                            </control>
                            <control type="label">
                                <visible>ListItem.AddonLifecycleDesc</visible>
                                <posx>0</posx>
                                <posy>0</posy>
                                <width>1-col</width>
                                <height>2-row</height>
                                <align>center</align>
                                <aligny>center</aligny>
                                <font>symbolLarge</font>
                                <textcolor>textActive</textcolor>
                                <label></label>
                                <shadowcolor></shadowcolor>
                            </control>
                            <control type="label">
                                <visible>ListItem.Property(Addon.HasUpdate)</visible>
                                <posx>0</posx>
                                <posy>0</posy>
                                <width>1-col</width>
                                <height>2-row</height>
                                <align>center</align>
                                <aligny>center</aligny>
                                <font>symbolLarge</font>
                                <textcolor>textActive</textcolor>
                                <label></label>
                                <shadowcolor></shadowcolor>
                            </control>
                        </control>
                        <control type="image">
                            <posx>1-col</posx>
                            <posy>0</posy>
                            <width>11-col-textbox</width>
                            <height>2-row</height>
                            <aspectratio>stretch</aspectratio>
                            <texture border="0">colors/white.png</texture>
                        </control>
                        <control type="label">
                            <posx>1-col-indent</posx>
                            <posy>0</posy>
                            <width>9-col-gutter</width>
                            <height>2-row</height>
                            <aligny>center</aligny>
                            <font>itemTitle</font>
                            <textcolor>black</textcolor>
                            <shadowcolor></shadowcolor>
                            <label>$INFO[ListItem.Label]</label>
                        </control>
                        <control type="label">
                           <visible>ListItem.Property(addon.downloading)</visible>
                            <posx>8-col-indent</posx>
                            <posy>0</posy>
                            <width>9-col-gutter</width>
                            <height>2-row</height>
                            <aligny>center</aligny>
                            <font>itemTitle</font>
                            <textcolor>black</textcolor>
                            <shadowcolor></shadowcolor>
                            <label>$INFO[ListItem.Property(Addon.Status)]</label>
                        </control>

                    </focusedlayout>
                </control>                
            </control>
            <control type="group">
                <!--page scrollbar-->
                <control type="group" id="8000">
                    <visible>Control.IsVisible(60)</visible>
                    <animation effect="fade" start="100" end="0" time="100" condition="!controlgroup(8000).hasfocus">conditional</animation>
                    <control type="scrollbar" id="60">
                        <posx>1420</posx>
                        <posy>row-11-begin</posy>
                        <height>10-row</height>
                        <onleft>50</onleft>
                        <onback>50</onback>
                        <onright>9000</onright>
                        <onup>9000</onup>
                    </control>
                </control>
            </control>
        </control>
        <!--debugging-->
        <include>DebugGrid</include>
        <control type="label">
            <include>DialogID</include>
            <label>AddonBrowser.xml</label>
        </control>
    </controls>
</window>
