<?xml version="1.0" encoding="UTF-8"?>
<overrides>
	<doNotShareMenu/>
	<override action="RunScript(script.globalsearch)">
		<condition>!system.hasaddon(script.globalsearch)</condition>
		<action>InstallAddon(script.globalsearch)</action>
		<action>InstallAddon(plugin.program.autocompletion)</action>
	</override>
	<override action="RunScript(script.globalsearch)">
		<condition>system.hasaddon(script.globalsearch)</condition>
		<action>::ACTION::</action>
	</override>

	<override action="ActivateWindow(Videos,videodb://movies/titles/)" group="mainmenu">
		<condition>!Skin.HasSetting(disableRecentMovies)</condition>
		<action>::ACTION::</action>
		<action>control.setfocus(9103,0,absolute)</action>
	</override>
	<override action="ActivateWindow(Videos,videodb://movies/titles/)" group="mainmenu">
		<condition>Skin.HasSetting(disableRecentMovies)</condition>
		<action>::ACTION::</action>
	</override>
	<override action="ActivateWindow(Videos,videodb://movies/titles/)" group="videosubmenu">
		<condition>!window.isactive(videos) + !Skin.HasSetting(disableRecentMovies)</condition>
		<action>::ACTION::</action>
		<action>control.setfocus(9103,0,absolute)</action>
	</override>
	<override action="ActivateWindow(Videos,videodb://movies/titles/)" group="videosubmenu">
		<condition>window.isactive(videos) + !Skin.HasSetting(disableRecentMovies)</condition>
		<action>Container.Update(videodb://movies/titles/)</action>
		<action>control.setfocus(9103,0,absolute)</action>
	</override>
	<override action="ActivateWindow(Videos,videodb://movies/titles/)" group="videosubmenu">
		<condition>!window.isactive(videos) + Skin.HasSetting(disableRecentMovies)</condition>
		<action>::ACTION::</action>
		<action>control.setfocus(9104,0,absolute)</action>
	</override>
	<override action="ActivateWindow(Videos,videodb://movies/titles/)" group="videosubmenu">
		<condition>window.isactive(videos) + Skin.HasSetting(disableRecentMovies)</condition>
		<action>Container.Update(videodb://movies/titles/)</action>
		<action>control.setfocus(9104,0,absolute)</action>
	</override>
	
	<override action="ActivateWindow(Videos,videodb://tvshows/titles/)" group="mainmenu">
		<condition>!Skin.HasSetting(disableRecentTVShows)</condition>
		<action>::ACTION::</action>
		<action>control.setfocus(9203,0,absolute)</action>
	</override>
	<override action="ActivateWindow(Videos,videodb://tvshows/titles/)" group="mainmenu">
		<condition>Skin.HasSetting(disableRecentTVShows)</condition>
		<action>::ACTION::</action>
	</override>
	<override action="ActivateWindow(Videos,videodb://tvshows/titles/)" group="videosubmenu">
		<condition>!window.isactive(videos) + !Skin.HasSetting(disableRecentTVShows)</condition>
		<action>::ACTION::</action>
		<action>control.setfocus(9203,0,absolute)</action>
	</override>
	<override action="ActivateWindow(Videos,videodb://tvshows/titles/)" group="videosubmenu">
		<condition>window.isactive(videos) + !Skin.HasSetting(disableRecentTVShows)</condition>
		<action>Container.Update(videodb://tvshows/titles/)</action>
		<action>control.setfocus(9203,0,absolute)</action>
	</override>
	<override action="ActivateWindow(Videos,videodb://tvshows/titles/)" group="videosubmenu">
		<condition>!window.isactive(videos) + Skin.HasSetting(disableRecentTVShows)</condition>
		<action>::ACTION::</action>
		<action>control.setfocus(9204,0,absolute)</action>
	</override>
	<override action="ActivateWindow(Videos,videodb://tvshows/titles/)" group="videosubmenu">
		<condition>window.isactive(videos) + Skin.HasSetting(disableRecentTVShows)</condition>
		<action>Container.Update(videodb://tvshows/titles/)</action>
		<action>control.setfocus(9204,0,absolute)</action>
	</override>
	
	<override action="ActivateWindow(Music,musicdb://artists/)" group="musicsubmenu">
		<condition>window.isactive(music)</condition>
		<action>Container.Update(musicdb://artists/)</action>
		<action>control.setfocus(51,0,absolute)</action>
	</override>
	<override action="ActivateWindow(Music,musicdb://artists/)" group="musicsubmenu">
		<condition>!window.isactive(music)</condition>
		<action>::ACTION::</action>
	</override>
	
	<override action="ActivateWindow(Music,musicdb://albums/)" group="mainmenu">
		<condition>!Skin.HasSetting(disableRecentAlbums)</condition>
		<action>::ACTION::</action>
		<action>control.setfocus(9998,0,absolute)</action>
	</override>
	<override action="ActivateWindow(Music,musicdb://albums/)" group="mainmenu">
		<condition>Skin.HasSetting(disableRecentAlbums)</condition>
		<action>::ACTION::</action>
	</override>
	<override action="ActivateWindow(Music,musicdb://albums/)" group="musicsubmenu">
		<condition>!window.isactive(music) + !Skin.HasSetting(disableRecentAlbums)</condition>
		<action>::ACTION::</action>
		<action>control.setfocus(9998,0,absolute)</action>
	</override>
	<override action="ActivateWindow(Music,musicdb://albums/)" group="musicsubmenu">
		<condition>window.isactive(music) + !Skin.HasSetting(disableRecentAlbums)</condition>
		<action>Container.Update(musicdb://albums/)</action>
		<action>control.setfocus(9998,0,absolute)</action>
	</override>
	<override action="ActivateWindow(Music,musicdb://albums/)" group="musicsubmenu">
		<condition>!window.isactive(music) + Skin.HasSetting(disableRecentAlbums)</condition>
		<action>::ACTION::</action>
		<action>control.setfocus(9124,0,absolute)</action>
	</override>
	<override action="ActivateWindow(Music,musicdb://albums/)" group="musicsubmenu">
		<condition>window.isactive(music) + Skin.HasSetting(disableRecentAlbums)</condition>
		<action>Container.Update(musicdb://albums/)</action>
		<action>control.setfocus(9124,0,absolute)</action>
	</override>
	
	<override action="ActivateWindow(Music,musicdb://genres/)" group="musicsubmenu">
		<condition>window.isactive(music)</condition>
		<action>Container.Update(musicdb://genres/)</action>
	</override>
	<override action="ActivateWindow(Music,musicdb://genres/)" group="musicsubmenu">
		<condition>!window.isactive(music)</condition>
		<action>::ACTION::</action>
	</override>
	
	<override action="ActivateWindow(Videos,videodb://musicvideos/titles/)" group="musicsubmenu">
		<condition>window.isactive(music)</condition>
		<action>Container.Update(videodb://musicvideos/titles/)</action>
	</override>
	<override action="ActivateWindow(Videos,videodb://musicvideos/titles/)" group="musicsubmenu">
		<condition>!window.isactive(music)</condition>
		<action>::ACTION::</action>
	</override>
	
	<groupoverride group="videosubmenu" condition="true">control.setfocus(9999)</groupoverride>
	<groupoverride group="musicsubmenu" condition="true">control.setfocus(9999)</groupoverride>
	<groupoverride group="picturessubmenu" condition="true">control.setfocus(9999)</groupoverride>

	<!-- Favourites -->
	<override action="ActivateWindow(Favourites)">
    	<action>ActivateWindow(FavouritesBrowser)</action>
   </override>

</overrides>
