<?xml version="1.0" encoding="UTF-8"?>
<window type="window" id="1108">
    <onload condition="!Skin.HasSetting(StartupIntro)">SetProperty(Playing.StartupIntro,True,Home)</onload>
	<onload condition="!Skin.HasSetting(StartupIntro)">SetFocus(10)</onload>
	<onload condition="Skin.HasSetting(StartupIntro)">ReplaceWindow($INFO[System.StartupWindow])</onload>
		 
    <controls>
        <control type="button" id="10">
			<include>HiddenObject</include>
			<onfocus>ReplaceWindow($INFO[System.StartupWindow])</onfocus>
			<onfocus>PlayMedia($ESCINFO[Skin.String(StartupIntro)])</onfocus>
		</control>

        
    </controls>
</window>