<?xml version="1.0" encoding="UTF-8"?>
<window>
    <defaultcontrol always="true">20</defaultcontrol>
    <onload>Dialog.Close(fullscreeninfo,true)</onload>
    <onload>Dialog.Close(videoosd,true)</onload>
    <controls>
        <control type="group">
            <animation type="WindowOpen" reversible="false">
                <effect type="fade" start="0" end="100" time="400" />
                <effect type="slide" start="0,-181" end="0,0" time="400" />
            </animation>
            <animation type="WindowClose" reversible="false">
                <effect type="fade" start="100" end="0" time="400" />
                <effect type="slide" start="0,0" end="0,-181" time="400" />
            </animation>
            <control type="group">
                <height>181</height>
                <!-- Background -->
                <control type="image">
                    <top>0</top>
                    <width>100%</width>
                    <height>181</height>
                    <texture colordiffuse="dd000000">bg.png</texture>
                </control>
                <!-- Thumb -->
                <control type="group">
                    <top>20</top>
                    <left>20</left>
                    <control type="image">
                        <top>-2</top>
                        <left>-2</left>
                        <width>254</width>
                        <height>144</height>
                        <texture>shadow.png</texture>
                    </control>
                    <control type="image">
                        <width>250</width>
                        <height>141</height>
                        <texture colordiffuse="FF12A0C7">white.png</texture>
                        <visible>String.IsEmpty(Window.Property(thumb)) + String.IsEmpty(Window.Property(landscape)) + String.IsEmpty(Window.Property(fanart))</visible>
                    </control>
                    <control type="textbox">
                        <top>10</top>
                        <left>10</left>
                        <width>230</width>
                        <height>121</height>
                        <font>textbox</font>
                        <textcolor>ffffffff</textcolor>
                        <shadowcolor>00000000</shadowcolor>
                        <align>center</align>
                        <aligny>center</aligny>
                        <label>$INFO[Window.Property(tvshowtitle)]</label>
                        <visible>String.IsEmpty(Window.Property(thumb)) + String.IsEmpty(Window.Property(landscape)) + String.IsEmpty(Window.Property(fanart))</visible>
                    </control>
                    <control type="image">
                        <width>250</width>
                        <height>141</height>
                        <texture>$INFO[Window.Property(landscape)]</texture>
                        <aspectratio>scale</aspectratio>
                    </control>
                    <control type="image">
                        <width>250</width>
                        <height>141</height>
                        <texture>$INFO[Window.Property(fanart)]</texture>
                        <aspectratio>scale</aspectratio>
                        <visible>String.IsEmpty(Window.Property(landscape))</visible>
                    </control>
                    <control type="image">
                        <width>250</width>
                        <height>141</height>
                        <texture>$INFO[Window.Property(thumb)]</texture>
                        <aspectratio>scale</aspectratio>
                        <visible>String.IsEmpty(Window.Property(landscape)) + String.IsEmpty(Window.Property(fanart))</visible>
                    </control>
                    <control type="progress" id="3014">
                        <width>250</width>
                        <top>136</top>
                        <height>5</height>
                        <reveal>true</reveal>
                        <righttexture></righttexture>
                        <overlaytexture></overlaytexture>
                        <lefttexture></lefttexture>
                        <texturebg colordiffuse="00ffffff">white.png</texturebg>
                        <midtexture colordiffuse="FFFF4081">white.png</midtexture>
                    </control>
                </control>
                <!-- Labels -->
                <control type="group">
                    <top>20</top>
                    <left>290</left>
                    <right>20</right>
                    <!-- Time -->
                    <control type="label">
                        <width>auto</width>
                        <height>35</height>
                        <aligny>center</aligny>
                        <font>buttonTitle</font>
                        <textcolor>eeffffff</textcolor>
                        <shadowcolor>00000000</shadowcolor>
                        <label>$LOCALIZE[31354]</label>
                        <visible>!Integer.IsGreater(Player.TimeRemaining,59)</visible>
                    </control>
                    <control type="label">
                        <width>auto</width>
                        <height>35</height>
                        <aligny>center</aligny>
                        <font>buttonTitle</font>
                        <textcolor>eeffffff</textcolor>
                        <shadowcolor>00000000</shadowcolor>
                        <label>$ADDON[service.upnext 30008]</label>
                        <visible>Integer.IsGreater(Player.TimeRemaining,59)</visible>
                    </control>
                    <!-- Details -->
                    <control type="grouplist">
                        <orientation>horizontal</orientation>
                        <height>35</height>
                        <top>40</top>
                        <itemgap>0</itemgap>
                        <control type="label">
                            <width>auto</width>
                            <height>35</height>
                            <aligny>center</aligny>
                            <font>buttonTitle</font>
                            <textcolor>eeffffff</textcolor>
                            <shadowcolor>00000000</shadowcolor>
                            <label>$INFO[Window.Property(tvshowtitle),, - ]$INFO[Window.Property(season),S,]$INFO[Window.Property(episode),E, - ]$INFO[Window.Property(title)]   </label>
                            <visible>!String.IsEmpty(Window.Property(title))</visible>
                        </control>
                        <control type="label">
                            <width>auto</width>
                            <height>35</height>
                            <aligny>center</aligny>
                            <font>buttonTitle</font>
                            <textcolor>eeffffff</textcolor>
                            <shadowcolor>00000000</shadowcolor>
                            <label>$INFO[Window.Property(year),(,)   ]</label>
                            <visible>!String.IsEmpty(Window.Property(year))</visible>
                        </control>
                        <control type="image">
                            <width>19</width>
                            <height>19</height>
                            <aspect>keep</aspect>
                            <texture colordiffuse="$VAR[highlight]">favourites.png</texture>
                            <animation effect="slide" end="0,8" time="0" condition="true">Conditional</animation>
                            <visible>!String.IsEmpty(Window.Property(rating))</visible>
                        </control>
                        <control type="label">
                            <width>auto</width>
                            <height>35</height>
                            <aligny>center</aligny>
                            <label>$INFO[Window.Property(rating), ,   ]</label>
                            <font>buttonTitle</font>
                            <textcolor>eeffffff</textcolor>
                            <shadowcolor>00000000</shadowcolor>
                            <visible>!String.IsEmpty(Window.Property(rating))</visible>
                        </control>
                    </control>
                    <!-- Buttons -->
                    <control type="grouplist" id="20">
                        <orientation>horizontal</orientation>
                        <height>56</height>
                        <bottom>20</bottom>
                        <itemgap>10</itemgap>
                        <control type="button" id="3012">
                            <label>    $ADDON[service.upnext 30006]</label>
                            <visible>Integer.IsGreater(Player.TimeRemaining,25)</visible>
                            <height>56</height>
                            <width min="50">auto</width>
                            <font>buttonTitle</font>
                            <textoffsetx>55</textoffsetx>
                            <textcolor>ddffffff</textcolor>
                            <focusedcolor>$VAR[Home]</focusedcolor>
                            <selectedcolor>ddffffff</selectedcolor>
                            <shadowcolor>22000000</shadowcolor>
                            <aligny>center</aligny>
                            <align>center</align>
                            <texturefocus border="10" colordiffuse="$VAR[highlight]">masks/discsurface.png</texturefocus>
                            <texturenofocus border="10" colordiffuse="FF212121">masks/discsurface.png</texturenofocus>
                            <alttexturefocus border="10" colordiffuse="$VAR[highlight]">masks/discsurface.png</alttexturefocus>
                            <alttexturenofocus border="10" colordiffuse="FF212121">masks/discsurface.png</alttexturenofocus>
                            <pulseonselect>no</pulseonselect>
                        </control>
                        <control type="button" id="3013">
                            <label>$ADDON[service.upnext 30034]</label>
                            <height>56</height>
                            <width min="50">auto</width>
                            <font>buttonTitle</font>
                            <textoffsetx>15</textoffsetx>
                            <textcolor>ddffffff</textcolor>
                            <focusedcolor>$VAR[Home]</focusedcolor>
                            <selectedcolor>ddffffff</selectedcolor>
                            <shadowcolor>22000000</shadowcolor>
                            <aligny>center</aligny>
                            <align>center</align>
                            <texturefocus border="10" colordiffuse="$VAR[highlight]">masks/discsurface.png</texturefocus>
                            <texturenofocus border="10" colordiffuse="FF212121">masks/discsurface.png</texturenofocus>
                            <alttexturefocus border="10" colordiffuse="$VAR[highlight]">masks/discsurface.png</alttexturefocus>
                            <alttexturenofocus border="10" colordiffuse="FF212121">masks/discsurface.png</alttexturenofocus>
                            <pulseonselect>no</pulseonselect>
                        </control>
                        <control type="image">
                            <width>46</width>
                            <height>46</height>
                            <aspect>keep</aspect>
                            <texture colordiffuse="$VAR[highlight]">$INFO[Player.TimeRemaining(ss),nextupicons/,.png]</texture>
                            <animation effect="slide" end="13,5" time="0" condition="true">Conditional</animation>
                            <visible>!Integer.IsGreater(Player.TimeRemaining,30)</visible>
                        </control>
                    </control>
                    <control type="image">
                        <visible>control.isvisible(3012) + control.hasfocus(3012)</visible>
                        <bottom>20</bottom>
                        <width>46</width>
                        <height>46</height>
                        <aspect>keep</aspect>
                        <texture colordiffuse="$VAR[Home]">nextupicons/00.png</texture>
                        <animation effect="slide" end="13,-5" time="0" condition="true">Conditional</animation>
                    </control>
                    <control type="image">
                        <visible>control.isvisible(3012) + !control.hasfocus(3012)</visible>
                        <bottom>20</bottom>
                        <width>46</width>
                        <height>46</height>
                        <aspect>keep</aspect>
                        <texture colordiffuse="ddffffff">nextupicons/00.png</texture>
                        <animation effect="slide" end="13,-5" time="0" condition="true">Conditional</animation>
                    </control>
                    <control type="group">
                        <visible>!Window.IsVisible(extendedprogressdialog)</visible>
                        <animation effect="fade" time="150">VisibleChange</animation>
                        <control type="label">
                            <right>24</right>
                            <top>50</top>
                            <width>800</width>
                            <height>100</height>
                            <align>right</align>
                            <itemgap>5</itemgap>
                            <orientation>horizontal</orientation>
                            <usecontrolcoords>true</usecontrolcoords>
                            <label>$ADDON[service.upnext 30009]</label>
                            <font>title</font>
                            <visible>!String.IsEmpty(Window.Property(endtime))</visible>
                        </control>
                    </control>
                </control>
            </control>
        </control>
    </controls>
</window>
