<?xml version="1.0" encoding="UTF-8"?>
<window type="dialog" id="1103">
	<defaultcontrol always="true">9876</defaultcontrol>
	<onunload>control.setfocus(9999)</onunload>
	<ondown>8003</ondown>
	<controls>
		<control type="image">
            <include>dimensionsFullscreen</include>
            <texture>colors/black.png</texture>
            <aspectratio>stretch</aspectratio>
        </control>
		<control type="group">
			<include>fadeInOut</include>
			<control type="group">
				<!--art-->
				<control type="multiimage">
					<visible>!Visualisation.Enabled</visible>
					<include>dimensionsFullscreen</include>
					<imagepath>$VAR[musicfullscreenBackgroundLocation]</imagepath>
					<aspectratio>scale</aspectratio>
					<colordiffuse>99ffffff</colordiffuse>
				</control>
				<!--Battery level-->
				<include>Battery</include>
				
				<control type="image">
					<visible>!Visualisation.Enabled</visible>
	                <include>dimensionsFullscreen</include>
	                <aspectratio>stretch</aspectratio>
	                <texture>$INFO[listitem.art(fanart)]</texture>
	                <fadetime>500</fadetime>
	                <colordiffuse>77ffffff</colordiffuse>
	            </control>
		        <control type="image">
					<visible>!Visualisation.Enabled</visible>
		            <include>dimensionsFullscreen</include>
		            <texture>vignette.png</texture>
		            <colordiffuse>ffffffff</colordiffuse>
		            <aspectratio>stretch</aspectratio>
		        </control>
				<!--visualisation-->
				<control type="visualisation" id="2">
					<visible>Visualisation.Enabled</visible>
					<description>visualisation</description>
					<posx>0</posx>
					<posy>0</posy>
					<include>dimensionsFullscreen</include>
				</control>
			</control>
			<!--Track info-->
			<control type="group">
				<posx>col-1-begin</posx>
				<posy>row-9-begin</posy>
				<animation type="conditional" condition="!String.IsEqual(MusicPlayer.Time,00:00)">
					<effect type="slide" start="0,500" end="0,0" tween="sine" time="400"/>
				</animation>
				<animation type="conditional" condition="control.hasfocus(8001) | control.hasfocus(8002) |control.hasfocus(8003) | control.hasfocus(8004)">
					<effect type="slide" start="0,0" end="0,-84" tween="sine" time="400"/>
				</animation>
				<animation type="conditional" condition="true">
					<effect type="fade" end="90" time="0"/>
				</animation>
				<!--cover art-->
				<control type="image">
					<visible>!Visualisation.Enabled</visible>
	                <posx>612</posx>
					<posy>-60</posy>
					<width>7-col</width>
					<height>7-col</height>
	                <aspectratio scalediffuse="false">stretch</aspectratio>
	                <texture fallback="noAlbumCover.jpg">$INFO[MusicPlayer.Cover]</texture>
                    <bordertexture colordiffuse="overlay">colors/black.png</bordertexture>
                    <bordersize>6</bordersize>
                    <colordiffuse>ffffffff</colordiffuse>
	            </control>
				<!--track info-->
				<control type="group">
					<posx>0</posx>
					<posy>12-row</posy>			
					<control type="label">
						<posx>7-col</posx>
						<posy>0</posy>
						<width>10-col</width>
						<height>2-row</height>
						<align>center</align>
						<font>menuTitle3</font>
						<textcolor>textActive</textcolor>
						<scroll>true</scroll>
						<label>$INFO[MusicPlayer.Title]</label>
						<shadowcolor>99000000</shadowcolor>
						<wrapmultiline>true</wrapmultiline>
					</control>
					<control type="label">
						<posx>4-col</posx>
						<posy>60</posy>
						<width>16-col</width>
						<height>3-row</height>
						<align>center</align>
						<font>buttonTitle</font>
						<textcolor>textActive</textcolor>
						<scroll>true</scroll>
						<label>[B]$INFO[MusicPlayer.artist][/B][CR]$INFO[MusicPlayer.Album,, ]$INFO[MusicPlayer.year,(,)]</label>
						<shadowcolor>99000000</shadowcolor>
					</control>
					<control type="progress">
		                <description>Progress Bar</description>
		                <posx>670</posx>
		                <posy>195</posy>
		                <width>6-col</width>
		                <height>12</height>
		                <texturebg colordiffuse="overlay">colors/white.png</texturebg>
		                <midtexture colordiffuse="$VAR[highlight]">colors/white.png</midtexture>
		                <info>player.progress</info>
		            </control>
					<control type="label">
						<posx>650</posx>
						<posy>5-row</posy>
						<width>4-col</width>
						<align>right</align>
						<font>buttonTitle2</font>
						<textcolor>textActive</textcolor>
						<scroll>true</scroll>
						<label>$INFO[musicplayer.Playlistposition]$INFO[musicplayer.Playlistlength, / ]</label>
						<shadowcolor>99000000</shadowcolor>
					</control>
					<control type="label">
						<posx>480</posx>
						<posy>5-row</posy>
						<width>4-col</width>
						<align>left</align>
						<font>buttonTitle2</font>
						<textcolor>textActive</textcolor>
						<scroll>true</scroll>
						<label>$INFO[MusicPlayer.time]</label>
						<shadowcolor>99000000</shadowcolor>
					</control>
					<control type="label">
						<posx>1160</posx>
						<posy>5-row</posy>
						<width>4-col</width>
						<align>left</align>
						<font>buttonTitle2</font>
						<textcolor>textActive</textcolor>
						<scroll>true</scroll>
						<label>$INFO[MusicPlayer.timeremaining]</label>
						<shadowcolor>99000000</shadowcolor>
					</control>
				</control>		
				<!--player controls and options-->
				<control type="group">
					<posy>738</posy>
					<control type="image">
	                    <posx>-96</posx>
	                    <posy>0</posy>
	                    <width>fullscreenWidth</width>
	                    <height>5-row</height>
	                    <texture>colors/black.png</texture>
	                    <colordiffuse>88ffffff</colordiffuse>
	                    <aspectratio>stretch</aspectratio>
	                </control>
					<!--player controls-->
					<control type="panel" id="8001">
						<posx>-48</posx>
		                <posy>6</posy>
		                <width>9-col</width>
		                <height>2-row</height>
		                <itemgap>0</itemgap>
		                <onright>8003</onright>
		                <onup>Control.SetFocus(9876)</onup>
		                <orientation>horizontal</orientation>
		                <itemlayout width="1-col" height="2-row">
		                    <control type="label">
		                        <posx>0</posx>
		                        <posy>0</posy>
		                        <width>1-col</width>
		                        <height>2-row</height>
		                        <align>center</align>
		                        <aligny>center</aligny>
		                        <font>symbol</font>
		                        <textcolor>textActive</textcolor>
		                        <label>$INFO[ListItem.label2]</label>
		                    </control>
		                </itemlayout>
		                <focusedlayout width="1-col" height="2-row">
		                    <control type="image">
		                        <posx>0</posx>
		                        <posy>0</posy>
		                        <width>1-col</width>
		                        <height>69</height>
		                        <aspectratio>stretch</aspectratio>
		                        <texture colordiffuse="$VAR[highlight]">background-shelfbackdrop.png</texture>
		                    </control>
		                    <control type="label">
		                        <posx>0</posx>
		                        <posy>0</posy>
		                        <width>1-col</width>
		                        <height>2-row</height>
		                        <align>center</align>
		                        <aligny>center</aligny>
		                        <font>symbol</font>
		                        <textcolor>$VAR[Home]</textcolor>
		                        <label>$INFO[ListItem.label2]</label>
		                        <shadowcolor></shadowcolor>
		                    </control>
		                </focusedlayout>
		                <content>
		                    <item>
		                        <description>Playlist</description>
		                        <label2></label2>
		                        <thumb></thumb>
								<onclick>Dialog.Close(1103)</onclick>
								<onclick>activateWindow(musicplaylist)</onclick>
		                    </item> 
		                    <item>
		                        <description>Previous</description>
		                        <label2></label2>
		                        <thumb></thumb>
		                        <onclick>PlayerControl(previous)</onclick>
		                    </item>
							<item>
                       			<description>Rewind</description>
                        		<label2></label2>
                        		<thumb></thumb>
                        		<onclick>PlayerControl(rewind)</onclick>
                    		</item>
		                    <item>
		                        <description>Stop</description>
		                        <label2></label2>
		                        <thumb></thumb>
		                        <onclick>PlayerControl(stop)</onclick>
		                        <onclick>Dialog.Close(1103)</onclick>
		                    </item>
							<item>
	                        	<visible>Player.Playing + !player.rewinding + !Player.Forwarding</visible>
	                        	<description>Play/Pause</description>
	                        	<label2></label2>
	                        	<thumb></thumb>
	                        	<onclick>PlayerControl(play)</onclick>
	                    	</item>
	                    	<item>
	                        	<visible>Player.Paused</visible>
	                        	<description>Pause</description>
	                        	<label2></label2>
	                        	<thumb></thumb>
	                        <onclick>PlayerControl(play)</onclick>
	                    	</item>
							<item>
	                        	<visible>player.rewinding | player.forwarding</visible>
	                        	<description>Pause</description>
	                        	<label2></label2>
	                        	<thumb></thumb>
	                        	<onclick>PlayerControl(play)</onclick>
	                    	</item>
							<item>
		                        <description>Pause</description>
		                        <label2></label2>
		                        <thumb></thumb>
		                        <onclick>PlayerControl(forward)</onclick>
		                    </item>
		                    <item>
		                        <description>Next Chapter</description>
		                        <label2></label2>
		                        <thumb></thumb>
		                        <onclick>PlayerControl(next)</onclick>
		                    </item>
							<item>
								<visible>Skin.HasSetting(Touch)</visible>
	                        	<description>back</description>
	                         	<colordiffuse>colors/offblack.png</colordiffuse>
								<label2></label2>
	                        	<thumb></thumb>
	                        	<onclick>Back</onclick>
	                    	</item>
		                </content>
		            </control>
		            <!--final options-->
		            <control type="panel" id="8002">
		                <posx>23-col</posx>
		                <posy>6</posy>
		                <width>20-col</width>
		                <height>2-row</height>
		                <orientation>horizontal</orientation>
		                <onup>Control.SetFocus(9876)</onup>
		                <onleft>8004</onleft>
		                <itemlayout width="1-col" height="2-row">
		                    <control type="label">
		                        <posx>0</posx>
		                        <posy>0</posy>
		                        <width>1-col</width>
		                        <height>2-row</height>
		                        <align>center</align>
		                        <aligny>center</aligny>
		                        <font>symbol</font>
		                        <textcolor>textActive</textcolor>
		                        <label>$INFO[ListItem.label2]</label>
		                    </control>
		                </itemlayout>
		                <focusedlayout width="1-col" height="2-row">
		                    <control type="image">
		                        <posx>0</posx>
		                        <posy>0</posy>
		                        <width>1-col</width>
		                        <height>69</height>
		                        <aspectratio>stretch</aspectratio>
		                        <texture colordiffuse="$VAR[highlight]">background-shelfbackdrop.png</texture>
		                    </control>
		                    <control type="label">
		                        <posx>0</posx>
		                        <posy>0</posy>
		                        <width>1-col</width>
		                        <height>2-row</height>
		                        <align>center</align>
		                        <aligny>center</aligny>
		                        <font>symbol</font>
		                        <textcolor>$VAR[Home]</textcolor>
		                        <label>$INFO[ListItem.label2]</label>
		                        <shadowcolor></shadowcolor>
		                    </control>
		                </focusedlayout>
		                <content>
		                    <item>
		                        <description>Visualisation</description>
		                        <label>250</label>
		                        <label2></label2>
		                        <thumb></thumb>
		                        <onclick>activateWindow(musicOSD)</onclick>
		                    </item>
		                    <item>
		                        <visible>Visualisation.HasPresets</visible>
		                        <description>Visualisation Settings</description>
		                        <label>$LOCALIZE[21417]</label>
		                        <label2></label2>
		                        <thumb></thumb>
		                        <onclick>Addon.Default.OpenSettings(xbmc.player.musicviz)</onclick>
		                    </item>
		                </content>
		            </control>
				</control>
				<!--Random and Repeat Buttons-->
				<control type="group" id="8006">
					<width>76</width>
					<height>76</height>
					<visible>![MusicPlayer.Content(LiveTV) | MusicPartyMode.Enabled]</visible>
					<control type="button" id="8003">
						<posx>650</posx>
						<posy>745</posy>
						<width>1-col</width>
		                <height>69</height>
						<label></label>
						<font></font>
                    	<texturefocus colordiffuse="$VAR[highlight]">background-shelfbackdrop.png</texturefocus>
						<texturenofocus />
						<onleft>Control.SetFocus(8001,7)</onleft>
						<onright>8004</onright>
						<onup>Control.SetFocus(9876)</onup>
						<onclick>PlayerControl(Repeat)</onclick>
					</control>
					<control type="image">
						<visible>!control.hasfocus(8003)</visible>
						<left>658</left>
						<top>753</top>
						<width>54</width>
						<height>54</height>
						<texture colordiffuse="textactive">$VAR[PlayerControlsRepeatImageVar]</texture>
					</control>
					<control type="image">
						<visible>control.hasfocus(8003)</visible>
						<left>658</left>
						<top>753</top>
						<width>54</width>
						<height>54</height>
						<texture colordiffuse="$VAR[Home]">$VAR[PlayerControlsRepeatImageVar]</texture>
					</control>
					<control type="radiobutton" id="8004">
					<posx>1000</posx>
					<posy>745</posy>
					<textureradioonfocus colordiffuse="$VAR[Home]">osd/fullscreen/buttons/random-on.png</textureradioonfocus>
					<textureradioonnofocus>osd/fullscreen/buttons/random-on.png</textureradioonnofocus>
					<textureradioofffocus colordiffuse="$VAR[Home]">osd/fullscreen/buttons/random-off.png</textureradioofffocus>
					<textureradiooffnofocus>osd/fullscreen/buttons/random-off.png</textureradiooffnofocus>
					<textureradioondisabled colordiffuse="$VAR[Home]">osd/fullscreen/buttons/random-on.png</textureradioondisabled>
					<textureradiooffdisabled colordiffuse="$VAR[Home]">osd/fullscreen/buttons/random-off.png</textureradiooffdisabled>
                    <texturefocus colordiffuse="$VAR[highlight]">background-shelfbackdrop.png</texturefocus>
					<width>1-col</width>
		            <height>69</height>
					<radiowidth>56</radiowidth>
					<radioheight>56</radioheight>
					<font></font>
					<texturenofocus />
					<radioposx>7</radioposx>
					<radioposy>0</radioposy>
					<selected>Playlist.IsRandom</selected>
					<onleft>8003</onleft>
					<onright>8002</onright>
					<onup>Control.SetFocus(9876)</onup>
					<visible>![MusicPlayer.Content(LiveTV) | MusicPartyMode.Enabled]</visible>
					<onclick>PlayerControl(Random)</onclick>
				</control>
				</control>
					<control type="label">
					<animation effect="slide" end="0,-20" time="150" condition="MusicPlayer.Content(LiveTV)">conditional</animation>
					<posx>85</posx>
					<posy>750</posy>
					<aligny>center</aligny>
					<align>center</align>
					<width>22-col-gutter</width>
                    <height>2-row</height>
                    <font>itemTitle</font>
                    <textcolor>textActive</textcolor>
					<label>$VAR[OSDHelpTextVar]</label>
					<shadowcolor>black</shadowcolor>
				</control>
			</control>
		</control>
		<!--hidden buttons to handle dialog autohide-->
		<control type="button" id="9876">
			<posx>0</posx>
			<posy>0</posy>
			<height>1000</height>
			<width>fullscreenWidth</width>
			<colordiffuse>colors/offblack.png</colordiffuse>
			<texturenofocus colordiffuse="77ffffff" ></texturenofocus>
            <texturefocus colordiffuse="77ffffff" ></texturefocus>
			<onclick>control.setfocus(8001)</onclick>
			<ondown>control.setfocus(8003)</ondown>
			<oninfo>control.setfocus(8003)</oninfo>
		</control>
		<!--debugging-->
		<include>DebugGrid</include>
		<control type="label">
			<include>DialogID</include>
			<label>custom_musicPlayerFullscreen.xml Got RDS? $INFO[RDS.HasRds]</label>
		</control>
	</controls>
</window>
