<?xml version="1.0" encoding="UTF-8"?>
<includes>
    <include name="games">
		<control type="panel" id="50">
			<!--<visible>$EXP[isGame]</visible>-->
			<visible>false</visible>
            <posx>col-1-begin</posx>
            <posy>row-5-begin</posy>
            <width>1800</width>
            <height>24-row</height>
            <onleft>9000</onleft>
            <onright>60</onright>
            <ondown>50</ondown>
            <onup>50</onup>
          
            <pagecontrol>60</pagecontrol>
            <scrolltime tween="cubic" easing="out">600</scrolltime>
            <itemlayout width="293" height="348">
                <control type="image">
                    <posx>0</posx>
                    <posy>0</posy>
                    <width>4-col-gutter</width>
                    <height>4-col-gutter</height>
                    <aspectratio>stretch</aspectratio>
                    <texture>colors/black.png</texture>
                    <bordertexture colordiffuse="overlay">colors/black.png</bordertexture>
                    <bordersize>6</bordersize>
                    <colordiffuse>overlay</colordiffuse>
                </control>
				<control type="image">
                    <posx>0</posx>
                    <posy>0</posy>
                    <width>4-col-gutter</width>
                    <height>4-col-gutter</height>
                    <aspectratio>scale</aspectratio>
                    <texture>$INFO[ListItem.Art(thumb)]</texture>
                    <bordersize>6</bordersize>
                    <colordiffuse>77ffffff</colordiffuse>
                </control>
                <control type="textbox">
                    <visible>!controlgroup(9000).hasfocus</visible>
                    <posx>12</posx>
                    <posy>258</posy>
                    <width>240</width>
                    <height>60</height>
                    <aligny>center</aligny>
                    <font>thumbTitle</font>
                    <textcolor>textActive</textcolor>
                    <label>[B]$INFO[ListItem.label][/B]</label>
                </control>
            </itemlayout>
            <focusedlayout width="4-col" height="348">
                <control type="group">
                    <include>focusThumb</include>
                    <control type="image">
                        <posx>0</posx>
                        <posy>0</posy>
                        <width>4-col-gutter</width>
                        <height>4-col-gutter</height>
                        <aspectratio>stretch</aspectratio>
                        <texture>colors/black.png</texture>
                        <bordertexture colordiffuse="FFFFFFFF">colors/white.png</bordertexture>
                        <bordersize>6</bordersize>
                        <colordiffuse>FF000000</colordiffuse>
                    </control>
					<control type="image">
                        <posx>0</posx>
                        <posy>0</posy>
                        <width>4-col-gutter</width>
                        <height>4-col-gutter</height>
                        <aspectratio>scale</aspectratio>
                        <texture>$INFO[ListItem.Art(thumb)]</texture>
                        <bordersize>6</bordersize>
                    </control>
                    <control type="textbox">
                        <visible>!controlgroup(9000).hasfocus</visible>
                        <posx>12</posx>
                        <posy>258</posy>
                        <width>240</width>
                        <height>60</height>
                        <aligny>center</aligny>
                        <font>thumbTitle</font>
                        <textcolor>textActive</textcolor>
                        <label>[B]$INFO[ListItem.label][/B]</label>
                    </control>
                </control>
            </focusedlayout>
        </control>
        <control type="panel" id="51">
			<!--<visible>!$EXP[isGame]</visible>-->
            <posx>col-1-begin</posx>
            <posy>row-5-begin</posy>
            <width>24-col</width>
            <height>23-row</height>
            <onleft>9000</onleft>
            <onright>61</onright>
            <ondown>51</ondown>
            <onup>51</onup>
            <pagecontrol>61</pagecontrol>
            <itemlayout width="24-col" height="2-row" condition='!Skin.HasSetting(touch)'>
                    <control type="image">
                        <posx>0</posx>
                        <posy>3</posy>
                        <width>66</width>
                        <height>66</height>
                        <aspectratio scalediffuse="false">stretch</aspectratio>
                        <texture fallback="kodilogo.png" diffuse="masks/circle.png" border="0">$INFO[Listitem.thumb]</texture>
					    <colordiffuse>overlay</colordiffuse>
                    </control>
                    <control type="image">
                        <posx>1-col</posx>
                        <posy>0</posy>
                        <width>23-col</width>
                        <height>69</height>
                        <aspectratio>stretch</aspectratio>
                        <texture border="0">colors/black.png</texture>
                        <colordiffuse>overlay</colordiffuse>
                    </control>
                    <control type="label">
                        <posx>1-col-indent</posx>
                        <posy>0</posy>
                        <width>22-col-gutter</width>
                        <height>2-row</height>
                        <aligny>center</aligny>
                        <font>itemTitle</font>
                        <textcolor>textActive</textcolor>
                        <shadowcolor></shadowcolor>
                        <label>$INFO[ListItem.Label]</label>
                    </control>
            </itemlayout>
            <itemlayout width="20-col" height="3-row" condition='Skin.HasSetting(touch)'>
                    <control type="image">
                        <posx>0</posx>
                        <posy>3</posy>
                        <width>100</width>
                        <height>100</height>
                        <aspectratio scalediffuse="false">stretch</aspectratio>
                        <texture fallback="kodilogo.png" diffuse="masks/circle.png" border="0">$INFO[Listitem.thumb]</texture>
					    <colordiffuse>overlay</colordiffuse>
                    </control>
                    <control type="image">
                        <posx>110</posx>
                        <posy>0</posy>
                        <width>18-col</width>
                        <height>100</height>
                        <aspectratio>stretch</aspectratio>
                        <texture border="0">colors/black.png</texture>
                        <colordiffuse>overlay</colordiffuse>
                    </control>
                    <control type="label">
                        <posx>110</posx>
                        <posy>0</posy>
                        <width>22-col-gutter</width>
                        <height>100</height>
                        <aligny>center</aligny>
                        <font>itemTitle</font>
                        <textcolor>textActive</textcolor>
                        <shadowcolor></shadowcolor>
                        <label>$INFO[ListItem.Label]</label>
                    </control>
            </itemlayout>
            <focusedlayout width="24-col" height="2-row" condition='!Skin.HasSetting(touch)'>
                    <control type="image">
                        <posx>0</posx>
                        <posy>3</posy>
                        <width>66</width>
                        <height>66</height>
                        <aspectratio scalediffuse="false">stretch</aspectratio>
                        <texture fallback="kodilogo.png" diffuse="masks/circle.png" border="0">$INFO[Listitem.thumb]</texture>
                        <animation type="focus" loop="false" reversible="false">
                            <effect type="fade" time="500"/>
                            <effect type="rotatey" end="360" center="33" tween="back" easing="out" time="1000"/>
                        </animation>
                    </control>
                    <control type="image">
                        <posx>1-col</posx>
                        <posy>0</posy>
                        <width>23-col</width>
                        <height>2-row</height>
                        <aspectratio>stretch</aspectratio>
                        <texture border="0">colors/white.png</texture>
                        <colordiffuse>highlight</colordiffuse>
                    </control>
                    <control type="label">
                        <posx>1-col-indent</posx>
                        <posy>0</posy>
                        <width>22-col-gutter</width>
                        <height>2-row</height>
                        <aligny>center</aligny>
                        <font>itemTitle</font>
                        <textcolor>Home</textcolor>
                        <shadowcolor></shadowcolor>
                        <label>$INFO[ListItem.Label]</label>
                    </control>
            </focusedlayout>
            <focusedlayout width="20-col" height="5-row" condition='Skin.HasSetting(touch)'>
                    <control type="image">
                        <posx>0</posx>
                        <posy>3</posy>
                        <width>100</width>
                        <height>100</height>
                        <aspectratio scalediffuse="false">stretch</aspectratio>
                        <texture fallback="kodilogo.png" diffuse="masks/circle.png" border="0">$INFO[Listitem.thumb]</texture>
                        <animation type="focus" loop="false" reversible="false">
                            <effect type="fade" time="500"/>
                            <effect type="rotatey" end="360" center="50" tween="back" easing="out" time="1000"/>
                        </animation>
                    </control>
                    <control type="image">
                        <posx>110</posx>
                        <posy>0</posy>
                        <width>18-col</width>
                        <height>100</height>
                        <aspectratio>stretch</aspectratio>
                        <texture border="0">colors/white.png</texture>
                        <colordiffuse>highlight</colordiffuse>
                    </control>
                    <control type="label">
                        <posx>110</posx>
                        <posy>0</posy>
                        <width>22-col-gutter</width>
                        <height>100</height>
                        <aligny>center</aligny>
                        <font>itemTitle</font>
                        <textcolor>Home</textcolor>
                        <shadowcolor></shadowcolor>
                        <label>$INFO[ListItem.Label]</label>
                    </control>
            </focusedlayout>
        </control>
    </include>
</includes>
