<?xml version="1.0" encoding="UTF-8"?>
<includes>
	<!-- Wall -->
	<include name="View_503_Wall">
		<control type="group">
			
			<include>Battery</include>
			<visible>Control.IsVisible(503) + !Window.IsActive(addoninformation)</visible>
            <control type="panel" id="503">
				<visible>$EXP[isAddonMovieOrTVshow] | container.content(songs)</visible>
                <viewtype label="$LOCALIZE[31304]">$LOCALIZE[31304]</viewtype>
                <posx>90</posx>
				<posy>50</posy>
				<include>view_503_posx</include>
				<height>fullscreenHeight</height>
				<onleft>9000</onleft>
				<onright>60</onright>
                <ondown>503</ondown>
                <onup>503</onup> 
				<onback>Container.Refresh</onback>
				<pagecontrol>60</pagecontrol>
				<scrolltime tween="cubic" easing="out">600</scrolltime>
				<itemlayout width="300" height="455" condition='!Skin.HasSetting(touch)'>
				<control type="group">
					<visible>String.IsEmpty(ListItem.Art(poster))</visible>
				<control type="image">
					<left>-10</left>
					<top>-10</top>
					<width>315</width>
					<height>475</height>
					<texture>masks/discsurface50%.png</texture>
					<bordertexture border="21" infill="false">shadow.png</bordertexture>
					<bordersize>20</bordersize>
				</control>
				<control type="image">
					<left>-10</left>
					<top>-10</top>
					<width>315</width>
					<height>475</height>
					<texture colordiffuse="grey">masks/discsurface50%.png</texture>
					<bordersize>20</bordersize>
					<visible>$PARAM[focused]</visible>
					<include condition="$PARAM[focused]">Animation_FocusTextureFade</include>
				</control>
				<control type="textbox">
					<left>32</left>
					<top>244</top>
					<width>242</width>
					<height>120</height>
					<font>dialogTitle</font>
					<align>center</align>
					<aligny>center</aligny>
					<label>$INFO[ListItem.Label]</label>
					<autoscroll time="2000" delay="3000" repeat="5000">$PARAM[focused]</autoscroll>
					<visible>!ListItem.IsParentFolder</visible>
				</control>
				<control type="image">
					<left>13</left>
					<top>-1</top>
					<width>272</width>
					<height>270</height>
					<texture fallback="DefaultMovies.png" background="true">$INFO[ListItem.Icon]</texture>
					<aspectratio>scale</aspectratio>
					<bordersize>20</bordersize>
				</control>
			</control>
				<control type="group">
					<visible>!String.IsEmpty(ListItem.Art(poster))</visible>
					<control type="image">
						<posx>0</posx>
						<posy>0</posy>
						<width>290</width>
						<height>450</height>
						<aspectratio>stretch</aspectratio>
						<texture fallback="defaultposter.png">$INFO[listitem.icon]</texture>
						<bordersize>6</bordersize>
						<colordiffuse>overlay</colordiffuse>
					</control>
					
					<control type="image">
						<posx>0</posx>
						<posy>0</posy>
						<width>290</width>
						<height>450</height>
						<aspectratio>stretch</aspectratio>
						<texture>$INFO[ListItem.icon]</texture>
						<bordersize>6</bordersize>
						<colordiffuse>99ffffff</colordiffuse>
					</control>
					<control type="textbox">
							
							<posx>25</posx>
							<posy>50</posy>
							<width>250</width>
							<height>300</height>
							<aligny>center</aligny>
							<align>center</align>
							<font>largeTitle2</font>
							<wrapmultiline>true</wrapmultiline>
							<textcolor>red</textcolor>
							<label>$VAR[TV_Movie_Status_label]</label>
						</control>
					<!-- old
					<control type="label">
						<visible>!controlgroup(9000).hasfocus</visible>
						<posx>12</posx>
						<posy>350</posy>
						<width>204</width>
						<height>1-row</height>
						<aligny>center</aligny>
						<align>center</align>
						<font>thumbTitle</font>
						<textcolor>textDisabled</textcolor>
						<label>[B]$INFO[ListItem.label][/B][CR]$INFO[ListItem.premiered]</label>
					</control>
					-->
					<control type="progress">
				        <visible>ListItem.IsResumable + !String.IsEqual(ListItem.PercentPlayed,0) + !Skin.HasSetting(Disable.progress)</visible>
                        <description>Progress Bar</description>
                        <posx>6</posx>
                        <posy>322</posy>
                        <width>216</width>
                        <height>15</height>
                        <texturebg colordiffuse="grey">masks/discsurface.png</texturebg>
                        <midtexture colordiffuse="$VAR[highlight]">masks/discsurface.png</midtexture>
                        <info>ListItem.PercentPlayed</info>
                    </control>
					<control type="group">
						<visible>!String.isEmpty(ListItem.RatingandVotes) + !Skin.HasSetting(Disable.rating)</visible>
						<animation condition="true" effect="fade" end="70" time="0">conditional</animation>
						<posx>6</posx>
						<posy>6</posy>
						<control type="image">
							<posx>0</posx>
							<posy>0</posy>
							<width>50</width>
							<height>50</height>
							<aspectratio>stretch</aspectratio>
							<texture flipx="true" colordiffuse="$VAR[highlight]">masks/newContent.png</texture>
							<colordiffuse>$VAR[highlight]</colordiffuse>
						</control>
						<control type="label">
							<visible>true</visible>
							<posx>5</posx>
							<posy>14</posy>
							<width>36</width>
							<height>36</height>
							<aligny>center</aligny>
							<angle>50</angle>
							<font>buttonTitle2</font>
							<textcolor>$VAR[home]</textcolor>
							<label>$INFO[ListItem.Rating]</label>
						</control>
					</control>
					<control type="group">
						<visible>!String.IsEmpty(ListItem.PlayCount) + !Skin.HasSetting(Disable.overlays)</visible>
						<animation condition="true" effect="fade" end="70" time="0">conditional</animation>
						<posx>228</posx>
						<posy>6</posy>
						<control type="image">
							<posx>0</posx>
							<posy>0</posy>
							<width>56</width>
							<height>56</height>
							<aspectratio>stretch</aspectratio>
							<texture>masks/newContent.png</texture>
							<colordiffuse>$VAR[highlight]</colordiffuse>
						</control>
						<control type="label">
							<visible>!Skin.HasSetting(Disable.overlays)</visible>
							<posx>28</posx>
							<posy>-4</posy> 
							<width>36</width>
							<height>36</height>
							<aligny>center</aligny>
							<font>symbol</font>
							<textcolor>$VAR[home]</textcolor>
							<label></label>
						</control>
					</control>
					<control type="group">
						<visible>ListItem.IsResumable + !String.IsEqual(ListItem.PercentPlayed,0) + !Skin.HasSetting(Disable.overlays)</visible>
						<animation condition="true" effect="fade" end="70" time="0">conditional</animation>
						<posx>229</posx>
						<posy>5</posy>
						<control type="image">
							<posx>0</posx>
							<posy>0</posy>
							<width>56</width>
							<height>56</height>
							<aspectratio>stretch</aspectratio>
							<texture>masks/newContent.png</texture>
							<colordiffuse>$VAR[highlight]</colordiffuse>
						</control>
						<control type="label">
							<visible>!Skin.HasSetting(Disable.overlays)</visible>
							<posx>28</posx>
							<posy>-4</posy>
							<width>36</width>
							<height>36</height>
							<aligny>center</aligny>
							<font>symbol</font>
							<textcolor>$VAR[home]</textcolor>
							<label></label>
						</control>
						<control type="label">
							<visible>true</visible>
							<posx>28</posx>
							<posy>-4</posy>
							<width>36</width>
							<height>36</height>
							<aligny>center</aligny>
							<font>thumbTitle</font>
							<textcolor>textActive</textcolor>
							<label></label>
						</control>
						</control>
					</control>
					
				</itemlayout>
				<itemlayout width="300" height="455" condition='Skin.HasSetting(touch)'>
					<control type="group">
					<visible>String.IsEmpty(ListItem.Art(poster))</visible>
				<control type="image">
					<left>-10</left>
					<top>-10</top>
					<width>315</width>
					<height>475</height>
					<texture>masks/discsurface50%.png</texture>
					<bordertexture border="21" infill="false">shadow.png</bordertexture>
					<bordersize>20</bordersize>
				</control>
				<control type="image">
					<left>-10</left>
					<top>-10</top>
					<width>315</width>
					<height>475</height>
					<texture colordiffuse="grey">masks/discsurface50%.png</texture>
					<bordersize>20</bordersize>
					<visible>$PARAM[focused]</visible>
					<include condition="$PARAM[focused]">Animation_FocusTextureFade</include>
				</control>
				<control type="textbox">
					<left>32</left>
					<top>244</top>
					<width>242</width>
					<height>120</height>
					<font>dialogTitle</font>
					<align>center</align>
					<aligny>center</aligny>
					<label>$INFO[ListItem.Label]</label>
					<autoscroll time="2000" delay="3000" repeat="5000">$PARAM[focused]</autoscroll>
					<visible>!ListItem.IsParentFolder</visible>
				</control>
				<control type="image">
					<left>13</left>
					<top>-1</top>
					<width>272</width>
					<height>270</height>
					<texture fallback="DefaultMovies.png" background="true">$INFO[ListItem.Icon]</texture>
					<aspectratio>scale</aspectratio>
					<bordersize>20</bordersize>
				</control>
			</control>
				<control type="group">
					<visible>!String.IsEmpty(ListItem.Art(poster))</visible>
					<control type="image">
						<posx>0</posx>
						<posy>0</posy>
						<width>290</width>
						<height>450</height>
						<aspectratio>stretch</aspectratio>
						<texture fallback="defaultposter.png">$INFO[listitem.icon]</texture>
						<bordersize>6</bordersize>
						<colordiffuse>overlay</colordiffuse>
					</control>
					
					<control type="image">
						<posx>0</posx>
						<posy>0</posy>
						<width>290</width>
						<height>450</height>
						<aspectratio>stretch</aspectratio>
						<texture>$INFO[ListItem.icon]</texture>
						<bordersize>6</bordersize>
						<colordiffuse>99ffffff</colordiffuse>
					</control>
					<control type="textbox">
							
							<posx>25</posx>
							<posy>50</posy>
							<width>250</width>
							<height>300</height>
							<aligny>center</aligny>
							<align>center</align>
							<font>largeTitle2</font>
							<wrapmultiline>true</wrapmultiline>
							<textcolor>red</textcolor>
							<label>$VAR[TV_Movie_Status_label]</label>
						</control>
					<!-- old
					<control type="label">
						<visible>!controlgroup(9000).hasfocus</visible>
						<posx>12</posx>
						<posy>350</posy>
						<width>204</width>
						<height>1-row</height>
						<aligny>center</aligny>
						<align>center</align>
						<font>thumbTitle</font>
						<textcolor>textDisabled</textcolor>
						<label>[B]$INFO[ListItem.label][/B][CR]$INFO[ListItem.premiered]</label>
					</control>
					-->
					<control type="progress">
				        <visible>ListItem.IsResumable + !String.IsEqual(ListItem.PercentPlayed,0) + !Skin.HasSetting(Disable.progress)</visible>
                        <description>Progress Bar</description>
                        <posx>6</posx>
                        <posy>322</posy>
                        <width>216</width>
                        <height>15</height>
                        <texturebg colordiffuse="grey">masks/discsurface.png</texturebg>
                        <midtexture colordiffuse="$VAR[highlight]">masks/discsurface.png</midtexture>
                        <info>ListItem.PercentPlayed</info>
                    </control>
					<control type="group">
						<visible>!String.isEmpty(ListItem.RatingandVotes) + !Skin.HasSetting(Disable.rating)</visible>
						<animation condition="true" effect="fade" end="70" time="0">conditional</animation>
						<posx>6</posx>
						<posy>6</posy>
						<control type="image">
							<posx>0</posx>
							<posy>0</posy>
							<width>50</width>
							<height>50</height>
							<aspectratio>stretch</aspectratio>
							<texture flipx="true" colordiffuse="$VAR[highlight]">masks/newContent.png</texture>
							<colordiffuse>$VAR[highlight]</colordiffuse>
						</control>
						<control type="label">
							<visible>true</visible>
							<posx>5</posx>
							<posy>14</posy>
							<width>36</width>
							<height>36</height>
							<aligny>center</aligny>
							<angle>50</angle>
							<font>buttonTitle2</font>
							<textcolor>$VAR[home]</textcolor>
							<label>$INFO[ListItem.Rating]</label>
						</control>
					</control>
					<control type="group">
						<visible>!String.IsEmpty(ListItem.PlayCount) + !Skin.HasSetting(Disable.overlays)</visible>
						<animation condition="true" effect="fade" end="70" time="0">conditional</animation>
						<posx>228</posx>
						<posy>6</posy>
						<control type="image">
							<posx>0</posx>
							<posy>0</posy>
							<width>56</width>
							<height>56</height>
							<aspectratio>stretch</aspectratio>
							<texture>masks/newContent.png</texture>
							<colordiffuse>$VAR[highlight]</colordiffuse>
						</control>
						<control type="label">
							<visible>!Skin.HasSetting(Disable.overlays)</visible>
							<posx>28</posx>
							<posy>-4</posy> 
							<width>36</width>
							<height>36</height>
							<aligny>center</aligny>
							<font>symbol</font>
							<textcolor>$VAR[home]</textcolor>
							<label></label>
						</control>
					</control>
					<control type="group">
						<visible>ListItem.IsResumable + !String.IsEqual(ListItem.PercentPlayed,0) + !Skin.HasSetting(Disable.overlays)</visible>
						<animation condition="true" effect="fade" end="70" time="0">conditional</animation>
						<posx>229</posx>
						<posy>5</posy>
						<control type="image">
							<posx>0</posx>
							<posy>0</posy>
							<width>56</width>
							<height>56</height>
							<aspectratio>stretch</aspectratio>
							<texture>masks/newContent.png</texture>
							<colordiffuse>$VAR[highlight]</colordiffuse>
						</control>
						<control type="label">
							<visible>!Skin.HasSetting(Disable.overlays)</visible>
							<posx>28</posx>
							<posy>-4</posy>
							<width>36</width>
							<height>36</height>
							<aligny>center</aligny>
							<font>symbol</font>
							<textcolor>$VAR[home]</textcolor>
							<label></label>
						</control>
						<control type="label">
							<visible>true</visible>
							<posx>28</posx>
							<posy>-4</posy>
							<width>36</width>
							<height>36</height>
							<aligny>center</aligny>
							<font>thumbTitle</font>
							<textcolor>textActive</textcolor>
							<label></label>
						</control>
						</control>
					</control>
				</itemlayout>
				<focusedlayout width="300" height="455" condition='!Skin.HasSetting(touch)'>
					<control type="group">
						<include>focusThumb</include>
						<control type="group">
					<visible>String.IsEmpty(ListItem.Art(poster))</visible>
				<control type="image">
					<left>-8</left>
					<top>-10</top>
					<width>310</width>
					<height>475</height>
					<texture>masks/discsurface50%.png</texture>
					<bordertexture border="21" infill="false">shadow.png</bordertexture>
					<bordersize>20</bordersize>
				</control>
				<control type="image">
					<left>-8</left>
					<top>-10</top>
					<width>310</width>
					<height>475</height>
					<texture colordiffuse="$VAR[highlight]">masks/discsurface.png</texture>
					<bordersize>20</bordersize>
					<visible>$PARAM[focused]</visible>
					<include condition="$PARAM[focused]">Animation_FocusTextureFade</include>
				</control>
				<control type="textbox">
					<left>32</left>
					<top>244</top>
					<width>242</width>
					<height>120</height>
					<font>dialogTitle</font>
					<align>center</align>
					<aligny>center</aligny>
					<label>$INFO[ListItem.Label]</label>
					<textcolor>$VAR[selected]</textcolor>
					<autoscroll time="2000" delay="3000" repeat="5000">$PARAM[focused]</autoscroll>
					<visible>!ListItem.IsParentFolder</visible>
				</control>
				<control type="image">
					<left>12</left>
					<top>-1</top>
					<width>272</width>
					<height>270</height>
					<texture fallback="DefaultMovies.png" background="true">$INFO[ListItem.Icon]</texture>
					<aspectratio>scale</aspectratio>
					<bordersize>20</bordersize>
				</control>
			</control>
						
						<control type="group">
					<visible>!String.IsEmpty(ListItem.Art(poster))</visible>
						<control type="image">
							<posx>0</posx>
							<posy>0</posy>
							<width>290</width>
							<height>450</height>
							<aspectratio>stretch</aspectratio>
							<texture colordiffuse="$VAR[highlight]">masks/discsurface.png</texture>
							<bordersize>0</bordersize>
							<bordertexture border="0" infill="false" colordiffuse="$VAR[highlight]">shadow.png</bordertexture>
						</control>
						<control type="image">
							<posx>0</posx>
							<posy>0</posy>
							<width>290</width>
							<height>450</height>
							<aspectratio>stretch</aspectratio>
							<texture fallback="defaultposter.png">$INFO[listitem.icon]</texture>
							<bordersize>6</bordersize>
						</control>
						<control type="textbox">
							<include>focusThumb</include>
							<posx>25</posx>
							<posy>50</posy>
							<width>250</width>
							<height>300</height>
							<aligny>center</aligny>
							<align>center</align>
							<font>largeTitle2</font>
							<wrapmultiline>true</wrapmultiline>
							<textcolor>red</textcolor>
							<label>$VAR[TV_Movie_Status_label]</label>
						</control>
						<control type="progress">
				        	<visible>ListItem.IsResumable + !String.IsEqual(ListItem.PercentPlayed,0) + !Skin.HasSetting(Disable.progress)</visible>
                        	<description>Progress Bar</description>
                        	<posx>6</posx>
                        	<posy>322</posy>
                        	<width>216</width>
                        	<height>15</height>
                        	<texturebg colordiffuse="grey">masks/discsurface.png</texturebg>
                        	<midtexture colordiffuse="$VAR[highlight]">masks/discsurface.png</midtexture>
                        	<info>ListItem.PercentPlayed</info>
                    	</control>
						<!--
						<control type="label">
							<posx>12</posx>
							<posy>350</posy>
							<width>204</width>
							<height>1-row</height>
							<aligny>center</aligny>
							<align>center</align>
							<font>thumbTitle</font>
							<textcolor>textActive</textcolor>
							<label>[B]$INFO[ListItem.label][/B][CR]$INFO[ListItem.premiered]</label>
						</control>
						-->
						<control type="group">
						<visible>!String.isEmpty(ListItem.RatingandVotes) + !Skin.HasSetting(Disable.rating)</visible>
						<animation condition="true" effect="fade" end="70" time="0">conditional</animation>
						<posx>6</posx>
						<posy>6</posy>
						<control type="image">
							<posx>0</posx>
							<posy>0</posy>
							<width>50</width>
							<height>50</height>
							<aspectratio>stretch</aspectratio>
							<texture flipx="true" colordiffuse="$VAR[highlight]">masks/newContent.png</texture>
							<colordiffuse>$VAR[highlight]</colordiffuse>
						</control>
						<control type="label">
							<visible>true</visible>
							<posx>5</posx>
							<posy>14</posy>
							<width>36</width>
							<height>36</height>
							<aligny>center</aligny>
							<angle>50</angle>
							<font>buttonTitle2</font>
							<textcolor>$VAR[home]</textcolor>
							<label>$INFO[ListItem.Rating]</label>
						</control>
						</control>
					</control>
						<control type="group">
						<visible>!String.IsEmpty(ListItem.PlayCount) + !Skin.HasSetting(Disable.overlays)</visible>
						<animation condition="true" effect="fade" end="70" time="0">conditional</animation>
						<posx>229</posx>
						<posy>5</posy>
						<control type="image">
							<posx>0</posx>
							<posy>0</posy>
							<width>56</width>
							<height>56</height>
							<aspectratio>stretch</aspectratio>
							<texture>masks/newContent.png</texture>
							<colordiffuse>$VAR[highlight]</colordiffuse>
						</control>
						<control type="label">
							<posx>28</posx>
							<posy>-4</posy>
							<width>36</width>
							<height>36</height>
							<aligny>center</aligny>
							<font>symbol</font>
							<textcolor>$VAR[Home]</textcolor>
							<label></label>
						</control>
					</control>
					<control type="group">
						<visible>ListItem.IsResumable + !String.IsEqual(ListItem.PercentPlayed,0) + !Skin.HasSetting(Disable.overlays)</visible>
						<animation condition="true" effect="fade" end="70" time="0">conditional</animation>
						<posx>229</posx>
						<posy>5</posy>
						<control type="image">
							<posx>0</posx>
							<posy>0</posy>
							<width>56</width>
							<height>56</height>
							<aspectratio>stretch</aspectratio>
							<texture>masks/newContent.png</texture>
							<colordiffuse>$VAR[highlight]</colordiffuse>
						</control>
						<control type="label">
							<posx>28</posx>
							<posy>-4</posy>
							<width>36</width>
							<height>36</height>
							<aligny>center</aligny>
							<font>symbol</font>
							<textcolor>$VAR[Home]</textcolor>
							<label></label>
						</control>
					</control>
					</control>
				</focusedlayout>
				<focusedlayout width="300" height="455" condition='Skin.HasSetting(touch)'>
					<control type="group">
						<include>focusThumb</include>
						<control type="group">
					<visible>String.IsEmpty(ListItem.Art(poster))</visible>
				<control type="image">
					<left>-8</left>
					<top>-10</top>
					<width>310</width>
					<height>475</height>
					<texture>masks/discsurface50%.png</texture>
					<bordertexture border="21" infill="false">shadow.png</bordertexture>
					<bordersize>20</bordersize>
				</control>
				<control type="image">
					<left>-8</left>
					<top>-10</top>
					<width>310</width>
					<height>475</height>
					<texture colordiffuse="$VAR[highlight]">masks/discsurface.png</texture>
					<bordersize>20</bordersize>
					<visible>$PARAM[focused]</visible>
					<include condition="$PARAM[focused]">Animation_FocusTextureFade</include>
				</control>
				<control type="textbox">
					<left>32</left>
					<top>244</top>
					<width>242</width>
					<height>120</height>
					<font>dialogTitle</font>
					<align>center</align>
					<aligny>center</aligny>
					<label>$INFO[ListItem.Label]</label>
					<textcolor>$VAR[selected]</textcolor>
					<autoscroll time="2000" delay="3000" repeat="5000">$PARAM[focused]</autoscroll>
					<visible>!ListItem.IsParentFolder</visible>
				</control>
				<control type="image">
					<left>12</left>
					<top>-1</top>
					<width>272</width>
					<height>270</height>
					<texture fallback="DefaultMovies.png" background="true">$INFO[ListItem.Icon]</texture>
					<aspectratio>scale</aspectratio>
					<bordersize>20</bordersize>
				</control>
			</control>
						
						<control type="group">
					<visible>!String.IsEmpty(ListItem.Art(poster))</visible>
						<control type="image">
							<posx>0</posx>
							<posy>0</posy>
							<width>290</width>
							<height>450</height>
							<aspectratio>stretch</aspectratio>
							<texture colordiffuse="$VAR[highlight]">masks/discsurface.png</texture>
							<bordersize>0</bordersize>
							<bordertexture border="0" infill="false" colordiffuse="$VAR[highlight]">shadow.png</bordertexture>
						</control>
						<control type="image">
							<posx>0</posx>
							<posy>0</posy>
							<width>290</width>
							<height>450</height>
							<aspectratio>stretch</aspectratio>
							<texture fallback="defaultposter.png">$INFO[listitem.icon]</texture>
							<bordersize>6</bordersize>
						</control>
						<control type="textbox">
							<include>focusThumb</include>
							<posx>25</posx>
							<posy>50</posy>
							<width>250</width>
							<height>300</height>
							<aligny>center</aligny>
							<align>center</align>
							<font>largeTitle2</font>
							<wrapmultiline>true</wrapmultiline>
							<textcolor>red</textcolor>
							<label>$VAR[TV_Movie_Status_label]</label>
						</control>
						<control type="progress">
				        	<visible>ListItem.IsResumable + !String.IsEqual(ListItem.PercentPlayed,0) + !Skin.HasSetting(Disable.progress)</visible>
                        	<description>Progress Bar</description>
                        	<posx>6</posx>
                        	<posy>322</posy>
                        	<width>216</width>
                        	<height>15</height>
                        	<texturebg colordiffuse="grey">masks/discsurface.png</texturebg>
                        	<midtexture colordiffuse="$VAR[highlight]">masks/discsurface.png</midtexture>
                        	<info>ListItem.PercentPlayed</info>
                    	</control>
						<!--
						<control type="label">
							<posx>12</posx>
							<posy>350</posy>
							<width>204</width>
							<height>1-row</height>
							<aligny>center</aligny>
							<align>center</align>
							<font>thumbTitle</font>
							<textcolor>textActive</textcolor>
							<label>[B]$INFO[ListItem.label][/B][CR]$INFO[ListItem.premiered]</label>
						</control>
						-->
						<control type="group">
						<visible>!String.isEmpty(ListItem.RatingandVotes) + !Skin.HasSetting(Disable.rating)</visible>
						<animation condition="true" effect="fade" end="70" time="0">conditional</animation>
						<posx>6</posx>
						<posy>6</posy>
						<control type="image">
							<posx>0</posx>
							<posy>0</posy>
							<width>50</width>
							<height>50</height>
							<aspectratio>stretch</aspectratio>
							<texture flipx="true" colordiffuse="$VAR[highlight]">masks/newContent.png</texture>
							<colordiffuse>$VAR[highlight]</colordiffuse>
						</control>
						<control type="label">
							<visible>true</visible>
							<posx>5</posx>
							<posy>14</posy>
							<width>36</width>
							<height>36</height>
							<aligny>center</aligny>
							<angle>50</angle>
							<font>buttonTitle2</font>
							<textcolor>$VAR[home]</textcolor>
							<label>$INFO[ListItem.Rating]</label>
						</control>
						</control>
					</control>
						<control type="group">
						<visible>!String.IsEmpty(ListItem.PlayCount) + !Skin.HasSetting(Disable.overlays)</visible>
						<animation condition="true" effect="fade" end="70" time="0">conditional</animation>
						<posx>229</posx>
						<posy>5</posy>
						<control type="image">
							<posx>0</posx>
							<posy>0</posy>
							<width>56</width>
							<height>56</height>
							<aspectratio>stretch</aspectratio>
							<texture>masks/newContent.png</texture>
							<colordiffuse>$VAR[highlight]</colordiffuse>
						</control>
						<control type="label">
							<posx>28</posx>
							<posy>-4</posy>
							<width>36</width>
							<height>36</height>
							<aligny>center</aligny>
							<font>symbol</font>
							<textcolor>$VAR[Home]</textcolor>
							<label></label>
						</control>
					</control>
					<control type="group">
						<visible>ListItem.IsResumable + !String.IsEqual(ListItem.PercentPlayed,0) + !Skin.HasSetting(Disable.overlays)</visible>
						<animation condition="true" effect="fade" end="70" time="0">conditional</animation>
						<posx>229</posx>
						<posy>5</posy>
						<control type="image">
							<posx>0</posx>
							<posy>0</posy>
							<width>56</width>
							<height>56</height>
							<aspectratio>stretch</aspectratio>
							<texture>masks/newContent.png</texture>
							<colordiffuse>$VAR[highlight]</colordiffuse>
						</control>
						<control type="label">
							<posx>28</posx>
							<posy>-4</posy>
							<width>36</width>
							<height>36</height>
							<aligny>center</aligny>
							<font>symbol</font>
							<textcolor>$VAR[Home]</textcolor>
							<label></label>
						</control>
					</control>
					</control>
				</focusedlayout>
            </control>
			<control type="textbox">
					<left>1100</left>
					<top>300</top>
					<width>650</width>
					<height>400</height>
					<font>veryLarge</font>
					<align>center</align>
					<aligny>center</aligny>
                    <wrapmultiline>true</wrapmultiline>
					<label>$INFO[ListItem.Label]</label>
					
					<visible>Skin.Hassetting(touch)</visible>
				</control>
        	</control>
	</include>
</includes>