<?xml version="1.0" encoding="UTF-8"?>
<window>
    <defaultcontrol always="true">52</defaultcontrol>
    <controls>
        <include>globalBackground</include>
        <control type="group">
            <posx>col-10-begin</posx>
            <posy>row-8-begin</posy>
            <!--Battery Level-->
            <include>Battery</include>
            <!--animations-->
            <include>modalDialogInOutVertical</include>
            <control type="image">
                <posx>-12</posx>
                <posy>-12</posy>
                <width>456</width>
                <height>408</height>
                <aspectratio>stretch</aspectratio>
                <texture>colors/black.png</texture>
                <bordersize>0</bordersize>
                <colordiffuse>overlay</colordiffuse>
            </control>
			<control type="image">
                <posx>0</posx>
                <posy>0</posy>
                <width>6-col</width>
                <height>6-row</height>
                <aspectratio>stretch</aspectratio>
                <texture>colors/white.png</texture>
                <bordersize>0</bordersize>
                <colordiffuse>highlight</colordiffuse>
            </control>
            <control type="image">
                <posx>142</posx>
                <posy>36</posy>
                <width>4-row</width>
                <height>4-row</height>
                <texture>kodilogo.png</texture>
                <colordiffuse>textActive</colordiffuse>
                <aspectratio>stretch</aspectratio>
            </control>
            <control type="list" id="52">
                <posx>0</posx>
                <posy>228</posy>
                <width>6-col</width>
                <height>7-row</height>
                <itemlayout width="6-col" height="84">
                    <control type="image">
                        <posx>0</posx>
                        <posy>0</posy>
                        <width>69</width>
                        <height>2-row</height>
                        <aspectratio>stretch</aspectratio>
                        <texture fallback="colors/offblack.png" border="0">$INFO[Listitem.thumb]</texture>
                    </control>
                    <control type="image">
                        <posx>1-col</posx>
                        <posy>0</posy>
                        <width>5-col</width>
                        <height>69</height>
                        <aspectratio>stretch</aspectratio>
                        <texture>colors/black.png</texture>
                        <bordersize>0</bordersize>
                        <colordiffuse>overlay</colordiffuse>
                    </control>
                    <control type="label">
                        <posx>1-col-indent</posx>
                        <posy>0</posy>
                        <width>5-col-gutter</width>
                        <height>2-row</height>
                        <aligny>center</aligny>
                        <font>itemTitle</font>
                        <textcolor>textActive</textcolor>
                        <label>$INFO[ListItem.label]</label>
                    </control>
                </itemlayout>
                <focusedlayout width="6-col" height="84">
                      <control type="image">
                        <posx>0</posx>
                        <posy>0</posy>
                        <width>69</width>
                        <height>2-row</height>
                        <aspectratio>stretch</aspectratio>
                        <texture fallback="colors/black" border="0">$INFO[Listitem.thumb]</texture>
                        <animation type="focus" loop="false" reversible="false">
                            <effect type="fade" time="500"/>
                            <effect type="rotatey" end="360" center="33" tween="back" easing="out" time="1000"/>
                        </animation>
                    </control>
                    <control type="image">
                        <posx>1-col</posx>
                        <posy>0</posy>
                        <width>5-col</width>
                        <height>2-row</height>
                        <aspectratio>stretch</aspectratio>
                        <texture>colors/white.png</texture>
                        <bordersize>0</bordersize>
                        <colordiffuse>ffffffff</colordiffuse>
                    </control>
                    <control type="label">
                        <posx>1-col-indent</posx>
                        <posy>0</posy>
                        <width>5-col-gutter</width>
                        <height>2-row</height>
                        <aligny>center</aligny>
                        <font>itemTitle</font>
                        <textcolor>black</textcolor>
                        <label>$INFO[ListItem.label]</label>
                    </control>
                </focusedlayout>
            </control>
        </control>
        <!--debugging-->
        <include>DebugGrid</include>
        <control type="label">
            <include>WindowID</include>
            <label>LoginScreen.xml</label>
        </control>
    </controls>
</window>
