<?xml version="1.0" encoding="UTF-8"?>
<includes>
    <!--Music genre browser-->
    <include name="musicgenre">
        <control type="panel" id="55">
            <visible>$EXP[isMusicGenre]</visible>
            <posx>col-1-begin</posx>
            <posy>row-5-begin</posy>
            <width>24-col</width>
            <height>23-row</height>
            <onleft>9000</onleft>
            <onright>60</onright>
            <ondown>55</ondown>
            <onup>55</onup>
            <pagecontrol>60</pagecontrol>
            <itemlayout width="8-col" height="2-row">
                <control type="image">
                    <posx>0</posx>
                    <posy>3</posy>
                    <width>66</width>
                    <height>66</height>
                    <aspectratio scalediffuse="false">stretch</aspectratio>
                    <texture fallback="colors/black.png" diffuse="masks/circle.png" border="0">$INFO[Listitem.thumb]</texture>
					<colordiffuse>overlay</colordiffuse>
                </control>
                <control type="label">
                    <posx>1-col-indent</posx>
                    <posy>0</posy>
                    <width>6-col</width>
                    <height>2-row</height>
                    <aligny>center</aligny>
                    <font>itemTitle</font>
                    <textcolor>textActive</textcolor>
                    <shadowcolor></shadowcolor>
                    <label>$INFO[ListItem.Label]</label>
                </control>
            </itemlayout>
            <focusedlayout width="8-col" height="2-row">
                <control type="image">
                    <posx>1-col</posx>
                    <posy>0</posy>
                    <width>7-col-gutter</width>
                    <height>2-row</height>
                    <aspectratio>stretch</aspectratio>
                    <texture>colors/white.png</texture>
                    <colordiffuse>$VAR[highlight]</colordiffuse>
                </control>
                <control type="image">
                    <posx>0</posx>
                    <posy>3</posy>
                    <width>66</width>
                    <height>66</height>
                    <aspectratio scalediffuse="false">stretch</aspectratio>
                    <texture fallback="colors/black.png" diffuse="masks/circle.png" border="0">$INFO[Listitem.thumb]</texture>
                    <animation type="focus" loop="false" reversible="false">
                        <effect type="fade" time="500"/>
                        <effect type="rotatey" end="360" center="33" tween="back" easing="out" time="1000"/>
                    </animation>
                </control>
                <control type="label">
                    <posx>1-col-indent</posx>
                    <posy>0</posy>
                    <width>6-col</width>
                    <height>2-row</height>
                    <aligny>center</aligny>
                    <font>itemTitle</font>
                    <textcolor>textActive</textcolor>
                    <shadowcolor></shadowcolor>
                    <label>$INFO[ListItem.Label]</label>
                </control>
            </focusedlayout>
        </control>
    </include>
</includes>