<?xml version="1.0" encoding="UTF-8" standalone="yes"?>
<addon id="repository.blatorone" name="Blatorone Repository" provider-name="blatorone" version="1.0.9">
	    <extension point="xbmc.addon.repository" name="Blatorone repo">
            <dir>
                <info compressed="false">https://blatorone.github.io/blatorone/repo/Omega/addons.xml</info>
                <checksum>https://blatorone.github.io/blatorone/repo/Omega/addons.xml.md5</checksum>
                <datadir zip="true">https://blatorone.github.io/blatorone/repo/Omega/</datadir>
            </dir>
            <dir>
				<info compressed="false">https://raw.githubusercontent.com/bugatsinho/bugatsinho.github.io/master/addons.xml</info>
				<checksum>https://raw.githubusercontent.com/bugatsinho/bugatsinho.github.io/master/addons.xml.md5</checksum>
				<datadir zip="true">https://raw.githubusercontent.com/bugatsinho/bugatsinho.github.io/master/_zips</datadir>
				<hashes>false</hashes>
			</dir>
        </extension>
        <extension point="xbmc.addon.metadata">
            <summary>Kodi</summary>
            <description lang="de">Addons von blatorone</description>
            <disclaimer></disclaimer>
            <platform>all</platform>
            <assets>
			    <icon>icon.png</icon>
		    </assets>
        </extension>
</addon>