<?xml version="1.0" encoding="UTF-8"?>
<window id="1105" type="window">
    <defaultcontrol always="true">8000</defaultcontrol>
    <!--<onunload>replacewindow(SkinSettings.xml)</onunload>
    <onunload>activatewindow(Home)</onunload>-->
    <controls>
        <!--background-->
        <include>globalBackground</include>
        <control type="multiimage">
			<animation effect="fade" start="0" end="100" time="1000">WindowOpen</animation>
			<include>dimensionsFullscreen</include>
			<imagepath>$VAR[settingsBackgroundLocation]</imagepath>
			<timeperimage>45000</timeperimage>
			<fadetime>200</fadetime>
			<pauseatend>10000</pauseatend>
			<randomize>true</randomize>
			<loop>yes</loop>
			<aspectratio>scale</aspectratio>
			<colordiffuse>99ffffff</colordiffuse>
		</control>
        <!--Battery level-->
        <include>Battery</include>
         <!--Backbutton touchscreen-->
        <include>Backbutton</include>
        <control type="group">
            <posx>col-4-begin</posx>
            <posy>row-5-begin</posy>
            <!--animations-->
            <include>modalDialogInOutVertical</include>
            <control type="image">
                <posx>-12</posx>
                <posy>-12</posy>
                <width>1320</width>
                <height>720</height>
                <texture>colors/black.png</texture>
                <colordiffuse>overlay</colordiffuse>
                <aspectratio>stretch</aspectratio>
            </control>
            <control type="image">
                <posx>0</posx>
                <posy>0</posy>
                <width>18-col</width>
                <height>2-row</height>
                <texture>colors/white.png</texture>
                <colordiffuse>$VAR[highlight]</colordiffuse>
                <aspectratio>stretch</aspectratio>
            </control>
            <!--title-->
            <control type="label">
                <posx>24</posx>
                <posy>0</posy>
                <width>18-col-gutter</width>
                <height>2-row</height>
                <font>dialogTitle</font>
                <label>$LOCALIZE[5]</label>
                <textcolor>$VAR[Home]</textcolor>
                <shadowcolor></shadowcolor>
            </control>
            <!--sub menu-->
            <control type="group">
                <posx>0</posx>
                <posy>2-row</posy>
                <!-- Category buttons -->
                <control type="list" id="8000">
                    <posx>0</posx>
                    <posy>12</posy>
                    <width>276</width>
                    <height>18-row</height>
                    <onright>200</onright>
                    <itemlayout height="2-row" width="4-col">
                        <control type="label">
                            <posx>24</posx>
                            <posy>2</posy>
                            <width>4-col-gutter</width>
                            <height>2-row</height>
                            <aligny>center</aligny>
                            <font>buttonTitle</font>
                            <textcolor>textActive</textcolor>
                            <label>$INFO[ListItem.label]</label>
                            <shadowcolor></shadowcolor>
                        </control>
                    </itemlayout>
                    <focusedlayout height="2-row" width="4-col">
                        <control type="image">
                            <posx>0</posx>
                            <posy>0</posy>
                            <width>287</width>
                            <height>2-row</height>
                            <aspectratio>stretch</aspectratio>
                            <texture>colors/white.png</texture>
                        </control>
                        <control type="label">
                            <posx>24</posx>
                            <posy>0</posy>
                            <width>4-col-gutter</width>
                            <height>2-row</height>
                            <aligny>center</aligny>
                            <font>buttonTitle</font>
                            <textcolor>black</textcolor>
                            <label>$INFO[ListItem.label]</label>
                            <shadowcolor></shadowcolor>
                        </control>
                    </focusedlayout>
                    <content>
                        <item id="1">
                            <label>5</label>
                        </item>
                        <item id="2">
                            <label>$LOCALIZE[31283]</label>
                        </item>
                    </content>
                </control>
            </control>
            <!--options-->
            <control type="image">
                <posx>4-col</posx>
                <posy>2-row</posy>
                <width>14-col</width>
                <height>624</height>
                <texture>colors/black.png</texture>
                <colordiffuse>overlay</colordiffuse>
                <aspectratio>stretch</aspectratio>
            </control>
            <control type="grouplist" id="200">
                <posx>4-col</posx>
                <posy>84</posy>
                <width>14-col</width>
                <height>17-row</height>
                <onleft>8000</onleft>
                <itemgap>0</itemgap>
                <orientation>vertical</orientation>
                <control type="radiobutton" id="8">
                    <visible>Container(8000).Hasfocus(1)</visible>
                    <description>Enable Home Button Further apart</description>
                    <width>14-col</width>
                    <label>$LOCALIZE[31257]</label>
                    <onclick>Skin.ToggleSetting(OSDAutoClose)</onclick>
                    <selected>Skin.HasSetting(OSDAutoClose)</selected>
                </control>
                <control type="button" id="9">
                    <visible>Container(8000).Hasfocus(1)</visible>
                    <description>Automatically close video OSD Time</description>
                    <width>14-col</width>
                    <label>- $LOCALIZE[31258]</label>
                    <label2>$VAR[SkinSettingOSDAutoCloseTime]</label2>
                    <onclick>Skin.SetNumeric(OSDAutoCloseTime)</onclick>
                    <enable>Skin.HasSetting(OSDAutoClose)</enable>
                </control>
                <control type="radiobutton" id="1">
                    <visible>Container(8000).Hasfocus(1) + Integer.IsGreater(System.BatteryLevel,1)</visible>
                    <description>Enable Battery Level</description>
                    <width>14-col</width>
                    <label>31241</label>
                    <onclick>Skin.Togglesetting(show_battery)</onclick>
                    <selected>Skin.HasSetting(show_battery)</selected>
                </control>
                <control type="radiobutton" id="2">
                    <visible>System.Platform.Android + Container(8000).Hasfocus(1)</visible>
                    <description>Android System allowed</description>
                    <width>14-col</width>
                    <label>31246</label>
                    <onclick>Skin.Togglesetting(Show Android Apps)</onclick>
                    <selected>Skin.HasSetting(Show Android Apps)</selected>
                </control>
                <control type="radiobutton" id="3">
                    <visible>Container(8000).Hasfocus(1) + System.Platform.Android</visible>
                    <description>Enable Youtube</description>
                    <width>14-col</width>
                    <label>31255</label>
                    <onclick>Skin.Togglesetting(Youtube)</onclick>
                    <selected>Skin.HasSetting(Youtube)</selected>
                </control>
                <control type="radiobutton" id="4">
                    <visible>Container(8000).Hasfocus(1) + System.Platform.Android</visible>
                    <description>Enable SmartTube</description>
                    <width>14-col</width>
                    <label>31256</label>
                    <onclick>Skin.Togglesetting(SmartTube)</onclick>
                    <selected>Skin.HasSetting(SmartTube)</selected>
                </control>
                <control type="radiobutton" id="5">
                    <visible>Container(8000).Hasfocus(1) + $EXP[hasWeather]</visible>
                    <description>Weather icons</description>
                    <width>14-col</width>
                    <label>$LOCALIZE[8] Icons ($LOCALIZE[31254])</label>
                    <onclick>Skin.Togglesetting(weather icons)</onclick>
                    <selected>Skin.HasSetting(weather icons)</selected>
                </control>
                <control type="button" id="63">
					<visible>Container(8000).Hasfocus(1) + $EXP[hasWeather] + Skin.HasSetting(weather icons)</visible>
					<width>14-col</width>
                    <label>- $LOCALIZE[31265]</label>
					<label2>$INFO[Skin.String(weathericons.name)]</label2>
					<onclick condition="!System.HasAddon(script.image.resource.select)">InstallAddon(script.image.resource.select)</onclick>
					<onclick condition="System.HasAddon(script.image.resource.select)">RunScript(script.image.resource.select,property=weathericons&amp;type=resource.images.weathericons)</onclick>
                </control>
                <control type="radiobutton" id="6">
                    <visible>Container(8000).Hasfocus(1)</visible>
                    <description>Enable Back Button for Touchscreen</description>
                    <width>14-col</width>
                    <label>31242</label>
                    <onclick>Skin.Togglesetting(Touch)</onclick>
                    <selected>Skin.HasSetting(Touch)</selected>
                </control>
                <control type="radiobutton" id="42">
                    <visible>Container(8000).Hasfocus(1) + Skin.HasSetting(Touch)</visible>
                    <description>Enable crosskey</description>
                    <width>14-col</width>
                    <label>31260</label>
                    <onclick>Skin.Togglesetting(crosskey)</onclick>
                    <selected>Skin.HasSetting(crosskey)</selected>
                </control>
                <control type="togglebutton" id="43">
                    <visible>Container(8000).Hasfocus(1)</visible>
                    <description>Change Main Button Menu to Slider</description>
                    <width>14-col</width>
                    <label>$LOCALIZE[31261]</label>
                    <onclick>activatewindow(1106)</onclick>
                </control>

                <control type="radiobutton" id="7">
                    <visible>Container(8000).Hasfocus(1)</visible>
                    <description>Enable Home Button Further apart</description>
                    <width>14-col</width>
                    <label>31244</label>
                    <onclick>Skin.Togglesetting(Further_apart)</onclick>
                    <selected>Skin.HasSetting(Further_apart)</selected>
                </control>
                <control type="label" id="64">
                    <visible>Container(8000).Hasfocus(2)</visible>
                    <description>Set home background image directory</description>
                    <width>14-col</width>
                    <label>[COLOR $VAR[highlight]]$LOCALIZE[31269][/COLOR]</label>
                    <font>buttonTitle</font>
                    <textwidth>8-col</textwidth> 
                </control>
                <control type="button" id="65">
                    <visible>Container(8000).Hasfocus(2)</visible>
                    <description>Set home background image directory</description>
                    <width>14-col</width>
                    <label>$LOCALIZE[31267]</label>
                    <label2>$INFO[Skin.String(homeBackground)]</label2>
                    <onclick>Skin.SetPath(homeBackground)</onclick>
                    <textwidth>8-col</textwidth> 
                </control>
                <control type="button" id="66">
                    <visible>Container(8000).Hasfocus(2)</visible>
                    <description>Set home background image directory</description>
                    <width>14-col</width>
                    <label>$LOCALIZE[31266]</label>
                    <label2>$INFO[Skin.String(homeBackground)]</label2>
                    <onclick>Skin.SetImage(homeBackground)</onclick>
                    <textwidth>8-col</textwidth> 
                </control>
                <control type="button" id="67">
                    <visible>Container(8000).Hasfocus(2)</visible>
                    <description>Reset home background image directory</description>
                    <width>14-col</width>
                    <label>31268</label>
                    <onclick>Skin.Reset(homeBackground)</onclick>
                    <textwidth>8-col</textwidth>
                </control>

                <control type="label" id="68">
                    <visible>Container(8000).Hasfocus(2)</visible>
                    <description>Set settingsBackground image directory</description>
                    <width>14-col</width>
                    <label>[COLOR $VAR[highlight]]$LOCALIZE[31270][/COLOR]</label>
                    <font>buttonTitle</font>
                    <textwidth>8-col</textwidth> 
                </control>
                <control type="button" id="69">
                    <visible>Container(8000).Hasfocus(2)</visible>
                    <description>Set settingsBackground image directory</description>
                    <width>14-col</width>
                    <label>$LOCALIZE[31267]</label>
                    <label2>$INFO[Skin.String(settingsBackground)]</label2>
                    <onclick>Skin.SetPath(settingsBackground)</onclick>
                    <textwidth>8-col</textwidth> 
                </control>
                <control type="button" id="70">
                    <visible>Container(8000).Hasfocus(2)</visible>
                    <description>Set settingsBackground image directory</description>
                    <width>14-col</width>
                    <label>$LOCALIZE[31266]</label>
                    <label2>$INFO[Skin.String(settingsBackground)]</label2>
                    <onclick>Skin.SetImage(settingsBackground)</onclick>
                    <textwidth>8-col</textwidth> 
                </control>
                <control type="button" id="71">
                    <visible>Container(8000).Hasfocus(2)</visible>
                    <description>Reset settingsBackground image directory</description>
                    <width>14-col</width>
                    <label>31268</label>
                    <onclick>Skin.Reset(settingsBackground)</onclick>
                    <textwidth>8-col</textwidth>
                </control>

                <control type="label" id="72">
                    <visible>Container(8000).Hasfocus(2)</visible>
                    <description>Set settingscategorysettings background image directory</description>
                    <width>14-col</width>
                    <label>[COLOR $VAR[highlight]]$LOCALIZE[31271][/COLOR]</label>
                    <font>buttonTitle</font>
                    <textwidth>8-col</textwidth> 
                </control>
                <control type="button" id="73">
                    <visible>Container(8000).Hasfocus(2)</visible>
                    <description>Set SettingsCategoryBackground image directory</description>
                    <width>14-col</width>
                    <label>$LOCALIZE[31267]</label>
                    <label2>$INFO[Skin.String(SettingsCategoryBackground)]</label2>
                    <onclick>Skin.SetPath(SettingsCategoryBackground)</onclick>
                    <textwidth>8-col</textwidth> 
                </control>
                <control type="button" id="74">
                    <visible>Container(8000).Hasfocus(2)</visible>
                    <description>Set SettingsCategoryBackground image directory</description>
                    <width>14-col</width>
                    <label>$LOCALIZE[31266]</label>
                    <label2>$INFO[Skin.String(SettingsCategoryBackground)]</label2>
                    <onclick>Skin.SetImage(SettingsCategoryBackground)</onclick>
                    <textwidth>8-col</textwidth> 
                </control>
                <control type="button" id="75">
                    <visible>Container(8000).Hasfocus(2)</visible>
                    <description>Reset SettingsCategoryBackground image directory</description>
                    <width>14-col</width>
                    <label>31268</label>
                    <onclick>Skin.Reset(SettingsCategoryBackground)</onclick>
                    <textwidth>8-col</textwidth>
                </control>

                <control type="label" id="76">
                    <visible>Container(8000).Hasfocus(2)</visible>
                    <description>Set DialogAddonSettingsBackground background image directory</description>
                    <width>14-col</width>
                    <label>[COLOR $VAR[highlight]]$LOCALIZE[31272][/COLOR]</label>
                    <font>buttonTitle</font>
                    <textwidth>8-col</textwidth> 
                </control>
                <control type="button" id="77">
                    <visible>Container(8000).Hasfocus(2)</visible>
                    <description>Set DialogAddonSettingsBackground image directory</description>
                    <width>14-col</width>
                    <label>$LOCALIZE[31267]</label>
                    <label2>$INFO[Skin.String(DialogAddonSettingsBackground)]</label2>
                    <onclick>Skin.SetPath(DialogAddonSettingsBackground)</onclick>
                    <textwidth>8-col</textwidth> 
                </control>
                <control type="button" id="78">
                    <visible>Container(8000).Hasfocus(2)</visible>
                    <description>Set DialogAddonSettingsBackground image directory</description>
                    <width>14-col</width>
                    <label>$LOCALIZE[31266]</label>
                    <label2>$INFO[Skin.String(DialogAddonSettingsBackground)]</label2>
                    <onclick>Skin.SetImage(DialogAddonSettingsBackground)</onclick>
                    <textwidth>8-col</textwidth> 
                </control>
                <control type="button" id="79">
                    <visible>Container(8000).Hasfocus(2)</visible>
                    <description>Reset DialogAddonSettingsBackground image directory</description>
                    <width>14-col</width>
                    <label>31268</label>
                    <onclick>Skin.Reset(DialogAddonSettingsBackground)</onclick>
                    <textwidth>8-col</textwidth>
                </control>

                <control type="label" id="80">
                    <visible>Container(8000).Hasfocus(2)</visible>
                    <description>Set FileBrowserBackground image directory</description>
                    <width>14-col</width>
                    <label>[COLOR $VAR[highlight]]$LOCALIZE[31273][/COLOR]</label>
                    <font>buttonTitle</font>
                    <textwidth>8-col</textwidth> 
                </control>
                <control type="button" id="81">
                    <visible>Container(8000).Hasfocus(2)</visible>
                    <description>Set FileBrowserBackground image directory</description>
                    <width>14-col</width>
                    <label>$LOCALIZE[31267]</label>
                    <label2>$INFO[Skin.String(FileBrowserBackground)]</label2>
                    <onclick>Skin.SetPath(FileBrowserBackground)</onclick>
                    <textwidth>8-col</textwidth> 
                </control>
                <control type="button" id="82">
                    <visible>Container(8000).Hasfocus(2)</visible>
                    <description>Set FileBrowserBackground image directory</description>
                    <width>14-col</width>
                    <label>$LOCALIZE[31266]</label>
                    <label2>$INFO[Skin.String(FileBrowserBackground)]</label2>
                    <onclick>Skin.SetImage(FileBrowserBackground)</onclick>
                    <textwidth>8-col</textwidth> 
                </control>
                <control type="button" id="83">
                    <visible>Container(8000).Hasfocus(2)</visible>
                    <description>Reset FileBrwoserBackground image directory</description>
                    <width>14-col</width>
                    <label>31268</label>
                    <onclick>Skin.Reset(FileBrowserBackground)</onclick>
                    <textwidth>8-col</textwidth>
                </control>

                <control type="label" id="84">
                    <visible>Container(8000).Hasfocus(2)</visible>
                    <description>Set FileManagerBackground image directory</description>
                    <width>14-col</width>
                    <label>[COLOR $VAR[highlight]]$LOCALIZE[31274][/COLOR]</label>
                    <font>buttonTitle</font>
                    <textwidth>8-col</textwidth> 
                </control>
                <control type="button" id="85">
                    <visible>Container(8000).Hasfocus(2)</visible>
                    <description>Set FileManagerBackground image directory</description>
                    <width>14-col</width>
                    <label>$LOCALIZE[31267]</label>
                    <label2>$INFO[Skin.String(FileManagerBackground)]</label2>
                    <onclick>Skin.SetPath(FileManagerBackground)</onclick>
                    <textwidth>8-col</textwidth> 
                </control>
                <control type="button" id="86">
                    <visible>Container(8000).Hasfocus(2)</visible>
                    <description>Set FileManagerBackground image directory</description>
                    <width>14-col</width>
                    <label>$LOCALIZE[31266]</label>
                    <label2>$INFO[Skin.String(FileManagerBackground)]</label2>
                    <onclick>Skin.SetImage(FileManagerBackground)</onclick>
                    <textwidth>8-col</textwidth> 
                </control>
                <control type="button" id="87">
                    <visible>Container(8000).Hasfocus(2)</visible>
                    <description>Reset FileManagerBackground image directory</description>
                    <width>14-col</width>
                    <label>31268</label>
                    <onclick>Skin.Reset(FileManagerBackground)</onclick>
                    <textwidth>8-col</textwidth>
                </control>

                <control type="label" id="88">
                    <visible>Container(8000).Hasfocus(2)</visible>
                    <description>Set SkinSettingsBackground image directory</description>
                    <width>14-col</width>
                    <label>[COLOR $VAR[highlight]]$LOCALIZE[31275][/COLOR]</label>
                    <font>buttonTitle</font>
                    <textwidth>8-col</textwidth> 
                </control>
                <control type="button" id="89">
                    <visible>Container(8000).Hasfocus(2)</visible>
                    <description>Set home background image directory</description>
                    <width>14-col</width>
                    <label>$LOCALIZE[31267]</label>
                    <label2>$INFO[Skin.String(SkinSettingsBackground)]</label2>
                    <onclick>Skin.SetPath(SkinSettingsBackground)</onclick>
                    <textwidth>8-col</textwidth> 
                </control>
                <control type="button" id="90">
                    <visible>Container(8000).Hasfocus(2)</visible>
                    <description>Set home background image directory</description>
                    <width>14-col</width>
                    <label>$LOCALIZE[31266]</label>
                    <label2>$INFO[Skin.String(SkinSettingsBackground)]</label2>
                    <onclick>Skin.SetImage(SkinSettingsBackground)</onclick>
                    <textwidth>8-col</textwidth> 
                </control>
                <control type="button" id="91">
                    <visible>Container(8000).Hasfocus(2)</visible>
                    <description>Reset home background image directory</description>
                    <width>14-col</width>
                    <label>31268</label>
                    <onclick>Skin.Reset(SkinSettingsBackground)</onclick>
                    <textwidth>8-col</textwidth>
                </control>

                <control type="label" id="92">
                    <visible>Container(8000).Hasfocus(2)</visible>
                    <description>Set SettingsSystemInfoBackground image directory</description>
                    <width>14-col</width>
                    <label>[COLOR $VAR[highlight]]$LOCALIZE[31276][/COLOR]</label>
                    <font>buttonTitle</font>
                    <textwidth>8-col</textwidth> 
                </control>
                <control type="button" id="93">
                    <visible>Container(8000).Hasfocus(2)</visible>
                    <description>Set SettingsSystemInfoBackground image directory</description>
                    <width>14-col</width>
                    <label>$LOCALIZE[31267]</label>
                    <label2>$INFO[Skin.String(SettingsSystemInfoBackground)]</label2>
                    <onclick>Skin.SetPath(SettingsSystemInfoBackground)</onclick>
                    <textwidth>8-col</textwidth> 
                </control>
                <control type="button" id="94">
                    <visible>Container(8000).Hasfocus(2)</visible>
                    <description>Set SettingsSystemInfoBackground image directory</description>
                    <width>14-col</width>
                    <label>$LOCALIZE[31266]</label>
                    <label2>$INFO[Skin.String(SettingsSystemInfoBackground)]</label2>
                    <onclick>Skin.SetImage(SettingsSystemInfoBackground)</onclick>
                    <textwidth>8-col</textwidth> 
                </control>
                <control type="button" id="95">
                    <visible>Container(8000).Hasfocus(2)</visible>
                    <description>Reset SettingsSystemInfoBackground image directory</description>
                    <width>14-col</width>
                    <label>31268</label>
                    <onclick>Skin.Reset(SettingsSystemInfoBackground)</onclick>
                    <textwidth>8-col</textwidth>
                </control>

                <control type="label" id="96">
                    <visible>Container(8000).Hasfocus(2)</visible>
                    <description>Set DialogAddonInfoBackground image directory</description>
                    <width>14-col</width>
                    <label>[COLOR $VAR[highlight]]$LOCALIZE[31277][/COLOR]</label>
                    <font>buttonTitle</font>
                    <textwidth>8-col</textwidth> 
                </control>
                <control type="button" id="97">
                    <visible>Container(8000).Hasfocus(2)</visible>
                    <description>Set DialogAddonInfoBackground image directory</description>
                    <width>14-col</width>
                    <label>$LOCALIZE[31267]</label>
                    <label2>$INFO[Skin.String(DialogAddonInfoBackground)]</label2>
                    <onclick>Skin.SetPath(DialogAddonInfoBackground)</onclick>
                    <textwidth>8-col</textwidth> 
                </control>
                <control type="button" id="98">
                    <visible>Container(8000).Hasfocus(2)</visible>
                    <description>Set DialogAddonInfoBackground image directory</description>
                    <width>14-col</width>
                    <label>$LOCALIZE[31266]</label>
                    <label2>$INFO[Skin.String(DialogAddonInfoBackground)]</label2>
                    <onclick>Skin.SetImage(DialogAddonInfoBackground)</onclick>
                    <textwidth>8-col</textwidth> 
                </control>
                <control type="button" id="99">
                    <visible>Container(8000).Hasfocus(2)</visible>
                    <description>Reset DialogAddonInfoBackground image directory</description>
                    <width>14-col</width>
                    <label>31268</label>
                    <onclick>Skin.Reset(DialogAddonInfoBackground)</onclick>
                    <textwidth>8-col</textwidth>
                </control>

                <control type="label" id="100">
                    <visible>Container(8000).Hasfocus(2)</visible>
                    <description>Set AddonBrowserBackground image directory</description>
                    <width>14-col</width>
                    <label>[COLOR $VAR[highlight]]$LOCALIZE[31278][/COLOR]</label>
                    <font>buttonTitle</font>
                    <textwidth>8-col</textwidth> 
                </control>
                <control type="button" id="101">
                    <visible>Container(8000).Hasfocus(2)</visible>
                    <description>Set AddonBrowserBackground image directory</description>
                    <width>14-col</width>
                    <label>$LOCALIZE[31267]</label>
                    <label2>$INFO[Skin.String(AddonBrowserBackground)]</label2>
                    <onclick>Skin.SetPath(AddonBrowserBackground)</onclick>
                    <textwidth>8-col</textwidth> 
                </control>
                <control type="button" id="102">
                    <visible>Container(8000).Hasfocus(2)</visible>
                    <description>Set AddonBrowserBackground image directory</description>
                    <width>14-col</width>
                    <label>$LOCALIZE[31266]</label>
                    <label2>$INFO[Skin.String(AddonBrowserBackground)]</label2>
                    <onclick>Skin.SetImage(AddonBrowserBackground)</onclick>
                    <textwidth>8-col</textwidth> 
                </control>
                <control type="button" id="103">
                    <visible>Container(8000).Hasfocus(2)</visible>
                    <description>Reset AddonBrowserBackground image directory</description>
                    <width>14-col</width>
                    <label>31268</label>
                    <onclick>Skin.Reset(AddonBrowserBackground)</onclick>
                    <textwidth>8-col</textwidth>
                </control>

                <!-- not in use
                <control type="label" id="41">
                    <description>Set MyProgramsBackground image directory</description>
                    <width>14-col</width>
                    <label>[COLOR $VAR[highlight]]$LOCALIZE[31279][/COLOR]</label>
                    <font>buttonTitle</font>
                    <textwidth>8-col</textwidth> 
                </control>
                <control type="button" id="42">
                    <description>Set MyProgramsBackground image directory</description>
                    <width>14-col</width>
                    <label>$LOCALIZE[31267]</label>
                    <label2>$INFO[Skin.String(MyProgramsBackground)]</label2>
                    <onclick>Skin.SetPath(MyProgramsBackground)</onclick>
                    <textwidth>8-col</textwidth> 
                </control>
                <control type="button" id="43">
                    <description>Set MyProgramsBackground image directory</description>
                    <width>14-col</width>
                    <label>$LOCALIZE[31266]</label>
                    <label2>$INFO[Skin.String(MyProgramsBackground)]</label2>
                    <onclick>Skin.SetImage(MyProgramsBackground)</onclick>
                    <textwidth>8-col</textwidth> 
                </control>
                <control type="button" id="44">
                    <description>Reset MyProgramsBackground image directory</description>
                    <width>14-col</width>
                    <label>31268</label>
                    <onclick>Skin.Reset(MyProgramsBackground)</onclick>
                    <textwidth>8-col</textwidth>
                </control>

                <control type="label" id="45">
                    <description>Set musicBackground image directory</description>
                    <width>14-col</width>
                    <label>[COLOR $VAR[highlight]]$LOCALIZE[31280][/COLOR]</label>
                    <font>buttonTitle</font>
                    <textwidth>8-col</textwidth> 
                </control>
                <control type="button" id="46">
                    <description>Set musicBackground image directory</description>
                    <width>14-col</width>
                    <label>$LOCALIZE[31267]</label>
                    <label2>$INFO[Skin.String(musicBackground)]</label2>
                    <onclick>Skin.SetPath(musicBackground)</onclick>
                    <textwidth>8-col</textwidth> 
                </control>
                <control type="button" id="47">
                    <description>Set musicBackground image directory</description>
                    <width>14-col</width>
                    <label>$LOCALIZE[31266]</label>
                    <label2>$INFO[Skin.String(musicBackground)]</label2>
                    <onclick>Skin.SetImage(musicBackground)</onclick>
                    <textwidth>8-col</textwidth> 
                </control>
                <control type="button" id="48">
                    <description>Reset musicBackground directory</description>
                    <width>14-col</width>
                    <label>31268</label>
                    <onclick>Skin.Reset(musicBackground)</onclick>
                    <textwidth>8-col</textwidth>
                </control>
                -->

                <control type="label" id="104">
                    <visible>Container(8000).Hasfocus(2)</visible>
                    <description>Set musicfullscreenBackground image directory</description>
                    <width>14-col</width>
                    <label>[COLOR $VAR[highlight]]$LOCALIZE[31281][/COLOR]</label>
                    <font>buttonTitle</font>
                    <textwidth>8-col</textwidth> 
                </control>
                <control type="button" id="105">
                    <visible>Container(8000).Hasfocus(2)</visible>
                    <description>Set musicfullscreenBackground image directory</description>
                    <width>14-col</width>
                    <label>$LOCALIZE[31267]</label>
                    <label2>$INFO[Skin.String(musicfullscreenBackground)]</label2>
                    <onclick>Skin.SetPath(musicfullscreenBackground)</onclick>
                    <textwidth>8-col</textwidth> 
                </control>
                <control type="button" id="106">
                    <visible>Container(8000).Hasfocus(2)</visible>
                    <description>Set musicfullscreenBackground image directory</description>
                    <width>14-col</width>
                    <label>$LOCALIZE[31266]</label>
                    <label2>$INFO[Skin.String(musicfullscreenBackground)]</label2>
                    <onclick>Skin.SetImage(musicfullscreenBackground)</onclick>
                    <textwidth>8-col</textwidth> 
                </control>
                <control type="button" id="107">
                    <visible>Container(8000).Hasfocus(2)</visible>
                    <description>Reset musicfullscreenBackground image directory</description>
                    <width>14-col</width>
                    <label>31268</label>
                    <onclick>Skin.Reset(musicfullscreenBackground)</onclick>
                    <textwidth>8-col</textwidth>
                </control>


                <control type="label" id="108">
                    <visible>Container(8000).Hasfocus(2)</visible>
                    <description>reset all</description>
                    <width>14-col</width>
                    <label>[COLOR $VAR[highlight]]$LOCALIZE[31282][/COLOR]</label>
                    <font>buttonTitle</font>
                    <textwidth>8-col</textwidth> 
                </control>
                <control type="button" id="109">
                    <visible>Container(8000).Hasfocus(2)</visible>
                    <description>Set Background for all image directory</description>
                    <width>14-col</width>
                    <label>$LOCALIZE[31267]</label>
                    <label2>$INFO[Skin.String(all)]</label2>
                    <onclick>Skin.SetPath(all)</onclick>
                    <textwidth>8-col</textwidth> 
                </control>
                <control type="button" id="110">
                    <visible>Container(8000).Hasfocus(2)</visible>
                    <description>Set Background for all image directory</description>
                    <width>14-col</width>
                    <label>$LOCALIZE[31266]</label>
                    <label2>$INFO[Skin.String(all)]</label2>
                    <onclick>Skin.SetImage(all)</onclick>
                    <textwidth>8-col</textwidth> 
                </control>

                <control type="label" id="111">
                    <visible>Container(8000).Hasfocus(2)</visible>
                    <description>reset all</description>
                    <width>14-col</width>
                    <label>[COLOR $VAR[highlight]]$LOCALIZE[10041][/COLOR]</label>
                    <font>buttonTitle</font>
                    <textwidth>8-col</textwidth> 
                </control>
                <control type="button" id="112">
                    <visible>Container(8000).Hasfocus(2)</visible>
                    <description>Reset home background image directory</description>
                    <width>14-col</width>
                    <label>10041</label>
                    <onclick>Skin.Reset(homeBackground)</onclick>
                    <onclick>Skin.Reset(settingsBackground)</onclick>
                    <onclick>Skin.Reset(SettingsCategoryBackground)</onclick>
                    <onclick>Skin.Reset(DialogAddonSettingsBackground)</onclick>
                    <onclick>Skin.Reset(FileBrowserBackground)</onclick>
                    <onclick>Skin.Reset(FileManagerBackground)</onclick>
                    <onclick>Skin.Reset(SkinSettingsBackground)</onclick>
                    <onclick>Skin.Reset(SettingsSystemInfoBackground)</onclick>
                    <onclick>Skin.Reset(DialogAddonInfoBackground)</onclick>
                    <onclick>Skin.Reset(AddonBrowserBackground)</onclick>
                    <onclick>Skin.Reset(MyProgramsBackground)</onclick>
                    <onclick>Skin.Reset(musicsBackground)</onclick>
                    <onclick>Skin.Reset(musicfullscreenBackground)</onclick>
                    <onclick>Skin.Reset(all)</onclick>
                    <textwidth>8-col</textwidth>
                </control>
                


            </control>
        </control>
        <!--debugging-->
        <include>DebugGrid</include>
        <control type="label">
            <include>DialogID</include>
            <label>custom_Settings.xml</label>
        </control>
    </controls>
</window>