<?xml version="1.0" encoding="UTF-8" standalone="yes"?>
<addon id="repository.blatorone" name="Blatorone Repository" provider-name="blatorone" version="1.0.13">
	    <extension point="xbmc.addon.repository" name="Blatorone repo">
            <dir>
                <info compressed="false">https://blatorone.github.io/blatorone/repo/Nexus/addons.xml</info>
                <checksum>https://blatorone.github.io/blatorone/repo/Nexus/addons.xml.md5</checksum>
                <datadir zip="true">https://blatorone.github.io/blatorone/repo/Nexus/</datadir>
            </dir>
            <dir minversion="19.9.1" maxversion="20.9.0">
                <info compressed="false">https://raw.githubusercontent.com/jurialmunkey/repository.jurialmunkey/master/nexusrepo/zips/addons.xml</info>
                <checksum>https://raw.githubusercontent.com/jurialmunkey/repository.jurialmunkey/master/nexusrepo/zips/addons.xml.md5</checksum>
                <datadir zip="true">https://raw.githubusercontent.com/jurialmunkey/repository.jurialmunkey/master/nexusrepo/zips/</datadir>
            </dir>
        </extension>
        <extension point="xbmc.addon.metadata">
            <summary>Kodi</summary>
            <description lang="de">Addons von blatorone</description>
            <disclaimer></disclaimer>
            <platform>all</platform>
            <assets>
			    <icon>icon.png</icon>
		    </assets>
        </extension>
</addon>