<?xml version="1.0" encoding="UTF-8"?>
<!--Skin variables-->
<includes>
    <!--folder titles-->
    <variable name="listTitle">
        <value condition="Window.isactive(Videos) + Container.Content(musicvideos)">$LOCALIZE[20389] [LOWERCASE][COLOR highlight]$LOCALIZE[31054] $INFO[container.sortmethod] $INFO[Container.SortOrder,(,)][/COLOR][/LOWERCASE]</value>
        <value condition="Window.isactive(Videos) + [Container.Content(movies) | container.content(tvshows)] + String.Contains(Container.folderpath,special://profile/playlists/video)">[CAPITALIZE]$INFO[container.foldername][/CAPITALIZE] [LOWERCASE][COLOR highlight]$LOCALIZE[31054] $INFO[container.sortmethod] $INFO[Container.SortOrder,(,)][/COLOR][/LOWERCASE]</value>
        <value condition="Window.isactive(Videos) + String.Contains(Container.folderpath,plugin)">$INFO[container.foldername] $INFO[ListItem.TVShowTitle,- ,] $INFO[ListItem.season,$LOCALIZE[20373] ,]</value>
        <value condition="Window.isactive(Videos) + Container.Content(movies)">$LOCALIZE[20342] [LOWERCASE][COLOR highlight]$LOCALIZE[31054] $INFO[container.sortmethod] $INFO[Container.SortOrder,(,)][/COLOR][/LOWERCASE]</value>
        <value condition="Window.isactive(Videos) + Container.Content(tvshows)">$LOCALIZE[31216] [LOWERCASE][COLOR highlight]$LOCALIZE[31054] $INFO[container.sortmethod] $INFO[Container.SortOrder,(,)][/COLOR][/LOWERCASE]</value>
        <value condition="Window.isactive(Videos) + [Container.Content(seasons) | Container.Content(episodes)]">$LOCALIZE[20343]</value>
        <value condition="Window.isactive(Videos) + !String.IsEmpty(container.foldername)">$INFO[container.foldername]</value>
        <value condition="Window.isactive(Videos) + String.IsEmpty(container.foldername)">$LOCALIZE[31012]</value>
        <value condition="Window.isactive(Music) + String.Contains(Container.folderpath,special://profile/playlists)">[CAPITALIZE]$INFO[container.foldername][/CAPITALIZE]</value>
        <value condition="Window.isactive(Music) + Container.Content(albums) + String.Contains(Container.folderpath,special://profile/playlists/music)">[CAPITALIZE]$INFO[container.foldername][/CAPITALIZE] [LOWERCASE][COLOR highlight]$LOCALIZE[31054] $INFO[container.sortmethod] $INFO[Container.SortOrder,(,)][/COLOR][/LOWERCASE]</value>
		<value condition="Window.isactive(Music) + String.contains(container.folderpath,spotify)">$INFO[container.foldername] [CAPITALIZE][COLOR highlight]$INFO[container.content][/COLOR][/CAPITALIZE]</value>
		<value condition="Window.isactive(Music) + String.Contains(container.folderpath,addons://)">$LOCALIZE[1038]</value>
        <value condition="Window.isactive(Music) + String.Contains(container.folderpath,plugin://)">$INFO[container.foldername]</value>
        <value condition="Window.isactive(Music) + Container.Content(albums)">$LOCALIZE[132] [LOWERCASE][COLOR highlight]$LOCALIZE[31054] $INFO[container.sortmethod] $INFO[Container.SortOrder,(,)][/COLOR][/LOWERCASE]</value>
        <value condition="Window.isactive(Music) + Container.Content(artists)">$LOCALIZE[133] [LOWERCASE][COLOR highlight]$LOCALIZE[31054] $INFO[container.sortmethod] $INFO[Container.SortOrder,(,)][/COLOR][/LOWERCASE]</value>
        <value condition="Window.isactive(Music) + Container.Content(songs)">$LOCALIZE[182]</value>
        <value condition="Window.isactive(Music) + !container.content(genres) + String.Contains(container.folderpath,musicdb://genres)">$LOCALIZE[31199] [COLOR highlight]$INFO[container.foldername][/COLOR]</value>
        <value condition="Window.isactive(Music) + !String.IsEmpty(container.foldername)">$INFO[container.foldername]</value>
        <value condition="Window.isactive(Music) + String.IsEmpty(container.foldername)">$LOCALIZE[14237]</value>
    	<value condition="Window.isactive(Weather)">$LOCALIZE[8]</value>
		<value condition="Window.isactive(TVchannels) | Window.isactive(TVGuide)">$LOCALIZE[19020] [COLOR highlight]$LOCALIZE[31078][/COLOR]</value>
		<value condition="Window.isactive(RadioChannels)">$LOCALIZE[19021] [COLOR highlight]$LOCALIZE[31078][/COLOR]</value>
		<value condition="Window.isactive(TVRecordings)">$LOCALIZE[19020] [COLOR highlight]$LOCALIZE[31165][/COLOR]</value>
		<value condition="Window.isactive(MyPVRTimers.xml)">$LOCALIZE[31060] [COLOR highlight]$LOCALIZE[31087][/COLOR]</value>
		<value condition="Window.isactive(programs)">$LOCALIZE[10506]</value>
		<value condition="Window.isactive(musicplaylist) | Window.isactive(videoplaylist)">$LOCALIZE[31123]</value>
		<value condition="Window.isactive(pictures)">$LOCALIZE[31056]</value>
		<value condition="Window.isactive(games)">$LOCALIZE[31232] [LOWERCASE][COLOR highlight]$INFO[container.foldername][/COLOR][/LOWERCASE]</value>
	</variable>
    <variable name="listSubTitle">
        <value condition="Window.isactive(Videos)">$INFO[Container.NumAllItems,, $LOCALIZE[31014]] $VAR[unwatchedOnly]</value>
        <value condition="Window.isactive(Music)">$INFO[container.NumAllItems,, $LOCALIZE[31014]]</value>
		<value condition="Window.isactive(MyPVRTimers.xml)">$INFO[container.NumAllItems,, $LOCALIZE[31145]]</value>
		<value condition="Window.isactive(Weather)">$LOCALIZE[31212] $INFO[Window.Property(WeatherProvider)]</value>
		<value condition="Window.isactive(TVchannels) | Window.isactive(RadioChannels) | Window.isactive(TVGuide)">$INFO[Pvr.BackendChannels] $LOCALIZE[19019] ($INFO[control.getlabel(29)])</value>
		<value condition="Window.isactive(TVRecordings)">$INFO[container.NumAllItems] $LOCALIZE[31165] ($INFO[Pvr.BackendDiskSpace])</value>
		<value condition="Window.isactive(programs)">$INFO[container.NumAllItems,, $LOCALIZE[31145]]</value>
		<value condition="Window.isactive(games)">$INFO[container.NumAllItems,, $LOCALIZE[31145]]</value>
		<value condition="Window.isactive(musicplaylist) | Window.isactive(videoplaylist)">$INFO[container.NumAllItems,, $LOCALIZE[31014]]</value>
		<value condition="Window.isactive(pictures) + Integer.IsGreater(container.Numitems,0)">$INFO[container.NumAllItems,, $LOCALIZE[31014]]</value>
	</variable>
    <!--list view item detail / subheader-->
    <variable name="itemDetail">
        <value condition="Container.Content(movies)">$INFO[Listitem.duration]</value>
        <value condition="Container.Content(tvshows) + !String.IsEmpty(listitem.property(totalseasons))">[B]$INFO[ListItem.Property(TotalSeasons)][/B] $LOCALIZE[31188] • [B]$INFO[ListItem.Property(NumEpisodes)][/B] $LOCALIZE[31189]</value>
        <value condition="Container.Content(seasons)">$INFO[ListItem.Property(TotalEpisodes)] $LOCALIZE[31189]</value>
        <value condition="Container.Content(artists)">$INFO[ListItem.Property(Artist_Genre)]</value>
        <value/>
    </variable>
    <!--Music player shuffle state-->
    <variable name="shuffleState">
        <value condition="Playlist.IsRandom">$LOCALIZE[16041]</value>
        <value condition="!Playlist.IsRandom">$LOCALIZE[16039]</value>
    </variable>
    <!--offset song view, show artist / album if parent view is active-->
    <variable name="songViewArtist">
        <value condition="ListItem.IsParentFolder">$INFO[ListItem(1).Artist] $INFO[ListItem(1).Year,(,)]</value>
        <value>$INFO[ListItem.Artist] $INFO[ListItem.Year,(,)]</value>
    </variable>
    <variable name="songViewAlbum">
        <value condition="ListItem.IsParentFolder">$INFO[ListItem(1).Album]</value>
        <value>$INFO[ListItem.Album]</value>
    </variable>
    <variable name="songViewThumb">
        <value condition="ListItem.IsParentFolder">$INFO[ListItem(1).art(thumb)]</value>
        <value>$INFO[ListItem.art(thumb)]</value>
    </variable>
    <!--Music player repeat state-->
    <variable name="repeatState">
        <value condition="Playlist.IsRepeat">$LOCALIZE[597]</value>
        <value condition="Playlist.IsRepeatOne">$LOCALIZE[596]</value>
        <value condition="!Playlist.IsRepeat + !Playlist.IsRepeatOne">$LOCALIZE[595]</value>
    </variable>
    <!--unwatched only filter active-->
    <variable name="unwatchedOnly">
        <value condition="System.Setting(hidewatched)">• $LOCALIZE[31213]</value>
    </variable>
    <!--Star rating for music tracks-->
    <variable name="starRating">
        <value condition="String.IsEqual(MusicPlayer.UserRating,1)"></value>
        <value condition="String.IsEqual(MusicPlayer.UserRating,2)"></value>
        <value condition="String.IsEqual(MusicPlayer.UserRating,3)"></value>
        <value condition="String.IsEqual(MusicPlayer.UserRating,4)"></value>
        <value condition="String.IsEqual(MusicPlayer.UserRating,5)"></value>
        <value condition="String.IsEqual(MusicPlayer.UserRating,6)"></value>
        <value condition="String.IsEqual(MusicPlayer.UserRating,7)"></value>
        <value condition="String.IsEqual(MusicPlayer.UserRating,8)"></value>
        <value condition="String.IsEqual(MusicPlayer.UserRating,9)"></value>
        <value condition="String.IsEqual(MusicPlayer.UserRating,10)"></value>
        <value></value>
    </variable>
    <!--home background location-->
    <variable name="homeBackgroundLocation">
        <value condition="!String.IsEmpty(Skin.String(homeBackground))">$INFO[Skin.String(homeBackground)]</value>
        <value>special://skin/extras/homeBackgrounds</value>
    </variable>
     <!--settings background location-->
    <variable name="settingsBackgroundLocation">
        <value condition="!String.IsEmpty(Skin.String(settingsBackground))">$INFO[Skin.String(settingsBackground)]</value>
        <value>special://skin/extras/settingsBackgrounds</value>
    </variable>
    <!--SettingsCategory background location-->
    <variable name="SettingsCategoryBackgroundLocation">
        <value condition="!String.IsEmpty(Skin.String(SettingsCategoryBackground))">$INFO[Skin.String(SettingsCategoryBackground)]</value>
        <value>special://skin/extras/SettingsCategoryBackgrounds</value>
    </variable>
    <!--DialogAddonSettings background location-->
    <variable name="DialogAddonSettingsBackgroundLocation">
        <value condition="!String.IsEmpty(Skin.String(DialogAddonSettingsBackground))">$INFO[Skin.String(DialogAddonSettingsBackground)]</value>
        <value>special://skin/extras/DialogAddonSettingsBackgrounds</value>
    </variable>
    <!--FileBrowser background location-->
    <variable name="FileBrowserBackgroundLocation">
        <value condition="!String.IsEmpty(Skin.String(FileBrowserBackground))">$INFO[Skin.String(FileBrowserBackground)]</value>
        <value>special://skin/extras/FileBrowserBackgrounds</value>
    </variable>
        <!--FileManager background location-->
    <variable name="FileManagerBackgroundLocation">
        <value condition="!String.IsEmpty(Skin.String(FileManagerBackground))">$INFO[Skin.String(FileManagerBackground)]</value>
        <value>special://skin/extras/FileManagerBackgrounds</value>
    </variable>
     <!--SkinSettings background location-->
    <variable name="SkinSettingsBackgroundLocation">
        <value condition="!String.IsEmpty(Skin.String(SkinSettingsBackground))">$INFO[Skin.String(SkinSettingsBackground)]</value>
        <value>special://skin/extras/SkinSettingsBackgrounds</value>
    </variable>
    <!--Settingssysteminfo background location-->
    <variable name="SettingsSystemInfoBackgroundLocation">
        <value condition="!String.IsEmpty(Skin.String(SettingsSystemInfoBackground))">$INFO[Skin.String(SettingsSystemInfoBackground)]</value>
        <value>special://skin/extras/SettingsSystemInfoBackgrounds</value>
    </variable>
    <!--DialogAddonInfo background location-->
    <variable name="DialogAddonInfoBackgroundLocation">
        <value condition="!String.IsEmpty(Skin.String(DialogAddonInfoBackground))">$INFO[Skin.String(DialogAddonInfoBackground)]</value>
        <value>special://skin/extras/DialogAddonInfoBackgrounds</value>
    </variable>
    <!--AddonBrowser background location-->
    <variable name="AddonBrowserBackgroundLocation">
        <value condition="!String.IsEmpty(Skin.String(AddonBrowserBackground))">$INFO[Skin.String(AddonBrowserBackground)]</value>
        <value>special://skin/extras/AddonBrowserBackgrounds</value>
    </variable>
    <!--MyPrograms background location-->
    <variable name="MyProgramsBackgroundLocation">
        <value condition="!String.IsEmpty(Skin.String(MyProgramsBackground))">$INFO[Skin.String(MyProgramsBackground)]</value>
        <value>special://skin/extras/MyProgramsBackgrounds</value>
    </variable>
    <!--Music background location-->
    <variable name="musicBackgroundLocation">
        <value condition="!String.IsEmpty(Skin.String(musicsBackground))">$INFO[Skin.String(musicBackground)]</value>
        <value>special://skin/extras/musicBackgrounds</value>
    </variable>
    <!--menu logos-->
    <variable name="menuLogo">
        <value condition="Window.IsActive(games)"></value>
		<value condition="Window.IsActive(pictures)"></value>
        <value condition="window.isactive(music) | window.isactive(radiochannels) | window.isactive(radioguide) | window.isactive(radiorecordings) | window.isactive(radiotimers) | window.isactive(musicplaylist)"></value>
        <value condition="window.isactive(videos) | window.isactive(tvchannels) | window.isactive(tvrecordings) | window.isactive(tvguide) | window.isactive(tvtimers) | window.isactive(videoplaylist)"></value>
    </variable>
    <!--extra fanart sourcing-->
    <variable name="extraFanartLocation">
        <value condition="container.content(movies)">$INFO[listitem.path,,extrafanart]</value>
        <value condition="container.content(tvshows)">$INFO[listitem.filenameandpath,,extrafanart]</value>
        <value condition="container.content(seasons)">$INFO[container.listitem.path,,extrafanart]</value>
    </variable>
    <variable name="PlayerControlsRepeatImageVar">
		<value condition="Playlist.IsRepeatOne">osd/fullscreen/buttons/repeat-one.png</value>
		<value condition="Playlist.IsRepeat">osd/fullscreen/buttons/repeat-all.png</value>
		<value>osd/fullscreen/buttons/repeat-off.png</value>
	</variable>
    <variable name="OSDHelpTextVar">
		<value condition="Control.HasFocus(8003)">$LOCALIZE[486]$INFO[Playlist.Repeat, : ]</value>
		<value condition="Control.HasFocus(8004) + Playlist.IsRandom">$LOCALIZE[590]: $LOCALIZE[16041]</value>
		<value condition="Control.HasFocus(8004)">$LOCALIZE[590]: $LOCALIZE[16039]</value>
	</variable>
    <variable name="SkinSettingOSDAutoCloseTime">
		<value condition="!String.IsEmpty(Skin.String(OSDAutoCloseTime))">$INFO[Skin.String(OSDAutoCloseTime)]</value>
		<value condition="String.IsEmpty(Skin.String(OSDAutoCloseTime))">4</value> <!-- Default value -->
	</variable>
    <variable name="ThemeLabelColor">
		<value >$INFO[Skin.String(ThemeLabelColor)]</value>
		<value>FF6DB9E5</value>
	</variable>
</includes>
