<?xml version="1.0" encoding="UTF-8"?>
<window>
    <defaultcontrol always="true">20</defaultcontrol>

    <include>fadeInOut</include>
    <controls>
        <include>globalBackground</include>
        <control type="multiimage">
			<animation effect="fade" start="0" end="100" time="1000">WindowOpen</animation>
			<include>dimensionsFullscreen</include>
			<imagepath>$VAR[FileManagerBackgroundLocation]</imagepath>
			<timeperimage>45000</timeperimage>
			<fadetime>200</fadetime>
			<pauseatend>10000</pauseatend>
			<randomize>true</randomize>
			<loop>yes</loop>
			<aspectratio>scale</aspectratio>
			<colordiffuse>99ffffff</colordiffuse>
		</control>
        <!--Battery Level-->
        <include>Battery</include>
        <!--Backbutton touchscreen-->
        <include>Backbutton</include>
		<!--mini window-->
		<include>miniVideoPlayer</include>
        <control type="group">
            <!--animations-->
            <include>modalDialogInOutVertical</include>
            <!--page title-->
            <control type="group">
                <posx>col-4-begin</posx>
                <posy>row-5-begin</posy>
                <control type="image">
                    <posx>-12</posx>
                    <posy>-12</posy>
                    <width>1320</width>
                    <height>732</height>
                    <texture>colors/black.png</texture>
                    <colordiffuse>overlay</colordiffuse>
                    <aspectratio>stretch</aspectratio>
                </control>
                <control type="image">
                    <posx>0</posx>
                    <posy>0</posy>
                    <width>18-col</width>
                    <height>2-row</height>
                    <texture>masks/discsurface.png</texture>
                    <colordiffuse>$VAR[highlight]</colordiffuse>
                    <aspectratio>stretch</aspectratio>
                </control>
                <!--title-->
                <control type="label">
                    <posx>24</posx>
                    <posy>0</posy>
                    <width>18-col</width>
                    <height>2-row</height>
                    <font>dialogTitle</font>
                    <label>10003</label>
                    <textcolor>$VAR[Home]</textcolor>
                    <shadowcolor></shadowcolor>
                </control>
				<control type="image">
                    <posx>0</posx>
                    <posy>84</posy>
                    <width>18-col</width>
                    <height>71</height>
                    <texture colordiffuse="highlight_Shadow">masks/discsurface.png</texture>
                    <aspectratio>stretch</aspectratio>
                    <colordiffuse>$VAR[highlight]</colordiffuse>
                </control>
            </control>
            <!--left panel-->
            <control type="group">
                <posx>col-4-begin</posx>
                <posy>270</posy>
                <control type="label" id="101">
                    <description>Header Label</description>
                    <posx>24</posx>
                    <posy>12</posy>
                    <height>2-row</height>
                    <width>636</width>
                    <label></label>
                    <font>itemTitle</font>
                    <textcolor>textActive</textcolor>
                    <shadowcolor></shadowcolor>
                </control>
				<!--page scrollbar-->
	            <control type="group" id="8000">
	                <visible>Control.IsVisible(60)</visible>
	                <animation effect="fade" start="100" end="0" time="100" condition="!controlgroup(8000).hasfocus">conditional</animation>
	                <control type="scrollbar" id="60">
	                    <posx>-18</posx>
	                    <posy>2-row</posy>
	                    <height>16-row</height>
	                    <onright>20</onright>
	                </control>
	            </control>
                <!--left file list-->
                <control type="list" id="20">
                    <posx>0</posx>
                    <posy>96</posy>
                    <width>636</width>
                    <height>540</height>
                    <onright>21</onright>
					<onleft>21</onleft>
                    <onup>9000</onup>
					<pagecontrol>60</pagecontrol>
                    <itemlayout height="2-row" width="9-col">
                        <control type="label">
                            <posx>24</posx>
                            <width>9-col-gutter</width>
                            <height>2-row</height>
                            <aligny>center</aligny>
                            <info>ListItem.Label</info>
                            <font>itemTitle</font>
                        </control>
                        <control type="label">
                            <posx>12r</posx>
                            <width>3-col</width>
                            <height>2-row</height>
                            <aligny>center</aligny>
                            <align>right</align>
                            <info>ListItem.Label2</info>
                            <font>itemTitle</font>
                            <textcolor>$VAR[highlight]</textcolor>
                        </control>
                    </itemlayout>
                    <focusedlayout height="2-row" width="9-col">
                        <control type="image">
                            <width>9-col-textbox</width>
                            <height>2-row</height>
                            <texture colordiffuse="$VAR[selected_box]">masks/discsurface.png</texture>
                            <animation effect="fade" start="100" end="20" condition="!Control.HasFocus(20)">Conditional</animation>
                        </control>
                        <control type="label">
                            <posx>24</posx>
                            <width>9-col-gutter</width>
                            <height>2-row</height>
                            <aligny>center</aligny>
                            <info>ListItem.Label</info>
                            <font>itemTitle</font>
                            <textcolor>black</textcolor>
                        </control>
                        <control type="label">
                            <posx>12r</posx>
                            <width>3-col</width>
                            <height>2-row</height>
                            <aligny>center</aligny>
                            <align>right</align>
                            <info>ListItem.Label2</info>
                            <font>itemTitle</font>
                            <textcolor>black</textcolor>
                        </control>
                    </focusedlayout>
                </control>
            </control>
            <!--right panel-->
            <control type="group">
                <posx>col-13-begin</posx>
                <posy>row-7-begin</posy>
                <control type="label" id="102">
                    <description>Header Label</description>
                    <posx>24</posx>
                    <posy>12</posy>
                    <width>9-col-gutter</width>
                    <height>2-row</height>
                    <label></label>
                    <font>itemTitle</font>
                    <textcolor>textActive</textcolor>
                </control>
                <control type="list" id="21">
                    <posx>0</posx>
                    <posy>96</posy>
                    <width>9-col</width>
                    <height>540</height>
                    <onleft>20</onleft>
					<onright>20</onright>
                    <onup>9000</onup>
					<pagecontrol>61</pagecontrol>
                    <itemlayout height="2-row" width="9-col">
                        <control type="label">
                            <posx>24</posx>
                            <width>636</width>
                            <height>2-row</height>
                            <aligny>center</aligny>
                            <info>ListItem.Label</info>
                            <font>itemTitle</font>
                        </control>
                        <control type="label">
                            <posx>12r</posx>
                            <width>3-col</width>
                            <height>2-row</height>
                            <aligny>center</aligny>
                            <align>right</align>
                            <info>ListItem.Label2</info>
                            <font>itemTitle</font>
                            <textcolor>$VAR[highlight]</textcolor>
                        </control>
                    </itemlayout>
                    <focusedlayout height="2-row" width="9-col">
                        <control type="image">
                            <width>9-col</width>
                            <height>2-row</height>
                            <texture colordiffuse="$VAR[selected_box]">masks/discsurface.png</texture>
                            <animation effect="fade" start="100" end="20" condition="Control.HasFocus(20)">Conditional</animation>
                        </control>
                        <control type="label">
                            <posx>24</posx>
                            <width>636</width>
                            <height>2-row</height>
                            <aligny>center</aligny>
                            <info>ListItem.Label</info>
                            <font>itemTitle</font>
                            <textcolor>black</textcolor>
                        </control>
                        <control type="label">
                            <posx>12r</posx>
                            <width>3-col</width>
                            <height>2-row</height>
                            <aligny>center</aligny>
                            <align>right</align>
                            <info>ListItem.Label2</info>
                            <font>itemTitle</font>
                            <textcolor>black</textcolor>
                        </control>
                    </focusedlayout>
                </control>
				<!--page scrollbar-->
	            <control type="group" id="8001">
	                <visible>Control.IsVisible(61)</visible>
	                <animation effect="fade" start="100" end="0" time="100" condition="!controlgroup(8001).hasfocus">conditional</animation>
	                <control type="scrollbar" id="61">
	                    <posx>654</posx>
	                    <posy>2-row</posy>
	                    <height>16-row</height>
	                    <onleft>21</onleft>
	                </control>
	            </control>
            </control>
        </control>
        <!--debugging-->
        <include>DebugGrid</include>
        <control type="label">
            <include>WindowID</include>
            <label>FileManager.xml</label>
        </control>
    </controls>
</window>
