<?xml version="1.0" encoding="UTF-8"?>
<window>
    <defaultcontrol always="true">503</defaultcontrol>
    <onload condition="Skin.hassetting(stopVideoOnMenu) + !Player.HasAudio">PlayerControl(stop)</onload>
    <onload>Skin.SetString(recentitems,video)</onload>
	
    <include>fadeInOut</include>
	<views>503,50,51,52,53,54,502,504,505,508,509,591,602,609</views>
    <controls>
           
			<control type="image">
						<visible>!Control.IsVisible(50) + !Control.IsVisible(609) + !control.isvisible(602)</visible>
			    		<include>ViewAnimation</include>
	            		<include>dimensionsFullscreen</include>
	            		<texture fallback="$INFO[listitem.thumb]">$INFO[listitem.art(fanart)]</texture>
	            		<colordiffuse>FF555555</colordiffuse>
	            		<aspectratio>scale</aspectratio>
						<fadetime>250</fadetime>
	        </control>
			<control type="image">
						<visible>[Control.IsVisible(50) | Control.IsVisible(609) | control.isvisible(602)] | [String.IsEmpty(listitem.art(fanart)) + String.IsEmpty(listitem.thumb) + String.IsEmpty(listitem.thumb) + [!Control.IsVisible(50) |  !Control.IsVisible(609) | !control.isvisible(602)]] | [!String.IsEmpty(listitem.icon) + !String.IsEmpty(listitem.thumb) + String.IsEmpty(listitem.art(fanart))]</visible>
			    		<include>ViewAnimation</include>
	            		<include>dimensionsFullscreen</include>
	            		<texture>backgroundimage.jpg</texture>
	            		<colordiffuse>FF555555</colordiffuse>
	            		<aspectratio>scale</aspectratio>
						<fadetime>250</fadetime>
	        </control>

        <!--page container group-->
        <control type="group">
            
            <!--Backbutton touchscreen-->
            <include>Backbuttoncross</include>
            
            <!--Main content listing-->
            <control type="group" id="9999">
                <!--Battery Level-->
                <include>Battery</include>
                <include>contentOpen</include>
                <!--source content-->
                <control type="group" id="9500">
                    <include>View_50_List</include>
                    <include condition="!Skin.HasSetting(Disable.InfoWallView)">View_51_InfoWall</include>
                    <include condition="!Skin.HasSetting(Disable.LandscapeView)">View_52_Landscape</include>
                    <include condition="!Skin.HasSetting(Disable.ShowCaseView)">View_53_ShowCase</include>
                    <include cond="!Skin.HasSetting(Disable.ShowCaseView)">View_54_ShowCase</include>
                    <include>View_58_BannerWall</include>
                    <include condition="!Skin.HasSetting(Disable.EpisodeView)">View_502_Episode</include>
                    <include condition="!Skin.HasSetting(Disable.WallView)">View_503_Wall</include>
                    <include condition="!Skin.HasSetting(Disable.GalleryView)">View_504_Gallery</include>
                    <include condition="!Skin.HasSetting(Disable.PanelView)">View_505_Panel</include>
                    <include condition="!Skin.HasSetting(Disable.SongListView)">View_508_SongList</include>
                    <include condition="!Skin.HasSetting(Disable.MyFlixView)">View_509_MyFlix</include>
                    <include condition="!Skin.HasSetting(Disable.BigFanView)">View_591_BigFan</include>
                    <include condition="!Skin.HasSetting(Disable.FanartListView)">View_602_FanartList</include>
                    <include>View_603_Music_JukeBox</include>
                    <include condition="!Skin.HasSetting(Disable.FullscreenWallView)">View_609_Fullscreen_Wall</include>
                </control>
                <include>videolabel</include>
                <control type="button" id="3000">
                <posx>0</posx>
                <posy>500</posy>
                <textwidth>60</textwidth>
                <font>symbolLarge</font>
                <align>center</align>
                <aligny>center</aligny>
                <width>60</width>
                <label></label>
                <label2></label2>
                <textcolor>$VAR[selected]</textcolor>
                <focusedcolor>green</focusedcolor>
                <texturefocus colordiffuse="$VAR[highlight]">masks/discsurface.png</texturefocus>
                <texturenofocus colordiffuse="$VAR[highlight]">masks/discsurface.png</texturenofocus>
                <textoffsetx>2</textoffsetx>
				<onclick>setfocus(9000)</onclick>
                <visible>skin.hassetting(Touch) + !controlgroup(500).hasfocus + !controlgroup(9000).hasfocus + !window.isactive(1130) + !window.isactive(MyMusicNav)</visible>
            </control>
           
			<control type="button" id="3002">
			<animation effect="fade" start="0" end="100" time="2145" condition="skin.hassetting(Touch) + [controlgroup(500).hasfocus | controlgroup(9000).hasfocus]" reversible="true">Conditional</animation>
                <posx>384</posx>
                <posy>500</posy>
                <textwidth>60</textwidth>
                <font>symbolLarge</font>
                <align>center</align>
                <aligny>center</aligny>
                <width>60</width>
                <label></label>
                <label2></label2>
                <textcolor>$VAR[selected]</textcolor>
                <focusedcolor>$VAR[selected]</focusedcolor>
                <texturefocus colordiffuse="$VAR[highlight]">masks/discsurface.png</texturefocus>
                <texturenofocus colordiffuse="$VAR[highlight]">masks/discsurface.png</texturenofocus>
                <textoffsetx>2</textoffsetx>
				<onclick>Dialog.Close(1132)</onclick>
				<visible>skin.hassetting(Touch) + [controlgroup(500).hasfocus | controlgroup(9000).hasfocus]</visible>
        </control>
			
			
                <include content="keyboard select">
                    <param name="posx">87%</param>
					<param name="posy">35%</param>
                    <param name="focus">9999</param>
                    <param name="up">up</param>
                    <param name="down">down</param>
                    <param name="left">left</param>
                    <param name="right">right</param>
                    <param name="select">select</param>
                    <param name="back">back</param>
					<param name="visible">skin.hassetting(Touch) + !controlgroup(500).hasfocus + !control.hasfocus(9001) + !window.isactive(1130) + !window.isactive(1132) + !window.isactive(MyMusicNav)</param>
                    <param name="upview">true</param>
					<param name="downview">true</param>
					<param name="leftview">true</param>
					<param name="rightview">true</param>
					<param name="selectview">true</param>
                    <param name="color">keyboardInactive</param>
                </include>
				
				
				
            </control>
            <!--page scrollbar-->
            <control type="group" id="8000">
				<control type="group">
                	<visible>Control.IsVisible(60) + !Control.IsVisible(51)</visible>
	                <animation effect="fade" start="100" end="0" time="100" condition="!controlgroup(8000).hasfocus">conditional</animation>
	                <control type="scrollbar" id="60">
	                    <posx>54r</posx>
	                    <posy>row-8-begin</posy>
	                    <height>17-row</height>
	                    <onleft>9999</onleft>
	                    <onback>9999</onback>
                        <onright>7000</onright>
                        <onup>7000</onup>
                        
	                </control>
				</control>
				<control type="group">
	                <visible>Control.IsVisible(61) + !Control.IsVisible(51) + !Control.IsVisible(602)</visible>
	                <animation effect="fade" start="100" end="0" time="100" condition="!controlgroup(8000).hasfocus">conditional</animation>
	                <control type="scrollbar" id="61">
	                    <posx>54r</posx>
	                    <posy>row-8-begin</posy>
	                    <height>17-row</height>
	                    <onleft>9999</onleft>
	                    <onback>9999</onback>
                        <onright>7000</onright>
                        <onup>7000</onup>
	                </control>
	            </control>
				<control type="group">
                	<visible>Control.IsVisible(60) + Control.IsVisible(51) + !Control.IsVisible(602)</visible>
	                <animation effect="fade" start="100" end="0" time="100" condition="!controlgroup(8000).hasfocus">conditional</animation>
	                <control type="scrollbar" id="60">
	                    <posx>920</posx>
	                    <posy>row-8-begin</posy>
	                    <height>17-row</height>
	                    <onleft>9999</onleft>
	                    <onback>9999</onback>
                        <onright>7000</onright>
                        <onup>7000</onup>
                        
	                </control>
                    
				</control>
				<control type="group">
	                <visible>Control.IsVisible(61) + Control.IsVisible(51)</visible>
	                <animation effect="fade" start="100" end="0" time="100" condition="!controlgroup(8000).hasfocus">conditional</animation>
	                <control type="scrollbar" id="61">
	                    <posx>920</posx>
	                    <posy>row-8-begin</posy>
	                    <height>17-row</height>
	                    <onleft>9999</onleft>
	                    <onback>9999</onback>
                        <onright>7000</onright>
                        <onup>7000</onup>
	                </control>
	            </control>
                <control type="group">
                	<visible>Control.IsVisible(60) + Control.IsVisible(602)</visible>
	                <animation effect="fade" start="100" end="0" time="100" condition="!controlgroup(8000).hasfocus">conditional</animation>
	                <control type="scrollbar" id="60">
	                    <posx>0</posx>
	                    <posy>row-8-begin</posy>
	                    <height>17-row</height>
	                    <onleft>9000</onleft>
	                    <onback>9999</onback>
                        <onright>9999</onright>
                        <onup>7000</onup>
                        
	                </control>
				</control>
                <control type="group">
	                <visible>Control.IsVisible(61) + Control.IsVisible(602)</visible>
	                <animation effect="fade" start="100" end="0" time="100" condition="!controlgroup(8000).hasfocus">conditional</animation>
	                <control type="scrollbar" id="61">
	                    <posx>1200</posx>
	                    <posy>row-8-begin</posy>
	                    <height>17-row</height>
	                    <onleft>602</onleft>
	                    <onback>9999</onback>
                        <onright>8003</onright>
                        <onup>7000</onup>
	                </control>
	            </control>


            </control>        
            
				

                  
            <!--page header-->
            
			
        </control>
		
		<include>MediaMenuTop</include>
		<include>pageHeadervideonav</include>
		<include>pageHeader</include>
        <!--mini window-->
        <include>miniVideoPlayer</include>
        <!--hub menu-->
        <include>hubMenu</include>
        <!--loading indicator-->
        <include>loadingIndicator</include>
        
        <!--debugging-->
        <include>DebugGrid</include>
        <control type="label">
            <include>WindowID</include>
            <label>MyVideoNav.xml path: $INFO[container.folderpath] folder: $INFO[container.foldername] content: $INFO[container.content]</label>
        </control>
		
    </controls>
	
</window>