<?xml version="1.0" encoding="UTF-8"?>
<window id="1145" type="window">
    <defaultcontrol always="true">5100</defaultcontrol>

    <controls>
        <!--background-->
        <control type="image">
						
			    		<include>ViewAnimation</include>
	            		<include>dimensionsFullscreen</include>
	            		<texture fallback="backgroundimage.jpg">$INFO[listitem.art(fanart)]</texture>
	            		<colordiffuse>FF555555</colordiffuse>
	            		<aspectratio>scale</aspectratio>
						<fadetime>250</fadetime>
	        </control>
        <!--Battery level-->
        <include>Battery</include>
         <!--Backbutton touchscreen-->
        <include>Backbutton</include>
        <control type="group">
            <posx>0</posx>
            <posy>row-5-begin</posy>
            <!--animations-->
            <include>modalDialogInOutVertical</include>
           
          
            
            
           
					
					
						<control type="grouplist" id="9999">
						<posx>0</posx>
						<posy>-120</posy>
						<pagecontrol>2000</pagecontrol>
						<control type="togglebutton" id="9013">
				            <font>regular</font>
				            
				            <width>384</width>
                
				            <align>left</align>
				            <textoffsetx>30</textoffsetx>
				            <textcolor>textActive</textcolor>
				            <focusedcolor>$VAR[selected]</focusedcolor>
				            
                            <texturefocus></texturefocus>
                            <alttexturefocus></alttexturefocus>
                            <alttexturenofocus></alttexturenofocus>
				            <label>Anbieter</label>
                            <onup>5400</onup>
				            <ondown>5100</ondown>
				            <onclick>ActivateWindow(10025,&quot;plugin://plugin.video.themoviedb.helper/?info=watch_providers&amp;tmdb_type=tv&quot;,return)</onclick>
			            </control>
						<include content="WidgetListPoster1">
							<param name="content_path" value="plugin://plugin.video.themoviedb.helper/?info=watch_providers&amp;tmdb_type=tv&quot;"/>
							<param name="widget_header1" value="Anbieter"/>
							<param name="widget_target" value="videos"/>
							<param name="list_id" value="5100"/>
						</include>
						
            
                        <control type="togglebutton" id="9014">
				            <font>regular</font>
				            
				            <width>384</width>
                
				            <align>left</align>
				            <textoffsetx>30</textoffsetx>
				            <textcolor>textActive</textcolor>
				            <focusedcolor>$VAR[selected]</focusedcolor>
				            <focusedcolor></focusedcolor>
				            <texturefocus></texturefocus>
                            
                            <alttexturefocus></alttexturefocus>
                            <alttexturenofocus></alttexturenofocus>
				            <label>Serien im Trend</label>
                            <onup>5100</onup>
				            <ondown>5200</ondown>
				            <onclick>ActivateWindow(10025,&quot;plugin://plugin.video.themoviedb.helper/?info=trending_day&amp;tmdb_type=tv&quot;,return)</onclick>
			            </control>
						<include content="WidgetListPoster2">
							<param name="content_path" value="plugin://plugin.video.themoviedb.helper/?info=trending_day&amp;tmdb_type=tv&quot;"/>
							<param name="widget_header2" value="Filme im Trend"/>
							<param name="widget_target" value="videos"/>
							<param name="list_id" value="5200"/>
						</include>
						
						<control type="togglebutton" id="9015">
				            <font>regular</font>
				            <top>360</top>
				            <width>384</width>
                
				            <align>left</align>
				            <textoffsetx>30</textoffsetx>
				            <textcolor>textActive</textcolor>
				            <focusedcolor>$VAR[selected]</focusedcolor>
				            <focusedcolor></focusedcolor>
				            <texturefocus></texturefocus>
                            
                            <alttexturefocus></alttexturefocus>
                            <alttexturenofocus></alttexturenofocus>
				            <label>Serien Genre</label>
                            <onup>5200</onup>
				            <ondown>5300</ondown>
				            <onclick>ActivateWindow(10025,&quot;plugin://plugin.video.themoviedb.helper/?info=genres&amp;tmdb_type=tv&quot;,return)</onclick>
			            </control>
                        <include content="WidgetListPoster3">
							<param name="content_path" value="plugin://plugin.video.themoviedb.helper/?info=genres&amp;tmdb_type=tv&quot;"/>
							<param name="widget_header3" value="Filme Genre"/>
							<param name="widget_target" value="videos"/>
							<param name="list_id" value="5300"/>
						</include>
						
						<control type="togglebutton" id="9016">
				            <font>regular</font>
				            
				            <width>384</width>
                
				            <align>left</align>
				            <textoffsetx>30</textoffsetx>
				            <textcolor>textActive</textcolor>
				            <focusedcolor>$VAR[selected]</focusedcolor>
				            <focusedcolor></focusedcolor>
				            <texturefocus></texturefocus>
                            
                            <alttexturefocus></alttexturefocus>
                            <alttexturenofocus></alttexturenofocus>
				            <label>Beliebt</label>
                            <onup>5300</onup>
				            <ondown>5400</ondown>
				            <onclick>ActivateWindow(10025,plugin://plugin.video.themoviedb.helper/?info=popular&amp;tmdb_type=tv&quot;,return)</onclick>
			            </control>
                        <include content="WidgetListPoster4">
							<param name="content_path" value="plugin://plugin.video.themoviedb.helper/?info=popular&amp;tmdb_type=tv&quot;"/>
							<param name="widget_header4" value="Beliebte Filme"/>
							<param name="widget_target" value="videos"/>
							<param name="list_id" value="5400"/>
						</include>
						<control type="togglebutton" id="9017">
				            <font>regular</font>
				            
				            <width>600</width>
                
				            <align>left</align>
				            <textoffsetx>30</textoffsetx>
				            <textcolor>textActive</textcolor>
				            <focusedcolor>$VAR[selected]</focusedcolor>
				            <focusedcolor></focusedcolor>
				            <texturefocus></texturefocus>
                            
                            <alttexturefocus></alttexturefocus>
                            <alttexturenofocus></alttexturenofocus>
				            <label>Nächste Episode (Bibliothek)</label>
                            <onup>5400</onup>
				            <ondown>5700</ondown>
				            <onclick>ActivateWindow(10025,&quot;plugin://plugin.video.themoviedb.helper/?info=library_airingnext&amp;tmdb_type=tv&quot;,return)</onclick>
			            </control>
						<include content="WidgetListPoster7">
							<param name="content_path" value="plugin://plugin.video.themoviedb.helper/?info=library_airingnext&amp;tmdb_type=tv&quot;,return)"/>
							<param name="widget_header4" value="Nächste Episode (Bibliothek)"/>
							<param name="widget_target" value="videos"/>
							<param name="list_id" value="5700"/>
						</include>
						<control type="togglebutton" id="9018">
				            <font>regular</font>
				            
				            <width>384</width>
                
				            <align>left</align>
				            <textoffsetx>30</textoffsetx>
				            <textcolor>textActive</textcolor>
				            <focusedcolor>$VAR[selected]</focusedcolor>
				            <focusedcolor></focusedcolor>
				            <texturefocus></texturefocus>
                            
                            <alttexturefocus></alttexturefocus>
                            <alttexturenofocus></alttexturenofocus>
				            <label>Serien Bibliothek</label>
                            <onup>5700</onup>
				            <ondown>5800</ondown>
				            <onclick>ActivateWindow(Videos,videodb://tvshows/)</onclick>
			            </control>
						<include content="WidgetListPoster8">
							<param name="content_path" value="library://video/tvshows/titles.xml/"/>
							<param name="widget_header4" value="Serien Bibliothek"/>
							<param name="widget_target" value="videos"/>
							<param name="list_id" value="5800"/>
						</include>
						
						</control>
						
						<!--
						<control type="image">
							<posx>1000</posx>
							<posy>100</posy>
							<width>50</width>
							<height>500</height>
							<texture>colors/grey.png</texture>
							<aspectratio>scale</aspectratio>
							
						</control>
						-->
					
					 
					<include content="WidgetScrollbar" condition="Skin.HasSetting(touch)">
						<param name="scrollbar_id" value="2001"/>
					</include>
				<control type="textbox">
					<left>750</left>
					<top>-220</top>
					<width>500</width>
					<height>120</height>
					<font>font27</font>
					<align>center</align>
					<aligny>center</aligny>
                    <wrapmultiline>false</wrapmultiline>
					<label>$INFO[ListItem.Label]</label>
					<autoscroll time="2000" delay="3000" repeat="5000">$PARAM[focused]</autoscroll>
					<visible>!Skin.Hassetting(touch)</visible>
				</control>
				<control type="scrollbar" id="2000">
                    <posx>1000</posx>
                    <posy>100</posy>
                    <texturesliderbar colordiffuse="textDisabled">masks/discsurface.png</texturesliderbar>
                    <texturesliderbackground colordiffuse="black">masks/discsurface.png</texturesliderbackground>
                    <texturesliderbarfocus colordiffuse="$VAR[highlight]">masks/discsurface.png</texturesliderbarfocus>
                    <showonepage>true</showonepage>
                    <height>500</height>
                    <width>35</width>
                    <onleft>50</onleft>
                    <onup>8000</onup>
                    <onright>80</onright>
					<visible>Skin.Hassetting(touch)</visible>
                </control>
		</control>
		
		<control type="textbox">
					<left>1100</left>
					<top>300</top>
					<width>800</width>
					<height>400</height>
					<font>veryLarge</font>
					<align>center</align>
					<aligny>center</aligny>
                    <wrapmultiline>true</wrapmultiline>
					<label>$INFO[ListItem.Label]</label>
					
					<visible>Skin.Hassetting(touch)</visible>
				</control>
				<!--Keyboard Crosskey-->
        <include content="keyboard select">
            <param name="posx">87%</param>
            <param name="posy">35%</param>
            <param name="focus">9999</param>
            <param name="up">up</param>
            <param name="down">down</param>
            <param name="left">left</param>
            <param name="right">right</param>
            <param name="select">select</param>
            <param name="back">back</param>
            <param name="visible">skin.hassetting(Touch)</param>
            <param name="upview">true</param>
			<param name="downview">true</param>
			<param name="leftview">true</param>
			<param name="rightview">true</param>
			<param name="selectview">true</param>
            <param name="color">keyboardInactive</param>
        </include>
        <include>MediaMenuTop</include>
		<include>pageHeadervideonav</include>
		<include>pageHeader</include>
        <!--mini window-->
        <include>miniVideoPlayer</include>
        <!--hub menu-->
        <include>hubMenu</include>
        <!--loading indicator-->
        <include>loadingIndicator</include>
        <!--debugging-->
        <include>DebugGrid</include>
        <control type="label">
            <include>DialogID</include>
            <label>Homemenulook.xml</label>
        </control>
    </controls>
</window>