<?xml version="1.0" encoding="UTF-8"?>
<includes>
    <!--main hub menu-->
    <include name="hubMenu">
		<control type="image">
            <include>dimensionsFullscreen</include>
            <texture>colors/black.png</texture>
            <colordiffuse>d5FFFFFF</colordiffuse>
            <aspectratio>stretch</aspectratio>
			<animation type="Conditional" condition="controlgroup(9000).hasfocus">
                <effect type="fade" start="0" end="1000" time="200"/>
            </animation>
            <animation type="Conditional" condition="!controlgroup(9000).hasfocus">
                <effect type="fade" start="1000" end="0" time="100"/>
            </animation>
            
        </control>
        <control type="group" id="9000">
            <animation type="windowopen">
                <effect type="slide" start="-1084" end="0" tween="sine" delay="500" time="400"/>
            </animation>
			<animation type="windowclose">
                <effect type="fade" start="100" end="0" time="0"/>
            </animation>
            
            <animation type="Conditional" condition="!controlgroup(9000).hasfocus">
                <effect type="slide" start="0" end="-1084" tween="sine" time="400"/>
            </animation>
            
            <control type="image">
                <posx>-200</posx>
                <posy>-200</posy>
                <width>584</width>
                <height>1500</height>
                <texture>colors/white.png</texture>
                <colordiffuse>$VAR[highlight]</colordiffuse>
                <aspectratio>stretch</aspectratio>
            </control>
            <!--logo-->
			<control type="group">
				<posx>col-1-begin</posx>
                <posy>row-2-begin</posy>
	            <control type="label">
	                <posx>0</posx>
	                <posy>-12</posy>
	                <width>73</width>
	                <height>73</height>
	                <font>symbolVeryLarge</font>
	                <aligny>center</aligny>
	                <textcolor>$VAR[Home]</textcolor>
	                <label>$VAR[menuLogo]</label>
	            </control>
               
                
			</control>
            <control type="togglebutton" id="500">
                <posy>row-5-begin</posy>
                <texturefocus colordiffuse="$VAR[highlight]">Colors/white.png</texturefocus>
                <texturenofocus>textActive</texturenofocus>
                <alttexturefocus colordiffuse="$VAR[highlight]">Colors/white.png</alttexturefocus>
                <align>center</align>
                <aligny>center</aligny>
                <width>4-col</width>
                <label>View Mode</label>
                <onclick>activateWindow(1130)</onclick>
                <ondown>setfocus(9001,0)</ondown>
                <onup>setfocus(9001,20)</onup>
                <onright>9999</onright>
                <onleft condition="!window.isactive(home)">activateWindow(contextmenu)</onleft>
                <visible>!Container.Content(addons)</visible>
            </control>
            <control type="button" id="2">
                <posy>row-5-begin</posy>
                <textwidth>352</textwidth>
                <texturefocus colordiffuse="$VAR[highlight]">Colors/white.png</texturefocus>
                <align>center</align>
                <aligny>center</aligny>
                <width>4-col</width>
                <ondown>setfocus(9001,0)</ondown>
                <onup>setfocus(9001,20)</onup>
                <onright>9999</onright>
                <onleft condition="!window.isactive(home)">activateWindow(contextmenu)</onleft>
                <visible>[Container.Content(addons) | Container.Content(albums) | Container.Content(songs) | Container.Content(artists) | Container.Content(genres) | Container.Content(years) | Window.IsActive(pictures) | Container.Content(files)] + !Skin.HasSetting(Disable.ShowCaseView)</visible>
            </control>
            

            
            <control type="list" id="9001">
                <posx>-23</posx>
                <posy>row-7-begin</posy>
                <width>col-5-begin</width>
                <height>832</height>
                <orientation>vertical</orientation>
                <onleft condition="!window.isactive(home)">activateWindow(contextmenu)</onleft>
                <onright>9999</onright>
                <ondown condition="control.Isvisible(500)">500</ondown>
                <ondown condition="!control.Isvisible(500)">2</ondown>
                <onup condition="control.Isvisible(500)">500</onup>
                <onup condition="!control.Isvisible(500)">2</onup>
                <itemlayout width="col-5-begin" height="2-row">
                    <control type="label">
                        <posx>col-1-begin</posx>
                        <posy>0</posy>
                        <width>4-col-gutter</width>
                        <height>2-row</height>
                        <font>menuTitle2</font>
                        <aligny>center</aligny>
                        <textcolor>textActive</textcolor>
                        <shadowcolor></shadowcolor>
                        <label>[CAPITALIZE]$INFO[ListItem.label][/CAPITALIZE]</label>
                    </control>
                </itemlayout>
                <focusedlayout width="col-5-begin" height="2-row">
					<control type="image">
                        <posx>0</posx>
                        <posy>0</posy>
                        <width>col-5-begin</width>
                        <height>2-row</height>
                        <texture colordiffuse="$INFO[Skin.String(highlight_Shadow_color)]">Colors/white.png</texture>
                        <aspectratio>stretch</aspectratio>
                    </control>
                    <control type="label">
                        <visible>!control.hasfocus(500) + !window.isactive(contextmenu)</visible>
                        <posx>col-1-begin</posx>
                        <posy>0</posy>
                        <width>4-col-gutter</width>
                        <height>2-row</height>
                        <font>menuTitle2</font>
                        <aligny>center</aligny>
                        <textcolor>black</textcolor>
                        <shadowcolor></shadowcolor>
                        <label>[CAPITALIZE]$INFO[ListItem.label][/CAPITALIZE]</label>
                    </control>
                    <control type="label">
                        <visible>control.hasfocus(500) | window.isactive(contextmenu)</visible>
                        <posx>col-1-begin</posx>
                        <posy>0</posy>
                        <width>4-col-gutter</width>
                        <height>2-row</height>
                        <font>menuTitle2</font>
                        <aligny>center</aligny>
                        <textcolor>white</textcolor>
                        <shadowcolor></shadowcolor>
                        <label>[CAPITALIZE]$INFO[ListItem.label][/CAPITALIZE]</label>
                    </control>
                </focusedlayout>
                <content>
                    <include condition="window.isactive(games)">skinshortcuts-group-gamesubmenu</include>
					<include condition="window.isactive(pictures)">skinshortcuts-group-picturessubmenu</include>
                    <include condition="String.Contains(container.folderpath,videodb://musicvideos/titles) | window.isactive(music) | window.isactive(radiochannels) | window.isactive(radioguide) | window.isactive(radiorecordings) | window.isactive(radiotimers) | window.isactive(musicplaylist)">skinshortcuts-group-musicsubmenu</include>
                    <include condition="[window.isactive(videos) + !String.Contains(container.folderpath,videodb://musicvideos/titles)] | window.isactive(tvchannels) | window.isactive(tvrecordings) | window.isactive(tvguide) | window.isactive(tvtimers) | window.isactive(videoplaylist)">skinshortcuts-group-videosubmenu</include>
                </content>
            </control>
            <control type="button" id="3000">
                <posx>1080</posx>
                <posy>500</posy>
                <textwidth>352</textwidth>
                <font>symbolLarge</font>
                <align>center</align>
                <aligny>center</aligny>
                <width>1-col</width>
                <label></label>
                <label2></label2>
                <textcolor>black</textcolor>
                <focusedcolor>black</focusedcolor>
                <texturefocus colordiffuse="$VAR[highlight]">Colors/white.png</texturefocus>
                <texturenofocus colordiffuse="$VAR[highlight]">Colors/white.png</texturenofocus>
                <visible>skin.hassetting(Touch) + [!control.hasfocus(500) + !control.hasfocus(9001)]</visible>
            </control>
            <control type="button" id="3000">
                <posx>380</posx>
                <posy>500</posy>
                <textwidth>250</textwidth>
                <font>symbolLarge</font>
                <align>center</align>
                <aligny>center</aligny>
                <width>1-col</width>
                <label></label>
                <label2></label2>
                <textcolor>black</textcolor>
                <focusedcolor>black</focusedcolor>
                <texturefocus colordiffuse="$VAR[highlight]">Colors/white.png</texturefocus>
                <texturenofocus colordiffuse="$VAR[highlight]">Colors/white.png</texturenofocus>
                <visible>skin.hassetting(Touch) + [control.hasfocus(500) | control.hasfocus(9001)]</visible>
            </control>
           <include content="keyboard select">
                        <param name="posx">30%</param>
                        <param name="focus">9001</param>
                        <param name="up">up</param>
                        <param name="down">down</param>
                        <param name="left">left</param>
                        <param name="right">right</param>
                        <param name="select">select</param>
                        
                        <param name="back">back</param>
            </include>
        </control>
         
    </include>
    
</includes>
