<?xml version="1.0" encoding="UTF-8"?>
<window>
    <defaultcontrol always="true">8000</defaultcontrol>
    <onload>AlarmClock(hidemenu,setfocus(8000),00:00:00:01,true)</onload>
    <controls>
        <include>globalBackground</include>
        <control type="multiimage">
            <visible>String.IsEmpty(Skin.String(DialogAddonInfoBackgroundimage))</visible>
			<animation effect="fade" start="0" end="100" time="1000">WindowOpen</animation>
			<include>dimensionsFullscreen</include>
			<imagepath>$VAR[DialogAddonInfoBackgroundLocation]</imagepath>
			<timeperimage>45000</timeperimage>
			<fadetime>4000</fadetime>
			<pauseatend>10000</pauseatend>
			<randomize>true</randomize>
			<loop>yes</loop>
			<aspectratio>scale</aspectratio>
			<colordiffuse>99ffffff</colordiffuse>
		</control>
        <control type="image">
					<animation effect="fade" start="0" end="100" time="1000">WindowOpen</animation>
					<include>dimensionsFullscreen</include>
					<texture>$VAR[DialogAddonInfoBackgroundLocation]</texture>
					<fadetime>200</fadetime>
					<aspectratio>keep</aspectratio>
				</control>
		<!--mini window-->
		<include>miniVideoPlayer</include>
        <!--Battery Level-->
        <include>Battery</include>
        <!--Backbutton touchscreen-->
        <include>Backbutton</include>
        <!--About this addon-->
        <control type="group">
            <posx>col-4-begin</posx>
            <posy>row-4-begin</posy>
            <!--animations-->
            <include>fadeInOut</include>
            <!--dialog background-->
            <control type="image">
                <posx>-12</posx>
                <posy>-70</posy>
                <width>1320</width>
                <height>920</height>
                <texture>colors/black.png</texture>
                <colordiffuse>overlay</colordiffuse>
                <aspectratio>stretch</aspectratio>
            </control>
            <control type="image">
                <posx>0</posx>
                <posy>-60</posy>
                <width>18-col</width>
                <height>2-row</height>
                <texture>masks/discsurface.png</texture>
                <colordiffuse>$VAR[highlight]</colordiffuse>
                <aspectratio>stretch</aspectratio>
            </control>
            <!--title-->
            <control type="label">
                <posx>24</posx>
                <posy>-68</posy>
                <width>17-col</width>
                <height>2-row</height>
                <font>dialogTitle</font>
                <label>$INFO[ListItem.AddonType]</label>
                <textcolor>$VAR[Home]</textcolor>
                <shadowcolor></shadowcolor>
            </control>
            <!--addon details-->
            <control type="image">
                <posx>0</posx>
                <posy>-4-row</posy>
                <width>18-col</width>
                <height>8-row</height>
                <aspectratio aligny="center">scale</aspectratio>
                <texture fallback=77>$INFO[ListItem.art(fanart)]</texture>
            </control>
            <!--screenshots-->
            <control type="panel" id="50">
                <posx>18</posx>
                <posy>10</posy>
                <width>16-col</width>
                <height>8-row</height>
                <onleft>50</onleft>
                <onright>50</onright>
                <ondown>8000</ondown>
                <orientation>horizontal</orientation>
                <scrolltime tween="cubic" easing="out">600</scrolltime>
                <itemlayout width="444" height="336">
                    <control type="image">
                        <posx>0</posx>
                        <posy>0</posy>
                        <width>6-col-gutter</width>
                        <height>4-col-gutter</height>
                        <aspectratio>scale</aspectratio>
                        <texture border="6">$INFO[Listitem.thumb]</texture>
                        <bordertexture border="6" colordiffuse="aa111111">colors/black.png</bordertexture>
                        <bordersize>6</bordersize>
                    </control>
                </itemlayout>
                <focusedlayout width="444" height="336">
                    <control type="group">
                        <include>focusThumb</include>
                        <control type="image">
                            <posx>0</posx>
                            <posy>0</posy>
                            <width>6-col-gutter</width>
                            <height>4-col-gutter</height>
                            <aspectratio>scale</aspectratio>
                            <texture>$INFO[Listitem.thumb]</texture>
                            <bordertexture border="6">masks/discsurface.png</bordertexture>
                            <bordersize>6</bordersize>
                            <colordiffuse>ffffffff</colordiffuse>
                        </control>
                    </control>
                </focusedlayout>
            </control>
            <control type="group">
                <posx>6-col</posx>
                <posy>372</posy>
                <control type="label">
                    <description>Addon Title</description>
                    <posx>24</posx>
                    <posy>-90</posy>
                    <width>10-col-gutter</width>
                    <height>2-row</height>
                    <aligny>center</aligny>
                    <font>menuTitle</font>
                    <label>[B]$INFO[ListItem.addonname]$INFO[ListItem.addonversion, (,)][/B]</label>
                </control>
                <control type="label">
                    <posx>24</posx>
                    <posy>68</posy>
                    <width>9-col</width>
                    <font>menuTitle</font>
                    <textcolor>menuUnselected</textcolor>
                    <label>$INFO[ListItem.AddonCreator,$LOCALIZE[31082] ,]</label>
                </control>
                <control type="textbox" id="400">
                    <posx>24</posx>
                    <posy>132</posy>
                    <font>textbox</font>
                    <width>11-col-gutter</width>
                    <height>256</height>
                    <label fallback="31205">$INFO[ListItem.AddonDescription]</label>
                    <autoscroll>false</autoscroll>
                    <pagecontrol>61</pagecontrol>
                </control>
                <control type="scrollbar" id="61">
                     <posx>882</posx>
                     <posy>1-row</posy>
                     <height>7-row</height>
                     <onleft>8000</onleft>
                 </control>
            </control>
            <!--dialog controls-->
            <control type="group">
                <visible>!Window.IsVisible(AddonSettings) + !Window.IsActive(TextViewer)</visible>
                <posx>0</posx>
                <posy>8-row</posy>
                <control type="list" id="8000">
                    <posx>0</posx>
                    <posy>0</posy>
                    <width>6-col</width>
                    <height>11-row</height>
                    <itemgap>3</itemgap>
                    <orientation>vertical</orientation>
                    <onup>50</onup>
                    <ondown>13</ondown>
                    <onright>61</onright>
                    <itemlayout width="6-col" height="2-row">
                        <control type="label">
                            <posx>0</posx>
                            <posy>0</posy>
                            <width>1-col</width>
                            <height>2-row</height>
                            <align>center</align>
                            <aligny>center</aligny>
                            <font>symbolLarge</font>
                            <textcolor>textActive</textcolor>
                            <label>$INFO[ListItem.label2]</label>
                        </control>
                        <control type="label">
                            <posx>1-col-indent</posx>
                            <posy>-1</posy>
                            <width>5-col-gutter</width>
                            <height>2-row</height>
                            <aligny>center</aligny>
                            <font>buttonTitle</font>
                            <textcolor>textActive</textcolor>
                            <label>$INFO[ListItem.label]</label>
                        </control>
                    </itemlayout>
                    <focusedlayout width="6-col" height="2-row">
                        <control type="image">
							<animation type="focus">
					            <effect type="fade" start="100" end="50" time="0"/>
					        </animation>
                            <posx>0</posx>
                            <posy>0</posy>
                            <width>1-col</width>
                            <height>2-row</height>
                            <aspectratio>stretch</aspectratio>
                            <texture>masks/discsurface.png</texture>
                            <colordiffuse>$VAR[highlight]</colordiffuse>
                            <include>spinFocusIcon</include>
                            <visible>!control.hasfocus(13) + !control.hasfocus(50)</visible>
                        </control>
                        <control type="image">
                            <posx>1-col</posx>
                            <posy>0</posy>
                            <width>5-col</width>
                            <height>2-row</height>
                            <aspectratio>stretch</aspectratio>
                            <texture colordiffuse="$VAR[selected_box]">masks/discsurface.png</texture>
                            <visible>!control.hasfocus(13) + !control.hasfocus(50)</visible>
                        </control>
                        <control type="label">
                            <posx>0</posx>
                            <posy>0</posy>
                            <width>1-col</width>
                            <height>2-row</height>
                            <align>center</align>
                            <aligny>center</aligny>
                            <font>symbolLarge</font>
                            <textcolor>$VAR[Home]</textcolor>
                            <label>$INFO[ListItem.label2]</label>
                            <shadowcolor></shadowcolor>
                            <visible>!control.hasfocus(13) + !control.hasfocus(50)</visible>
                        </control>
                        <control type="label">
                            <posx>1-col-indent</posx>
                            <posy>-1</posy>
                            <width>5-col-gutter</width>
                            <height>2-row</height>
                            <aligny>center</aligny>
                            <font>buttonTitle</font>
                            <textcolor>black</textcolor>
                            <label>$INFO[ListItem.label]</label>
                            <shadowcolor></shadowcolor>
                            <visible>!control.hasfocus(13) + !control.hasfocus(50)</visible>
                        </control>
                         <control type="label">
                            <posx>0</posx>
                            <posy>0</posy>
                            <width>1-col</width>
                            <height>2-row</height>
                            <align>center</align>
                            <aligny>center</aligny>
                            <font>symbolLarge</font>
                            <textcolor>textActive</textcolor>
                            <label>$INFO[ListItem.label2]</label>
                            <shadowcolor></shadowcolor>
                            <visible>control.hasfocus(13) | control.hasfocus(50)</visible>
                        </control>
                        <control type="label">
                            <posx>1-col-indent</posx>
                            <posy>-1</posy>
                            <width>5-col-gutter</width>
                            <height>2-row</height>
                            <aligny>center</aligny>
                            <font>buttonTitle</font>
                            <textcolor>textActive</textcolor>
                            <label>$INFO[ListItem.label]</label>
                            <shadowcolor></shadowcolor>
                            <visible>control.hasfocus(13) | control.hasfocus(50)</visible>
                        </control>
                    </focusedlayout>
                    <content>
                        <item id="1">
							<visible>Control.IsEnabled(12)</visible>
                            <label>31117</label>
                            <label2></label2>
                            <thumb></thumb>
                            <onclick>sendclick(146,12)</onclick>
                        </item>
                        <item id="2">
                            <label>$INFO[Control.GetLabel(6)]</label>
                            <label2></label2>
                            <thumb></thumb>
                            <onclick>SendClick(146,6)</onclick>
                        </item>
                        <item id="3">
							<visible>Control.IsEnabled(9)</visible>
                            <label>$INFO[Control.GetLabel(9)]</label>
                            <label2></label2>
                            <thumb></thumb>
                            <onclick>SendClick(146,9)</onclick>
                        </item>
                        <item id="4">
							<visible>ListItem.Property(Addon.HasUpdate)</visible>
                            <label>$INFO[Control.GetLabel(8)]</label>
                            <label2></label2>
                            <thumb></thumb>
                            <onclick>SendClick(146,8)</onclick>
                        </item>
                        <item id="5">
                            <visible>Control.IsEnabled(10)</visible>
                            <label>$LOCALIZE[39024]</label>
                            <label2></label2>
                            <thumb></thumb>
                            <onclick>SendClick(146,10)</onclick>
                        </item>
                        <item id="6">
                            <visible>!ListItem.Property(Addon.IsEnabled)</visible>
                            <label>$LOCALIZE[31218]</label>
                            <label2></label2>
                            <thumb></thumb>
                            <onclick>SendClick(146,7)</onclick>
                            <onclick>Reloadskin</onclick>
                        </item>
                        <item id="7">
                            <visible>ListItem.Property(Addon.IsEnabled)</visible>
                            <label>$LOCALIZE[31104]</label>
                            <label2></label2>
                            <thumb></thumb>
                            <onclick>SendClick(146,7)</onclick>
                            <onclick>Reloadskin</onclick>
                        </item>
                        <item id="9">
							<visible>Control.IsEnabled(14)</visible>
                            <label>$INFO[Control.GetLabel(14)]</label>
                            <label2></label2>
                            <thumb></thumb>
                            <onclick>SendClick(146,14)</onclick>
                        </item>
                        <item id="8">
                            <visible>Skin.HasSetting(Touch)</visible>
                            <label>$LOCALIZE[31253]</label>
                            <label2></label2>
                            <thumb></thumb>
                            <onclick>Back</onclick>
                        </item>
                    </content>
                </control>
            </control>
        </control>
        <!--Auto update Button-->
        <control type="radiobutton" id="13">
			<description>Auto Update Addon button</description>
            <include>fadeInOut</include>
			<width>460</width>
			<height>2-row</height>
            <align>right</align>
            <aligny>center</aligny>
            <textcolor>textActive</textcolor>
            <focusedcolor>black</focusedcolor>
            <disabledcolor>textDisabled</disabledcolor>
            <textureradioonfocus colordiffuse="$VAR[selected]">buttons/radio-button-on.png</textureradioonfocus>
            <textureradioonnofocus colordiffuse="textActive">buttons/radio-button-on.png</textureradioonnofocus>
            <textureradioofffocus colordiffuse="$VAR[selected]">buttons/radio-button-off.png</textureradioofffocus>
            <textureradiooffnofocus colordiffuse="textActive">buttons/radio-button-off.png</textureradiooffnofocus>
            <onup>8000</onup>
            <ondown>7</ondown>
			<posy>920</posy>
            <posx>315</posx>
            <radioposx>-25</radioposx>
            <radioposy>0</radioposy>
            <visible>ListItem.Property(Addon.IsEnabled)</visible>
        </control>
        <!--not in use
        <control type="radiobutton" id="7">
			<description>Auto Update Addon button</description>
			<width>5-col</width>
			<height>2-row</height>
            <onup>13</onup>
            <ondown>8000</ondown>
			<posy>920</posy>
            <posx>382</posx>
            <radiowidth>785</radiowidth>
		    <radioheight>76</radioheight>
            <textureradioonfocus colordiffuse="$VAR[highlight]">buttons/radio-button-off.png</textureradioonfocus>
            <textureradioonnofocus colordiffuse="textActive">buttons/radio-button-off.png</textureradioonnofocus>
            <textureradioofffocus colordiffuse="$VAR[highlight]">buttons/radio-button-on.png</textureradioofffocus>
            <textureradiooffnofocus colordiffuse="textActive">buttons/radio-button-on.png</textureradiooffnofocus>
            <visible>Control.IsEnabled(7)</visible>
        </control>
        -->
        <!--buttons-->
        <control type="group">
            <visible>false</visible>
            <control type="button" id="6">
                <description>Install / Uninstall addon</description>
                <label>24022</label>
            </control>
            <control type="button" id="7">
                <description>Disable Addon button</description>
            </control>
            <control type="button" id="8">
                <description>Update Addon button</description>
                <label>24068</label>
            </control>
            <control type="button" id="9">
                <description>Addon Settings</description>
                <label>24020</label>
            </control>
            <control type="button" id="10">
                <description>Addon Dependencies</description>
            </control>
            <control type="button" id="12">
                <description>Launch addon</description>
            </control>
            <control type="button" id="14">
                <description>Version</description>
				<label>24069</label>
            </control>
        </control>
        <control type="button" id="9999">
            <posx>-500</posx>
            <posy>0</posy>
            <width>1-col</width>
            <height>2-row</height>
			<onleft>setfocus(9000,0)</onleft>
			<onright>setfocus(9000,0)</onright>
			<onup>setfocus(9000,0)</onup>
			<ondown>setfocus(9000,0)</ondown>
			<onclick>setfocus(9000,0)</onclick>
        </control>
        <!--debugging-->
        <include>DebugGrid</include>
        <control type="label">
            <include>DialogID</include>
            <label>DialogAddonInfo.xml</label>
        </control>
    </controls>
</window>
