<?xml version="1.0" encoding="UTF-8"?>
<window id="1105" type="dialog">
    <defaultcontrol always="true">8000</defaultcontrol>
    <onunload>replacewindow(SkinSettings.xml)</onunload>
    <onunload>activatewindow(Home)</onunload>
    <controls>
        <!--background-->
        <include>globalBackground</include>
        <control type="multiimage">
			<animation effect="fade" start="0" end="100" time="1000">WindowOpen</animation>
			<include>dimensionsFullscreen</include>
			<imagepath>$VAR[homeBackgroundLocation]</imagepath>
			<timeperimage>45000</timeperimage>
			<fadetime>200</fadetime>
			<pauseatend>10000</pauseatend>
			<randomize>true</randomize>
			<loop>yes</loop>
			<aspectratio>scale</aspectratio>
			<colordiffuse>99ffffff</colordiffuse>
		</control>
        <!--Battery level-->
        <include>Battery</include>
         <!--Backbutton touchscreen-->
        <include>Backbutton</include>
        <control type="group">
            <posx>col-4-begin</posx>
            <posy>row-5-begin</posy>
            <!--animations-->
            <include>modalDialogInOutVertical</include>
            <control type="image">
                <posx>-12</posx>
                <posy>-12</posy>
                <width>1320</width>
                <height>720</height>
                <texture>colors/black.png</texture>
                <colordiffuse>overlay</colordiffuse>
                <aspectratio>stretch</aspectratio>
            </control>
            <control type="image">
                <posx>0</posx>
                <posy>0</posy>
                <width>18-col</width>
                <height>2-row</height>
                <texture>colors/white.png</texture>
                <colordiffuse>$VAR[highlight]</colordiffuse>
                <aspectratio>stretch</aspectratio>
            </control>
            <!--title-->
            <control type="label">
                <posx>24</posx>
                <posy>0</posy>
                <width>18-col-gutter</width>
                <height>2-row</height>
                <font>dialogTitle</font>
                <label>$LOCALIZE[513] $LOCALIZE[5]</label>
                <textcolor>$VAR[Home]</textcolor>
                <shadowcolor></shadowcolor>
            </control>
            <!--sub menu-->
            <control type="group">
                <posx>0</posx>
                <posy>2-row</posy>
                <!-- Category buttons -->
                <control type="list" id="8000">
                    <posx>0</posx>
                    <posy>12</posy>
                    <width>276</width>
                    <height>18-row</height>
                    <onright>200</onright>
                    <itemlayout height="2-row" width="4-col">
                        <control type="label">
                            <posx>24</posx>
                            <posy>2</posy>
                            <width>4-col-gutter</width>
                            <height>2-row</height>
                            <aligny>center</aligny>
                            <font>buttonTitle</font>
                            <textcolor>textActive</textcolor>
                            <label>$INFO[ListItem.label]</label>
                            <shadowcolor></shadowcolor>
                        </control>
                    </itemlayout>
                    <focusedlayout height="2-row" width="4-col">
                        <control type="image">
                            <posx>0</posx>
                            <posy>0</posy>
                            <width>287</width>
                            <height>2-row</height>
                            <aspectratio>stretch</aspectratio>
                            <texture>colors/white.png</texture>
                        </control>
                        <control type="label">
                            <posx>24</posx>
                            <posy>0</posy>
                            <width>4-col-gutter</width>
                            <height>2-row</height>
                            <aligny>center</aligny>
                            <font>buttonTitle</font>
                            <textcolor>black</textcolor>
                            <label>$INFO[ListItem.label]</label>
                            <shadowcolor></shadowcolor>
                        </control>
                    </focusedlayout>
                    <content>
                        <item id="1">
                            <label>5</label>
                        </item>
                        <item id="2">
                            <label>$LOCALIZE[31259]</label>
                        </item>
                    </content>
                </control>
            </control>
            <!--options-->
            <control type="image">
                <posx>4-col</posx>
                <posy>2-row</posy>
                <width>14-col</width>
                <height>624</height>
                <texture>colors/black.png</texture>
                <colordiffuse>overlay</colordiffuse>
                <aspectratio>stretch</aspectratio>
            </control>
            <control type="grouplist" id="200">
                <posx>4-col</posx>
                <posy>84</posy>
                <width>14-col</width>
                <height>17-row</height>
                <onleft>8000</onleft>
                <itemgap>0</itemgap>
                <orientation>vertical</orientation>
                <control type="radiobutton" id="8">
                    <visible>Container(8000).Hasfocus(1)</visible>
                    <description>Enable Home Button Further apart</description>
                    <width>14-col</width>
                    <label>$LOCALIZE[31257]</label>
                    <onclick>Skin.ToggleSetting(OSDAutoClose)</onclick>
                    <selected>Skin.HasSetting(OSDAutoClose)</selected>
                </control>
                <control type="button" id="9">
                    <visible>Container(8000).Hasfocus(1)</visible>
                    <description>Automatically close video OSD Time</description>
                    <width>14-col</width>
                    <label>- $LOCALIZE[31258]</label>
                    <label2>$VAR[SkinSettingOSDAutoCloseTime]</label2>
                    <onclick>Skin.SetNumeric(OSDAutoCloseTime)</onclick>
                    <enable>Skin.HasSetting(OSDAutoClose)</enable>
                </control>
                <control type="radiobutton" id="1">
                    <visible>Container(8000).Hasfocus(1) + Integer.IsGreater(System.BatteryLevel,1)</visible>
                    <description>Enable Battery Level</description>
                    <width>14-col</width>
                    <label>31241</label>
                    <onclick>Skin.Togglesetting(show_battery)</onclick>
                    <selected>Skin.HasSetting(show_battery)</selected>
                </control>
                <control type="radiobutton" id="2">
                    <visible>System.Platform.Android + Container(8000).Hasfocus(1)</visible>
                    <description>Android System allowed</description>
                    <width>14-col</width>
                    <label>31246</label>
                    <onclick>Skin.Togglesetting(Show Android Apps)</onclick>
                    <selected>Skin.HasSetting(Show Android Apps)</selected>
                </control>
                <control type="radiobutton" id="3">
                    <visible>Container(8000).Hasfocus(1) + System.Platform.Android</visible>
                    <description>Enable Youtube</description>
                    <width>14-col</width>
                    <label>31255</label>
                    <onclick>Skin.Togglesetting(Youtube)</onclick>
                    <selected>Skin.HasSetting(Youtube)</selected>
                </control>
                <control type="radiobutton" id="4">
                    <visible>Container(8000).Hasfocus(1) + System.Platform.Android</visible>
                    <description>Enable SmartTube</description>
                    <width>14-col</width>
                    <label>31256</label>
                    <onclick>Skin.Togglesetting(SmartTube)</onclick>
                    <selected>Skin.HasSetting(SmartTube)</selected>
                </control>
                <control type="radiobutton" id="5">
                    <visible>Container(8000).Hasfocus(1) + $EXP[hasWeather]</visible>
                    <description>Weather icons</description>
                    <width>14-col</width>
                    <label>$LOCALIZE[8] Icons ($LOCALIZE[31254])</label>
                    <onclick>Skin.Togglesetting(weather icons)</onclick>
                    <selected>Skin.HasSetting(weather icons)</selected>
                </control>
                <control type="radiobutton" id="6">
                    <visible>Container(8000).Hasfocus(1)</visible>
                    <description>Enable Back Button for Touchscreen</description>
                    <width>14-col</width>
                    <label>31242</label>
                    <onclick>Skin.Togglesetting(Touch)</onclick>
                    <selected>Skin.HasSetting(Touch)</selected>
                </control>
                <control type="radiobutton" id="42">
                    <visible>Container(8000).Hasfocus(1) + Skin.HasSetting(Touch)</visible>
                    <description>Enable crosskey</description>
                    <width>14-col</width>
                    <label>31260</label>
                    <onclick>Skin.Togglesetting(crosskey)</onclick>
                    <selected>Skin.HasSetting(crosskey)</selected>
                </control>
                <control type="togglebutton" id="43">
                    <visible>Container(8000).Hasfocus(1)</visible>
                    <description>Change Main Button Menu to Slider</description>
                    <width>14-col</width>
                    <label>$LOCALIZE[31261]</label>
                    <onclick>activatewindow(1106)</onclick>
                </control>

                <control type="radiobutton" id="7">
                    <visible>Container(8000).Hasfocus(1)</visible>
                    <description>Enable Home Button Further apart</description>
                    <width>14-col</width>
                    <label>31244</label>
                    <onclick>Skin.Togglesetting(Further_apart)</onclick>
                    <selected>Skin.HasSetting(Further_apart)</selected>
                </control>
                <control type="radiobutton" id="10">
                    <visible>Container(8000).Hasfocus(2)</visible>
                    <description>color change</description>
                    <width>14-col</width>
                    <textureradioonfocus colordiffuse="textactive">Colors/Lightblue.png</textureradioonfocus>
                    <textureradioonnofocus colordiffuse="textActive">Colors/Lightblue.png</textureradioonnofocus>
                    <textureradioofffocus colordiffuse="textactive">Colors/Lightblue.png</textureradioofffocus>
                    <textureradiooffnofocus colordiffuse="textactive">Colors/Lightblue.png</textureradiooffnofocus>
                    <texturefocus>colors/grey.png</texturefocus>
                    <label>Lightblue</label> 
                    <onclick>Skin.Togglesetting(lightblue)</onclick>
                    <onclick condition="Skin.HasSetting(Bluewood)">Skin.Reset(Bluewood)</onclick>
                    <onclick condition="Skin.HasSetting(Darkblue)">Skin.Reset(Darkblue)</onclick>
                    <onclick condition="Skin.HasSetting(Default)">Skin.Reset(Default)</onclick>
                    <onclick condition="Skin.HasSetting(Dribble)">Skin.Reset(Dribble)</onclick>
                    <onclick condition="Skin.HasSetting(Gold)">Skin.Reset(Gold)</onclick>
                    <onclick condition="Skin.HasSetting(Green)">Skin.Reset(Green)</onclick>
                    <onclick condition="Skin.HasSetting(Interest)">Skin.Reset(Interest)</onclick>
                    <onclick condition="Skin.HasSetting(Medium)">Skin.Reset(Medium)</onclick>
                    <onclick condition="Skin.HasSetting(Orange)">Skin.Reset(Orange)</onclick>
                    <onclick condition="Skin.HasSetting(PellucidV1)">Skin.Reset(PellucidV1)</onclick>
                    <onclick condition="Skin.HasSetting(Razzmatazz)">Skin.Reset(Razzmatazz)</onclick>
                    <onclick condition="Skin.HasSetting(Tumble)">Skin.Reset(Tumble)</onclick>
                    <onclick condition="Skin.HasSetting(Turquoise)">Skin.Reset(Turquoise)</onclick>
                    <onclick condition="Skin.HasSetting(Vine)">Skin.Reset(Vine)</onclick>
                    <onclick condition="Skin.HasSetting(VK)">Skin.Reset(VK)</onclick>
                    <selected>Skin.HasSetting(lightblue)</selected>
                    <visible>!Skin.HasSetting(lightblue)</visible>
                </control>
                <control type="radiobutton" id="11">
                    <visible>Container(8000).Hasfocus(2)</visible>
                    <description>Enable Home Button Further apart</description>
                    <width>14-col</width>
                    <textureradioonfocus colordiffuse="textactive">Colors/Lightblue.png</textureradioonfocus>
                    <textureradioonnofocus colordiffuse="textActive">Colors/Lightblue.png</textureradioonnofocus>
                    <textureradioofffocus colordiffuse="textactive">Colors/Lightblue.png</textureradioofffocus>
                    <textureradiooffnofocus colordiffuse="textactive">Colors/Lightblue.png</textureradiooffnofocus>
                    <texturefocus>colors/grey.png</texturefocus>
                    <label>[COLOR yellow]Lightblue[/COLOR]</label> 
                    <onclick>Skin.Togglesetting(lightblue)</onclick>
                    <onclick condition="Skin.HasSetting(Bluewood)">Skin.Reset(Bluewood)</onclick>
                    <onclick condition="Skin.HasSetting(Darkblue)">Skin.Reset(Darkblue)</onclick>
                    <onclick condition="Skin.HasSetting(Default)">Skin.Reset(Default)</onclick>
                    <onclick condition="Skin.HasSetting(Dribble)">Skin.Reset(Dribble)</onclick>
                    <onclick condition="Skin.HasSetting(Gold)">Skin.Reset(Gold)</onclick>
                    <onclick condition="Skin.HasSetting(Green)">Skin.Reset(Green)</onclick>
                    <onclick condition="Skin.HasSetting(Interest)">Skin.Reset(Interest)</onclick>
                    <onclick condition="Skin.HasSetting(Medium)">Skin.Reset(Medium)</onclick>
                    <onclick condition="Skin.HasSetting(Orange)">Skin.Reset(Orange)</onclick>
                    <onclick condition="Skin.HasSetting(PellucidV1)">Skin.Reset(PellucidV1)</onclick>
                    <onclick condition="Skin.HasSetting(Razzmatazz)">Skin.Reset(Razzmatazz)</onclick>
                    <onclick condition="Skin.HasSetting(Tumble)">Skin.Reset(Tumble)</onclick>
                    <onclick condition="Skin.HasSetting(Turquoise)">Skin.Reset(Turquoise)</onclick>
                    <onclick condition="Skin.HasSetting(Vine)">Skin.Reset(Vine)</onclick>
                    <onclick condition="Skin.HasSetting(VK)">Skin.Reset(VK)</onclick>
                    <selected>Skin.HasSetting(lightblue)</selected>
                    <visible>Skin.HasSetting(lightblue)</visible>
                </control>

                <control type="radiobutton" id="12">
                    <visible>Container(8000).Hasfocus(2)</visible>
                    <description>Enable Home Button Further apart</description>
                    <width>14-col</width>
                    <textureradioonfocus colordiffuse="textactive">Colors/Bluewood.png</textureradioonfocus>
                    <textureradioonnofocus colordiffuse="textActive">Colors/Bluewood.png</textureradioonnofocus>
                    <textureradioofffocus colordiffuse="textactive">Colors/Bluewood.png</textureradioofffocus>
                    <textureradiooffnofocus colordiffuse="textactive">Colors/Bluewood.png</textureradiooffnofocus>
                    <texturefocus>colors/grey.png</texturefocus>
                    <label>Bluewood</label>
                    <onclick>Skin.Togglesetting(Bluewood)</onclick>
                    <onclick condition="Skin.HasSetting(Darkblue)">Skin.Reset(Darkblue)</onclick>
                    <onclick condition="Skin.HasSetting(Default)">Skin.Reset(Default)</onclick>
                    <onclick condition="Skin.HasSetting(Dribble)">Skin.Reset(Dribble)</onclick>
                    <onclick condition="Skin.HasSetting(Gold)">Skin.Reset(Gold)</onclick>
                    <onclick condition="Skin.HasSetting(Green)">Skin.Reset(Green)</onclick>
                    <onclick condition="Skin.HasSetting(Interest)">Skin.Reset(Interest)</onclick>
                    <onclick condition="Skin.HasSetting(lightblue)">Skin.Reset(lightblue)</onclick>
                    <onclick condition="Skin.HasSetting(Medium)">Skin.Reset(Medium)</onclick>
                    <onclick condition="Skin.HasSetting(Orange)">Skin.Reset(Orange)</onclick>
                    <onclick condition="Skin.HasSetting(PellucidV1)">Skin.Reset(PellucidV1)</onclick>
                    <onclick condition="Skin.HasSetting(Razzmatazz)">Skin.Reset(Razzmatazz)</onclick>
                    <onclick condition="Skin.HasSetting(Tumble)">Skin.Reset(Tumble)</onclick>
                    <onclick condition="Skin.HasSetting(Turquoise)">Skin.Reset(Turquoise)</onclick>
                    <onclick condition="Skin.HasSetting(Vine)">Skin.Reset(Vine)</onclick>
                    <onclick condition="Skin.HasSetting(VK)">Skin.Reset(VK)</onclick>
                    <selected>Skin.HasSetting(Bluewood)</selected>
                    <visible>!Skin.HasSetting(Bluewood)</visible>
                </control>
                <control type="radiobutton" id="13">
                    <visible>Container(8000).Hasfocus(2)</visible>
                    <description>Enable Home Button Further apart</description>
                    <width>14-col</width>
                    <textureradioonfocus colordiffuse="textactive">Colors/Bluewood.png</textureradioonfocus>
                    <textureradioonnofocus colordiffuse="textActive">Colors/Bluewood.png</textureradioonnofocus>
                    <textureradioofffocus colordiffuse="textactive">Colors/Bluewood.png</textureradioofffocus>
                    <textureradiooffnofocus colordiffuse="textactive">Colors/Bluewood.png</textureradiooffnofocus>
                    <texturefocus>colors/grey.png</texturefocus>
                    <label>[COLOR yellow]Bluewood[/COLOR]</label>
                    <onclick>Skin.Togglesetting(Bluewood)</onclick>
                    <onclick condition="Skin.HasSetting(Darkblue)">Skin.Reset(Darkblue)</onclick>
                    <onclick condition="Skin.HasSetting(Default)">Skin.Reset(Default)</onclick>
                    <onclick condition="Skin.HasSetting(Dribble)">Skin.Reset(Dribble)</onclick>
                    <onclick condition="Skin.HasSetting(Gold)">Skin.Reset(Gold)</onclick>
                    <onclick condition="Skin.HasSetting(Green)">Skin.Reset(Green)</onclick>
                    <onclick condition="Skin.HasSetting(Interest)">Skin.Reset(Interest)</onclick>
                    <onclick condition="Skin.HasSetting(lightblue)">Skin.Reset(lightblue)</onclick>
                    <onclick condition="Skin.HasSetting(Medium)">Skin.Reset(Medium)</onclick>
                    <onclick condition="Skin.HasSetting(Orange)">Skin.Reset(Orange)</onclick>
                    <onclick condition="Skin.HasSetting(PellucidV1)">Skin.Reset(PellucidV1)</onclick>
                    <onclick condition="Skin.HasSetting(Razzmatazz)">Skin.Reset(Razzmatazz)</onclick>
                    <onclick condition="Skin.HasSetting(Tumble)">Skin.Reset(Tumble)</onclick>
                    <onclick condition="Skin.HasSetting(Turquoise)">Skin.Reset(Turquoise)</onclick>
                    <onclick condition="Skin.HasSetting(Vine)">Skin.Reset(Vine)</onclick>
                    <onclick condition="Skin.HasSetting(VK)">Skin.Reset(VK)</onclick>
                    <selected>Skin.HasSetting(Bluewood)</selected>
                    <visible>Skin.HasSetting(Bluewood)</visible>
                </control>

                <control type="radiobutton" id="14">
                    <visible>Container(8000).Hasfocus(2)</visible>
                    <description>Enable Home Button Further apart</description>
                    <width>14-col</width>
                    <textureradioonfocus colordiffuse="textactive">Colors/Darkblue.png</textureradioonfocus>
                    <textureradioonnofocus colordiffuse="textActive">Colors/Darkblue.png</textureradioonnofocus>
                    <textureradioofffocus colordiffuse="textactive">Colors/Darkblue.png</textureradioofffocus>
                    <textureradiooffnofocus colordiffuse="textactive">Colors/Darkblue.png</textureradiooffnofocus>
                    <texturefocus>colors/grey.png</texturefocus>
                    <label>Darkblue</label>
                    <onclick>Skin.Togglesetting(Darkblue)</onclick>
                    <onclick condition="Skin.HasSetting(Bluewood)">Skin.Reset(Bluewood)</onclick>
                    <onclick condition="Skin.HasSetting(Default)">Skin.Reset(Default)</onclick>
                    <onclick condition="Skin.HasSetting(Dribble)">Skin.Reset(Dribble)</onclick>
                    <onclick condition="Skin.HasSetting(Gold)">Skin.Reset(Gold)</onclick>
                    <onclick condition="Skin.HasSetting(Green)">Skin.Reset(Green)</onclick>
                    <onclick condition="Skin.HasSetting(Interest)">Skin.Reset(Interest)</onclick>
                    <onclick condition="Skin.HasSetting(lightblue)">Skin.Reset(lightblue)</onclick>
                    <onclick condition="Skin.HasSetting(Medium)">Skin.Reset(Medium)</onclick>
                    <onclick condition="Skin.HasSetting(Orange)">Skin.Reset(Orange)</onclick>
                    <onclick condition="Skin.HasSetting(PellucidV1)">Skin.Reset(PellucidV1)</onclick>
                    <onclick condition="Skin.HasSetting(Razzmatazz)">Skin.Reset(Razzmatazz)</onclick>
                    <onclick condition="Skin.HasSetting(Tumble)">Skin.Reset(Tumble)</onclick>
                    <onclick condition="Skin.HasSetting(Turquoise)">Skin.Reset(Turquoise)</onclick>
                    <onclick condition="Skin.HasSetting(Vine)">Skin.Reset(Vine)</onclick>
                    <onclick condition="Skin.HasSetting(VK)">Skin.Reset(VK)</onclick>
                    <selected>Skin.HasSetting(Darkblue)</selected>
                    <visible>!Skin.HasSetting(Darkblue)</visible>
                </control>
                <control type="radiobutton" id="15">
                    <visible>Container(8000).Hasfocus(2)</visible>
                    <description>Enable Home Button Further apart</description>
                    <width>14-col</width>
                    <textureradioonfocus colordiffuse="textactive">Colors/Darkblue.png</textureradioonfocus>
                    <textureradioonnofocus colordiffuse="textActive">Colors/Darkblue.png</textureradioonnofocus>
                    <textureradioofffocus colordiffuse="textactive">Colors/Darkblue.png</textureradioofffocus>
                    <textureradiooffnofocus colordiffuse="textactive">Colors/Darkblue.png</textureradiooffnofocus>
                    <texturefocus>colors/grey.png</texturefocus>
                    <label>[COLOR yellow]Darkblue[/COLOR]</label>
                    <onclick>Skin.Togglesetting(Darkblue)</onclick>
                    <onclick condition="Skin.HasSetting(Bluewood)">Skin.Reset(Bluewood)</onclick>
                    <onclick condition="Skin.HasSetting(Default)">Skin.Reset(Default)</onclick>
                    <onclick condition="Skin.HasSetting(Dribble)">Skin.Reset(Dribble)</onclick>
                    <onclick condition="Skin.HasSetting(Gold)">Skin.Reset(Gold)</onclick>
                    <onclick condition="Skin.HasSetting(Green)">Skin.Reset(Green)</onclick>
                    <onclick condition="Skin.HasSetting(Interest)">Skin.Reset(Interest)</onclick>
                    <onclick condition="Skin.HasSetting(lightblue)">Skin.Reset(lightblue)</onclick>
                    <onclick condition="Skin.HasSetting(Medium)">Skin.Reset(Medium)</onclick>
                    <onclick condition="Skin.HasSetting(Orange)">Skin.Reset(Orange)</onclick>
                    <onclick condition="Skin.HasSetting(PellucidV1)">Skin.Reset(PellucidV1)</onclick>
                    <onclick condition="Skin.HasSetting(Razzmatazz)">Skin.Reset(Razzmatazz)</onclick>
                    <onclick condition="Skin.HasSetting(Tumble)">Skin.Reset(Tumble)</onclick>
                    <onclick condition="Skin.HasSetting(Turquoise)">Skin.Reset(Turquoise)</onclick>
                    <onclick condition="Skin.HasSetting(Vine)">Skin.Reset(Vine)</onclick>
                    <onclick condition="Skin.HasSetting(VK)">Skin.Reset(VK)</onclick>
                    <selected>Skin.HasSetting(Darkblue)</selected>
                    <visible>Skin.HasSetting(Darkblue)</visible>
                </control>

                <control type="radiobutton" id="16">
                    <visible>Container(8000).Hasfocus(2)</visible>
                    <description>Enable Home Button Further apart</description>
                    <width>14-col</width>
                    <textureradioonfocus colordiffuse="textactive">Colors/Default.png</textureradioonfocus>
                    <textureradioonnofocus colordiffuse="textActive">Colors/Default.png</textureradioonnofocus>
                    <textureradioofffocus colordiffuse="textactive">Colors/Default.png</textureradioofffocus>
                    <textureradiooffnofocus colordiffuse="textactive">Colors/Default.png</textureradiooffnofocus>
                    <texturefocus>colors/grey.png</texturefocus>
                    <label>$LOCALIZE[15109]</label>
                    <onclick>Skin.Togglesetting(Default)</onclick>
                    <onclick condition="Skin.HasSetting(Bluewood)">Skin.Reset(Bluewood)</onclick>
                    <onclick condition="Skin.HasSetting(Darkblue)">Skin.Reset(Darkblue)</onclick>
                    <onclick condition="Skin.HasSetting(Dribble)">Skin.Reset(Dribble)</onclick>
                    <onclick condition="Skin.HasSetting(Gold)">Skin.Reset(Gold)</onclick>
                    <onclick condition="Skin.HasSetting(Green)">Skin.Reset(Green)</onclick>
                    <onclick condition="Skin.HasSetting(Interest)">Skin.Reset(Interest)</onclick>
                    <onclick condition="Skin.HasSetting(lightblue)">Skin.Reset(lightblue)</onclick>
                    <onclick condition="Skin.HasSetting(Medium)">Skin.Reset(Medium)</onclick>
                    <onclick condition="Skin.HasSetting(Orange)">Skin.Reset(Orange)</onclick>
                    <onclick condition="Skin.HasSetting(PellucidV1)">Skin.Reset(PellucidV1)</onclick>
                    <onclick condition="Skin.HasSetting(Razzmatazz)">Skin.Reset(Razzmatazz)</onclick>
                    <onclick condition="Skin.HasSetting(Tumble)">Skin.Reset(Tumble)</onclick>
                    <onclick condition="Skin.HasSetting(Turquoise)">Skin.Reset(Turquoise)</onclick>
                    <onclick condition="Skin.HasSetting(Vine)">Skin.Reset(Vine)</onclick>
                    <onclick condition="Skin.HasSetting(VK)">Skin.Reset(VK)</onclick>
                    <selected>Skin.HasSetting(Default)</selected>
                    <visible>!Skin.HasSetting(Default)</visible>
                </control>
                <control type="radiobutton" id="17">
                    <visible>Container(8000).Hasfocus(2)</visible>
                    <description>Enable Home Button Further apart</description>
                    <width>14-col</width>
                    <textureradioonfocus colordiffuse="textactive">Colors/Default.png</textureradioonfocus>
                    <textureradioonnofocus colordiffuse="textActive">Colors/Default.png</textureradioonnofocus>
                    <textureradioofffocus colordiffuse="textactive">Colors/Default.png</textureradioofffocus>
                    <textureradiooffnofocus colordiffuse="textactive">Colors/Default.png</textureradiooffnofocus>
                    <texturefocus>colors/grey.png</texturefocus>
                    <label>[COLOR yellow]$LOCALIZE[15109][/COLOR]</label>
                    <onclick>Skin.Togglesetting(Default)</onclick>
                    <onclick condition="Skin.HasSetting(Bluewood)">Skin.Reset(Bluewood)</onclick>
                    <onclick condition="Skin.HasSetting(Darkblue)">Skin.Reset(Darkblue)</onclick>
                    <onclick condition="Skin.HasSetting(Dribble)">Skin.Reset(Dribble)</onclick>
                    <onclick condition="Skin.HasSetting(Gold)">Skin.Reset(Gold)</onclick>
                    <onclick condition="Skin.HasSetting(Green)">Skin.Reset(Green)</onclick>
                    <onclick condition="Skin.HasSetting(Interest)">Skin.Reset(Interest)</onclick>
                    <onclick condition="Skin.HasSetting(lightblue)">Skin.Reset(lightblue)</onclick>
                    <onclick condition="Skin.HasSetting(Medium)">Skin.Reset(Medium)</onclick>
                    <onclick condition="Skin.HasSetting(Orange)">Skin.Reset(Orange)</onclick>
                    <onclick condition="Skin.HasSetting(PellucidV1)">Skin.Reset(PellucidV1)</onclick>
                    <onclick condition="Skin.HasSetting(Razzmatazz)">Skin.Reset(Razzmatazz)</onclick>
                    <onclick condition="Skin.HasSetting(Tumble)">Skin.Reset(Tumble)</onclick>
                    <onclick condition="Skin.HasSetting(Turquoise)">Skin.Reset(Turquoise)</onclick>
                    <onclick condition="Skin.HasSetting(Vine)">Skin.Reset(Vine)</onclick>
                    <onclick condition="Skin.HasSetting(VK)">Skin.Reset(VK)</onclick>
                    <selected>Skin.HasSetting(Default)</selected>
                    <visible>Skin.HasSetting(Default)</visible>
                </control>

                <control type="radiobutton" id="18">
                    <visible>Container(8000).Hasfocus(2)</visible>
                    <description>Enable Home Button Further apart</description>
                    <width>14-col</width>
                    <textureradioonfocus colordiffuse="textactive">Colors/Dribble.png</textureradioonfocus>
                    <textureradioonnofocus colordiffuse="textActive">Colors/Dribble.png</textureradioonnofocus>
                    <textureradioofffocus colordiffuse="textactive">Colors/Dribble.png</textureradioofffocus>
                    <textureradiooffnofocus colordiffuse="textactive">Colors/Dribble.png</textureradiooffnofocus>
                    <texturefocus>colors/grey.png</texturefocus>
                    <label>Dribble</label>
                    <onclick>Skin.Togglesetting(Dribble)</onclick>
                    <onclick condition="Skin.HasSetting(Bluewood)">Skin.Reset(Bluewood)</onclick>
                    <onclick condition="Skin.HasSetting(Darkblue)">Skin.Reset(Darkblue)</onclick>
                    <onclick condition="Skin.HasSetting(Default)">Skin.Reset(Default)</onclick>
                    <onclick condition="Skin.HasSetting(Gold)">Skin.Reset(Gold)</onclick>
                    <onclick condition="Skin.HasSetting(Green)">Skin.Reset(Green)</onclick>
                    <onclick condition="Skin.HasSetting(Interest)">Skin.Reset(Interest)</onclick>
                    <onclick condition="Skin.HasSetting(lightblue)">Skin.Reset(lightblue)</onclick>
                    <onclick condition="Skin.HasSetting(Medium)">Skin.Reset(Medium)</onclick>
                    <onclick condition="Skin.HasSetting(Orange)">Skin.Reset(Orange)</onclick>
                    <onclick condition="Skin.HasSetting(PellucidV1)">Skin.Reset(PellucidV1)</onclick>
                    <onclick condition="Skin.HasSetting(Razzmatazz)">Skin.Reset(Razzmatazz)</onclick>
                    <onclick condition="Skin.HasSetting(Tumble)">Skin.Reset(Tumble)</onclick>
                    <onclick condition="Skin.HasSetting(Turquoise)">Skin.Reset(Turquoise)</onclick>
                    <onclick condition="Skin.HasSetting(Vine)">Skin.Reset(Vine)</onclick>
                    <onclick condition="Skin.HasSetting(VK)">Skin.Reset(VK)</onclick>
                    <selected>Skin.HasSetting(Dribble)</selected>
                    <visible>!Skin.HasSetting(Dribble)</visible>
                </control>
                <control type="radiobutton" id="19">
                    <visible>Container(8000).Hasfocus(2)</visible>
                    <description>Enable Home Button Further apart</description>
                    <width>14-col</width>
                    <textureradioonfocus colordiffuse="textactive">Colors/Dribble.png</textureradioonfocus>
                    <textureradioonnofocus colordiffuse="textActive">Colors/Dribble.png</textureradioonnofocus>
                    <textureradioofffocus colordiffuse="textactive">Colors/Dribble.png</textureradioofffocus>
                    <textureradiooffnofocus colordiffuse="textactive">Colors/Dribble.png</textureradiooffnofocus>
                    <texturefocus>colors/grey.png</texturefocus>
                    <label>[COLOR yellow]Dribble[/COLOR]</label>
                    <onclick>Skin.Togglesetting(Dribble)</onclick>
                    <onclick condition="Skin.HasSetting(Bluewood)">Skin.Reset(Bluewood)</onclick>
                    <onclick condition="Skin.HasSetting(Darkblue)">Skin.Reset(Darkblue)</onclick>
                    <onclick condition="Skin.HasSetting(Default)">Skin.Reset(Default)</onclick>
                    <onclick condition="Skin.HasSetting(Gold)">Skin.Reset(Gold)</onclick>
                    <onclick condition="Skin.HasSetting(Green)">Skin.Reset(Green)</onclick>
                    <onclick condition="Skin.HasSetting(Interest)">Skin.Reset(Interest)</onclick>
                    <onclick condition="Skin.HasSetting(lightblue)">Skin.Reset(lightblue)</onclick>
                    <onclick condition="Skin.HasSetting(Medium)">Skin.Reset(Medium)</onclick>
                    <onclick condition="Skin.HasSetting(Orange)">Skin.Reset(Orange)</onclick>
                    <onclick condition="Skin.HasSetting(PellucidV1)">Skin.Reset(PellucidV1)</onclick>
                    <onclick condition="Skin.HasSetting(Razzmatazz)">Skin.Reset(Razzmatazz)</onclick>
                    <onclick condition="Skin.HasSetting(Tumble)">Skin.Reset(Tumble)</onclick>
                    <onclick condition="Skin.HasSetting(Turquoise)">Skin.Reset(Turquoise)</onclick>
                    <onclick condition="Skin.HasSetting(Vine)">Skin.Reset(Vine)</onclick>
                    <onclick condition="Skin.HasSetting(VK)">Skin.Reset(VK)</onclick>
                    <selected>Skin.HasSetting(Dribble)</selected>
                    <visible>Skin.HasSetting(Dribble)</visible>
                </control>

                <control type="radiobutton" id="20">
                    <visible>Container(8000).Hasfocus(2)</visible>
                    <description>Enable Home Button Further apart</description>
                    <width>14-col</width>
                    <textureradioonfocus colordiffuse="textactive">Colors/Gold.png</textureradioonfocus>
                    <textureradioonnofocus colordiffuse="textActive">Colors/Gold.png</textureradioonnofocus>
                    <textureradioofffocus colordiffuse="textactive">Colors/Gold.png</textureradioofffocus>
                    <textureradiooffnofocus colordiffuse="textactive">Colors/Gold.png</textureradiooffnofocus>
                    <texturefocus>colors/grey.png</texturefocus>
                    <label>Gold</label>
                    <onclick>Skin.Togglesetting(Gold)</onclick>
                    <onclick condition="Skin.HasSetting(Bluewood)">Skin.Reset(Bluewood)</onclick>
                    <onclick condition="Skin.HasSetting(Darkblue)">Skin.Reset(Darkblue)</onclick>
                    <onclick condition="Skin.HasSetting(Default)">Skin.Reset(Default)</onclick>
                    <onclick condition="Skin.HasSetting(Dribble)">Skin.Reset(Dribble)</onclick>
                    <onclick condition="Skin.HasSetting(Green)">Skin.Reset(Green)</onclick>
                    <onclick condition="Skin.HasSetting(Interest)">Skin.Reset(Interest)</onclick>
                    <onclick condition="Skin.HasSetting(lightblue)">Skin.Reset(lightblue)</onclick>
                    <onclick condition="Skin.HasSetting(Medium)">Skin.Reset(Medium)</onclick>
                    <onclick condition="Skin.HasSetting(Orange)">Skin.Reset(Orange)</onclick>
                    <onclick condition="Skin.HasSetting(PellucidV1)">Skin.Reset(PellucidV1)</onclick>
                    <onclick condition="Skin.HasSetting(Razzmatazz)">Skin.Reset(Razzmatazz)</onclick>
                    <onclick condition="Skin.HasSetting(Tumble)">Skin.Reset(Tumble)</onclick>
                    <onclick condition="Skin.HasSetting(Turquoise)">Skin.Reset(Turquoise)</onclick>
                    <onclick condition="Skin.HasSetting(Vine)">Skin.Reset(Vine)</onclick>
                    <onclick condition="Skin.HasSetting(VK)">Skin.Reset(VK)</onclick>
                    <selected>Skin.HasSetting(Gold)</selected>
                    <visible>!Skin.HasSetting(Gold)</visible>
                </control>
                <control type="radiobutton" id="21">
                    <visible>Container(8000).Hasfocus(2)</visible>
                    <description>Enable Home Button Further apart</description>
                    <width>14-col</width>
                    <textureradioonfocus colordiffuse="textactive">Colors/Gold.png</textureradioonfocus>
                    <textureradioonnofocus colordiffuse="textActive">Colors/Gold.png</textureradioonnofocus>
                    <textureradioofffocus colordiffuse="textactive">Colors/Gold.png</textureradioofffocus>
                    <textureradiooffnofocus colordiffuse="textactive">Colors/Gold.png</textureradiooffnofocus>
                    <texturefocus>colors/grey.png</texturefocus>
                    <label>[COLOR yellow]Gold[/COLOR]</label>
                    <onclick>Skin.Togglesetting(Gold)</onclick>
                    <onclick condition="Skin.HasSetting(Bluewood)">Skin.Reset(Bluewood)</onclick>
                    <onclick condition="Skin.HasSetting(Darkblue)">Skin.Reset(Darkblue)</onclick>
                    <onclick condition="Skin.HasSetting(Default)">Skin.Reset(Default)</onclick>
                    <onclick condition="Skin.HasSetting(Dribble)">Skin.Reset(Dribble)</onclick>
                    <onclick condition="Skin.HasSetting(Green)">Skin.Reset(Green)</onclick>
                    <onclick condition="Skin.HasSetting(Interest)">Skin.Reset(Interest)</onclick>
                    <onclick condition="Skin.HasSetting(lightblue)">Skin.Reset(lightblue)</onclick>
                    <onclick condition="Skin.HasSetting(Medium)">Skin.Reset(Medium)</onclick>
                    <onclick condition="Skin.HasSetting(Orange)">Skin.Reset(Orange)</onclick>
                    <onclick condition="Skin.HasSetting(PellucidV1)">Skin.Reset(PellucidV1)</onclick>
                    <onclick condition="Skin.HasSetting(Razzmatazz)">Skin.Reset(Razzmatazz)</onclick>
                    <onclick condition="Skin.HasSetting(Tumble)">Skin.Reset(Tumble)</onclick>
                    <onclick condition="Skin.HasSetting(Turquoise)">Skin.Reset(Turquoise)</onclick>
                    <onclick condition="Skin.HasSetting(Vine)">Skin.Reset(Vine)</onclick>
                    <onclick condition="Skin.HasSetting(VK)">Skin.Reset(VK)</onclick>
                    <selected>Skin.HasSetting(Gold)</selected>
                    <visible>Skin.HasSetting(Gold)</visible>
                </control>

                <control type="radiobutton" id="22">
                    <visible>Container(8000).Hasfocus(2)</visible>
                    <description>Enable Home Button Further apart</description>
                    <width>14-col</width>
                    <textureradioonfocus colordiffuse="textactive">Colors/Green.png</textureradioonfocus>
                    <textureradioonnofocus colordiffuse="textActive">Colors/Green.png</textureradioonnofocus>
                    <textureradioofffocus colordiffuse="textactive">Colors/Green.png</textureradioofffocus>
                    <textureradiooffnofocus colordiffuse="textactive">Colors/Green.png</textureradiooffnofocus>
                    <texturefocus>colors/grey.png</texturefocus>
                    <label>Green</label>
                    <onclick>Skin.Togglesetting(Green)</onclick>
                    <onclick condition="Skin.HasSetting(Bluewood)">Skin.Reset(Bluewood)</onclick>
                    <onclick condition="Skin.HasSetting(Darkblue)">Skin.Reset(Darkblue)</onclick>
                    <onclick condition="Skin.HasSetting(Default)">Skin.Reset(Default)</onclick>
                    <onclick condition="Skin.HasSetting(Dribble)">Skin.Reset(Dribble)</onclick>
                    <onclick condition="Skin.HasSetting(Gold)">Skin.Reset(Gold)</onclick>
                    <onclick condition="Skin.HasSetting(Interest)">Skin.Reset(Interest)</onclick>
                    <onclick condition="Skin.HasSetting(lightblue)">Skin.Reset(lightblue)</onclick>
                    <onclick condition="Skin.HasSetting(Medium)">Skin.Reset(Medium)</onclick>
                    <onclick condition="Skin.HasSetting(Orange)">Skin.Reset(Orange)</onclick>
                    <onclick condition="Skin.HasSetting(PellucidV1)">Skin.Reset(PellucidV1)</onclick>
                    <onclick condition="Skin.HasSetting(Razzmatazz)">Skin.Reset(Razzmatazz)</onclick>
                    <onclick condition="Skin.HasSetting(Tumble)">Skin.Reset(Tumble)</onclick>
                    <onclick condition="Skin.HasSetting(Turquoise)">Skin.Reset(Turquoise)</onclick>
                    <onclick condition="Skin.HasSetting(Vine)">Skin.Reset(Vine)</onclick>
                    <onclick condition="Skin.HasSetting(VK)">Skin.Reset(VK)</onclick>
                    <selected>Skin.HasSetting(Green)</selected>
                    <visible>!Skin.HasSetting(Green)</visible>
                </control>
                <control type="radiobutton" id="23">
                    <visible>Container(8000).Hasfocus(2)</visible>
                    <description>Enable Home Button Further apart</description>
                    <width>14-col</width>
                    <textureradioonfocus colordiffuse="textactive">Colors/Green.png</textureradioonfocus>
                    <textureradioonnofocus colordiffuse="textActive">Colors/Green.png</textureradioonnofocus>
                    <textureradioofffocus colordiffuse="textactive">Colors/Green.png</textureradioofffocus>
                    <textureradiooffnofocus colordiffuse="textactive">Colors/Green.png</textureradiooffnofocus>
                    <texturefocus>colors/grey.png</texturefocus>
                    <label>[COLOR yellow]Green[/COLOR]</label>
                    <onclick>Skin.Togglesetting(Green)</onclick>
                    <onclick condition="Skin.HasSetting(Bluewood)">Skin.Reset(Bluewood)</onclick>
                    <onclick condition="Skin.HasSetting(Darkblue)">Skin.Reset(Darkblue)</onclick>
                    <onclick condition="Skin.HasSetting(Default)">Skin.Reset(Default)</onclick>
                    <onclick condition="Skin.HasSetting(Dribble)">Skin.Reset(Dribble)</onclick>
                    <onclick condition="Skin.HasSetting(Gold)">Skin.Reset(Gold)</onclick>
                    <onclick condition="Skin.HasSetting(Interest)">Skin.Reset(Interest)</onclick>
                    <onclick condition="Skin.HasSetting(lightblue)">Skin.Reset(lightblue)</onclick>
                    <onclick condition="Skin.HasSetting(Medium)">Skin.Reset(Medium)</onclick>
                    <onclick condition="Skin.HasSetting(Orange)">Skin.Reset(Orange)</onclick>
                    <onclick condition="Skin.HasSetting(PellucidV1)">Skin.Reset(PellucidV1)</onclick>
                    <onclick condition="Skin.HasSetting(Razzmatazz)">Skin.Reset(Razzmatazz)</onclick>
                    <onclick condition="Skin.HasSetting(Tumble)">Skin.Reset(Tumble)</onclick>
                    <onclick condition="Skin.HasSetting(Turquoise)">Skin.Reset(Turquoise)</onclick>
                    <onclick condition="Skin.HasSetting(Vine)">Skin.Reset(Vine)</onclick>
                    <onclick condition="Skin.HasSetting(VK)">Skin.Reset(VK)</onclick>
                    <selected>Skin.HasSetting(Green)</selected>
                    <visible>Skin.HasSetting(Green)</visible>
                </control>

                <control type="radiobutton" id="24">
                    <visible>Container(8000).Hasfocus(2)</visible>
                    <description>Enable Home Button Further apart</description>
                    <width>14-col</width>
                    <textureradioonfocus colordiffuse="textactive">Colors/Interest.png</textureradioonfocus>
                    <textureradioonnofocus colordiffuse="textActive">Colors/Interest.png</textureradioonnofocus>
                    <textureradioofffocus colordiffuse="textactive">Colors/Interest.png</textureradioofffocus>
                    <textureradiooffnofocus colordiffuse="textactive">Colors/Interest.png</textureradiooffnofocus>
                    <texturefocus>colors/grey.png</texturefocus>
                    <label>Interest</label>
                    <onclick>Skin.Togglesetting(Interest)</onclick>
                    <onclick condition="Skin.HasSetting(Bluewood)">Skin.Reset(Bluewood)</onclick>
                    <onclick condition="Skin.HasSetting(Darkblue)">Skin.Reset(Darkblue)</onclick>
                    <onclick condition="Skin.HasSetting(Default)">Skin.Reset(Default)</onclick>
                    <onclick condition="Skin.HasSetting(Dribble)">Skin.Reset(Dribble)</onclick>
                    <onclick condition="Skin.HasSetting(Gold)">Skin.Reset(Gold)</onclick>
                    <onclick condition="Skin.HasSetting(Green)">Skin.Reset(Green)</onclick>
                    <onclick condition="Skin.HasSetting(lightblue)">Skin.Reset(lightblue)</onclick>
                    <onclick condition="Skin.HasSetting(Medium)">Skin.Reset(Medium)</onclick>
                    <onclick condition="Skin.HasSetting(Orange)">Skin.Reset(Orange)</onclick>
                    <onclick condition="Skin.HasSetting(PellucidV1)">Skin.Reset(PellucidV1)</onclick>
                    <onclick condition="Skin.HasSetting(Razzmatazz)">Skin.Reset(Razzmatazz)</onclick>
                    <onclick condition="Skin.HasSetting(Tumble)">Skin.Reset(Tumble)</onclick>
                    <onclick condition="Skin.HasSetting(Turquoise)">Skin.Reset(Turquoise)</onclick>
                    <onclick condition="Skin.HasSetting(Vine)">Skin.Reset(Vine)</onclick>
                    <onclick condition="Skin.HasSetting(VK)">Skin.Reset(VK)</onclick>
                    <selected>Skin.HasSetting(Interest)</selected>
                    <visible>!Skin.HasSetting(Interest)</visible>
                </control>
                <control type="radiobutton" id="25">
                    <visible>Container(8000).Hasfocus(2)</visible>
                    <description>Enable Home Button Further apart</description>
                    <width>14-col</width>
                    <textureradioonfocus colordiffuse="textactive">Colors/Interest.png</textureradioonfocus>
                    <textureradioonnofocus colordiffuse="textActive">Colors/Interest.png</textureradioonnofocus>
                    <textureradioofffocus colordiffuse="textactive">Colors/Interest.png</textureradioofffocus>
                    <textureradiooffnofocus colordiffuse="textactive">Colors/Interest.png</textureradiooffnofocus>
                    <texturefocus>colors/grey.png</texturefocus>
                    <label>[COLOR yellow]Interest[/COLOR]</label>
                    <onclick>Skin.Togglesetting(Interest)</onclick>
                    <onclick condition="Skin.HasSetting(Bluewood)">Skin.Reset(Bluewood)</onclick>
                    <onclick condition="Skin.HasSetting(Darkblue)">Skin.Reset(Darkblue)</onclick>
                    <onclick condition="Skin.HasSetting(Default)">Skin.Reset(Default)</onclick>
                    <onclick condition="Skin.HasSetting(Dribble)">Skin.Reset(Dribble)</onclick>
                    <onclick condition="Skin.HasSetting(Gold)">Skin.Reset(Gold)</onclick>
                    <onclick condition="Skin.HasSetting(Green)">Skin.Reset(Green)</onclick>
                    <onclick condition="Skin.HasSetting(lightblue)">Skin.Reset(lightblue)</onclick>
                    <onclick condition="Skin.HasSetting(Medium)">Skin.Reset(Medium)</onclick>
                    <onclick condition="Skin.HasSetting(Orange)">Skin.Reset(Orange)</onclick>
                    <onclick condition="Skin.HasSetting(PellucidV1)">Skin.Reset(PellucidV1)</onclick>
                    <onclick condition="Skin.HasSetting(Razzmatazz)">Skin.Reset(Razzmatazz)</onclick>
                    <onclick condition="Skin.HasSetting(Tumble)">Skin.Reset(Tumble)</onclick>
                    <onclick condition="Skin.HasSetting(Turquoise)">Skin.Reset(Turquoise)</onclick>
                    <onclick condition="Skin.HasSetting(Vine)">Skin.Reset(Vine)</onclick>
                    <onclick condition="Skin.HasSetting(VK)">Skin.Reset(VK)</onclick>
                    <selected>Skin.HasSetting(Interest)</selected>
                    <visible>Skin.HasSetting(Interest)</visible>
                </control>

                <control type="radiobutton" id="26">
                    <visible>Container(8000).Hasfocus(2)</visible>
                    <description>Enable Home Button Further apart</description>
                    <width>14-col</width>
                    <textureradioonfocus colordiffuse="textactive">Colors/Medium.png</textureradioonfocus>
                    <textureradioonnofocus colordiffuse="textActive">Colors/Medium.png</textureradioonnofocus>
                    <textureradioofffocus colordiffuse="textactive">Colors/Medium.png</textureradioofffocus>
                    <textureradiooffnofocus colordiffuse="textactive">Colors/Medium.png</textureradiooffnofocus>
                    <texturefocus>colors/grey.png</texturefocus>
                    <label>Medium</label>
                    <onclick>Skin.Togglesetting(Medium)</onclick>
                    <onclick condition="Skin.HasSetting(Bluewood)">Skin.Reset(Bluewood)</onclick>
                    <onclick condition="Skin.HasSetting(Darkblue)">Skin.Reset(Darkblue)</onclick>
                    <onclick condition="Skin.HasSetting(Default)">Skin.Reset(Default)</onclick>
                    <onclick condition="Skin.HasSetting(Dribble)">Skin.Reset(Dribble)</onclick>
                    <onclick condition="Skin.HasSetting(Gold)">Skin.Reset(Gold)</onclick>
                    <onclick condition="Skin.HasSetting(Green)">Skin.Reset(Green)</onclick>
                    <onclick condition="Skin.HasSetting(Interest)">Skin.Reset(Interest)</onclick>
                    <onclick condition="Skin.HasSetting(lightblue)">Skin.Reset(lightblue)</onclick>
                    <onclick condition="Skin.HasSetting(Orange)">Skin.Reset(Orange)</onclick>
                    <onclick condition="Skin.HasSetting(PellucidV1)">Skin.Reset(PellucidV1)</onclick>
                    <onclick condition="Skin.HasSetting(Razzmatazz)">Skin.Reset(Razzmatazz)</onclick>
                    <onclick condition="Skin.HasSetting(Tumble)">Skin.Reset(Tumble)</onclick>
                    <onclick condition="Skin.HasSetting(Turquoise)">Skin.Reset(Turquoise)</onclick>
                    <onclick condition="Skin.HasSetting(Vine)">Skin.Reset(Vine)</onclick>
                    <onclick condition="Skin.HasSetting(VK)">Skin.Reset(VK)</onclick>
                    <selected>Skin.HasSetting(Medium)</selected>
                    <visible>!Skin.HasSetting(Medium)</visible>
                </control>
                <control type="radiobutton" id="27">
                    <visible>Container(8000).Hasfocus(2)</visible>
                    <description>Enable Home Button Further apart</description>
                    <width>14-col</width>
                    <textureradioonfocus colordiffuse="textactive">Colors/Medium.png</textureradioonfocus>
                    <textureradioonnofocus colordiffuse="textActive">Colors/Medium.png</textureradioonnofocus>
                    <textureradioofffocus colordiffuse="textactive">Colors/Medium.png</textureradioofffocus>
                    <textureradiooffnofocus colordiffuse="textactive">Colors/Medium.png</textureradiooffnofocus>
                    <texturefocus>colors/grey.png</texturefocus>
                    <label>[COLOR yellow]Medium[/COLOR]</label>
                    <onclick>Skin.Togglesetting(Medium)</onclick>
                    <onclick condition="Skin.HasSetting(Bluewood)">Skin.Reset(Bluewood)</onclick>
                    <onclick condition="Skin.HasSetting(Darkblue)">Skin.Reset(Darkblue)</onclick>
                    <onclick condition="Skin.HasSetting(Default)">Skin.Reset(Default)</onclick>
                    <onclick condition="Skin.HasSetting(Dribble)">Skin.Reset(Dribble)</onclick>
                    <onclick condition="Skin.HasSetting(Gold)">Skin.Reset(Gold)</onclick>
                    <onclick condition="Skin.HasSetting(Green)">Skin.Reset(Green)</onclick>
                    <onclick condition="Skin.HasSetting(Interest)">Skin.Reset(Interest)</onclick>
                    <onclick condition="Skin.HasSetting(lightblue)">Skin.Reset(lightblue)</onclick>
                    <onclick condition="Skin.HasSetting(Orange)">Skin.Reset(Orange)</onclick>
                    <onclick condition="Skin.HasSetting(PellucidV1)">Skin.Reset(PellucidV1)</onclick>
                    <onclick condition="Skin.HasSetting(Razzmatazz)">Skin.Reset(Razzmatazz)</onclick>
                    <onclick condition="Skin.HasSetting(Tumble)">Skin.Reset(Tumble)</onclick>
                    <onclick condition="Skin.HasSetting(Turquoise)">Skin.Reset(Turquoise)</onclick>
                    <onclick condition="Skin.HasSetting(Vine)">Skin.Reset(Vine)</onclick>
                    <onclick condition="Skin.HasSetting(VK)">Skin.Reset(VK)</onclick>
                    <selected>Skin.HasSetting(Medium)</selected>
                    <visible>Skin.HasSetting(Medium)</visible>
                </control>

                <control type="radiobutton" id="28">
                    <visible>Container(8000).Hasfocus(2)</visible>
                    <description>Enable Home Button Further apart</description>
                    <width>14-col</width>
                    <textureradioonfocus colordiffuse="textactive">Colors/Orange.png</textureradioonfocus>
                    <textureradioonnofocus colordiffuse="textActive">Colors/Orange.png</textureradioonnofocus>
                    <textureradioofffocus colordiffuse="textactive">Colors/Orange.png</textureradioofffocus>
                    <textureradiooffnofocus colordiffuse="textactive">Colors/Orange.png</textureradiooffnofocus>
                    <texturefocus>colors/grey.png</texturefocus>
                    <label>Orange</label>
                    <onclick>Skin.Togglesetting(Orange)</onclick>
                    <onclick condition="Skin.HasSetting(Bluewood)">Skin.Reset(Bluewood)</onclick>
                    <onclick condition="Skin.HasSetting(Darkblue)">Skin.Reset(Darkblue)</onclick>
                    <onclick condition="Skin.HasSetting(Default)">Skin.Reset(Default)</onclick>
                    <onclick condition="Skin.HasSetting(Dribble)">Skin.Reset(Dribble)</onclick>
                    <onclick condition="Skin.HasSetting(Gold)">Skin.Reset(Gold)</onclick>
                    <onclick condition="Skin.HasSetting(Green)">Skin.Reset(Green)</onclick>
                    <onclick condition="Skin.HasSetting(Interest)">Skin.Reset(Interest)</onclick>
                    <onclick condition="Skin.HasSetting(lightblue)">Skin.Reset(lightblue)</onclick>
                    <onclick condition="Skin.HasSetting(Medium)">Skin.Reset(Medium)</onclick>
                    <onclick condition="Skin.HasSetting(PellucidV1)">Skin.Reset(PellucidV1)</onclick>
                    <onclick condition="Skin.HasSetting(Razzmatazz)">Skin.Reset(Razzmatazz)</onclick>
                    <onclick condition="Skin.HasSetting(Tumble)">Skin.Reset(Tumble)</onclick>
                    <onclick condition="Skin.HasSetting(Turquoise)">Skin.Reset(Turquoise)</onclick>
                    <onclick condition="Skin.HasSetting(Vine)">Skin.Reset(Vine)</onclick>
                    <onclick condition="Skin.HasSetting(VK)">Skin.Reset(VK)</onclick>
                    <selected>Skin.HasSetting(Orange)</selected>
                    <visible>!Skin.HasSetting(Orange)</visible>
                </control>
                <control type="radiobutton" id="29">
                    <visible>Container(8000).Hasfocus(2)</visible>
                    <description>Enable Home Button Further apart</description>
                    <width>14-col</width>
                    <textureradioonfocus colordiffuse="textactive">Colors/Orange.png</textureradioonfocus>
                    <textureradioonnofocus colordiffuse="textActive">Colors/Orange.png</textureradioonnofocus>
                    <textureradioofffocus colordiffuse="textactive">Colors/Orange.png</textureradioofffocus>
                    <textureradiooffnofocus colordiffuse="textactive">Colors/Orange.png</textureradiooffnofocus>
                    <texturefocus>colors/grey.png</texturefocus>
                    <label>[COLOR yellow]Orange[/COLOR]</label>
                    <onclick>Skin.Togglesetting(Orange)</onclick>
                    <onclick condition="Skin.HasSetting(Bluewood)">Skin.Reset(Bluewood)</onclick>
                    <onclick condition="Skin.HasSetting(Darkblue)">Skin.Reset(Darkblue)</onclick>
                    <onclick condition="Skin.HasSetting(Default)">Skin.Reset(Default)</onclick>
                    <onclick condition="Skin.HasSetting(Dribble)">Skin.Reset(Dribble)</onclick>
                    <onclick condition="Skin.HasSetting(Gold)">Skin.Reset(Gold)</onclick>
                    <onclick condition="Skin.HasSetting(Green)">Skin.Reset(Green)</onclick>
                    <onclick condition="Skin.HasSetting(Interest)">Skin.Reset(Interest)</onclick>
                    <onclick condition="Skin.HasSetting(lightblue)">Skin.Reset(lightblue)</onclick>
                    <onclick condition="Skin.HasSetting(Medium)">Skin.Reset(Medium)</onclick>
                    <onclick condition="Skin.HasSetting(PellucidV1)">Skin.Reset(PellucidV1)</onclick>
                    <onclick condition="Skin.HasSetting(Razzmatazz)">Skin.Reset(Razzmatazz)</onclick>
                    <onclick condition="Skin.HasSetting(Tumble)">Skin.Reset(Tumble)</onclick>
                    <onclick condition="Skin.HasSetting(Turquoise)">Skin.Reset(Turquoise)</onclick>
                    <onclick condition="Skin.HasSetting(Vine)">Skin.Reset(Vine)</onclick>
                    <onclick condition="Skin.HasSetting(VK)">Skin.Reset(VK)</onclick>
                    <selected>Skin.HasSetting(Orange)</selected>
                    <visible>Skin.HasSetting(Orange)</visible>
                </control>

                <control type="radiobutton" id="30">
                    <visible>Container(8000).Hasfocus(2)</visible>
                    <description>Enable Home Button Further apart</description>
                    <width>14-col</width>
                    <textureradioonfocus colordiffuse="textactive">Colors/PellucidV1.png</textureradioonfocus>
                    <textureradioonnofocus colordiffuse="textActive">Colors/PellucidV1.png</textureradioonnofocus>
                    <textureradioofffocus colordiffuse="textactive">Colors/PellucidV1.png</textureradioofffocus>
                    <textureradiooffnofocus colordiffuse="textactive">Colors/PellucidV1.png</textureradiooffnofocus>
                    <texturefocus>colors/grey.png</texturefocus>
                    <label>PellucidV1</label>
                    <onclick>Skin.Togglesetting(PellucidV1)</onclick>
                    <onclick condition="Skin.HasSetting(Bluewood)">Skin.Reset(Bluewood)</onclick>
                    <onclick condition="Skin.HasSetting(Darkblue)">Skin.Reset(Darkblue)</onclick>
                    <onclick condition="Skin.HasSetting(Default)">Skin.Reset(Default)</onclick>
                    <onclick condition="Skin.HasSetting(Dribble)">Skin.Reset(Dribble)</onclick>
                    <onclick condition="Skin.HasSetting(Gold)">Skin.Reset(Gold)</onclick>
                    <onclick condition="Skin.HasSetting(Green)">Skin.Reset(Green)</onclick>
                    <onclick condition="Skin.HasSetting(Interest)">Skin.Reset(Interest)</onclick>
                    <onclick condition="Skin.HasSetting(lightblue)">Skin.Reset(lightblue)</onclick>
                    <onclick condition="Skin.HasSetting(Medium)">Skin.Reset(Medium)</onclick>
                    <onclick condition="Skin.HasSetting(Orange)">Skin.Reset(Orange)</onclick>
                    <onclick condition="Skin.HasSetting(Razzmatazz)">Skin.Reset(Razzmatazz)</onclick>
                    <onclick condition="Skin.HasSetting(Tumble)">Skin.Reset(Tumble)</onclick>
                    <onclick condition="Skin.HasSetting(Turquoise)">Skin.Reset(Turquoise)</onclick>
                    <onclick condition="Skin.HasSetting(Vine)">Skin.Reset(Vine)</onclick>
                    <onclick condition="Skin.HasSetting(VK)">Skin.Reset(VK)</onclick>
                    <selected>Skin.HasSetting(PellucidV1)</selected>
                    <visible>!Skin.HasSetting(PellucidV1)</visible>
                </control>
                <control type="radiobutton" id="31">
                    <visible>Container(8000).Hasfocus(2)</visible>
                    <description>Enable Home Button Further apart</description>
                    <width>14-col</width>
                    <textureradioonfocus colordiffuse="textactive">Colors/PellucidV1.png</textureradioonfocus>
                    <textureradioonnofocus colordiffuse="textActive">Colors/PellucidV1.png</textureradioonnofocus>
                    <textureradioofffocus colordiffuse="textactive">Colors/PellucidV1.png</textureradioofffocus>
                    <textureradiooffnofocus colordiffuse="textactive">Colors/PellucidV1.png</textureradiooffnofocus>
                    <texturefocus>colors/grey.png</texturefocus>
                    <label>[COLOR yellow]PellucidV1[/COLOR]</label>
                    <onclick>Skin.Togglesetting(PellucidV1)</onclick>
                    <onclick condition="Skin.HasSetting(Bluewood)">Skin.Reset(Bluewood)</onclick>
                    <onclick condition="Skin.HasSetting(Darkblue)">Skin.Reset(Darkblue)</onclick>
                    <onclick condition="Skin.HasSetting(Default)">Skin.Reset(Default)</onclick>
                    <onclick condition="Skin.HasSetting(Dribble)">Skin.Reset(Dribble)</onclick>
                    <onclick condition="Skin.HasSetting(Gold)">Skin.Reset(Gold)</onclick>
                    <onclick condition="Skin.HasSetting(Green)">Skin.Reset(Green)</onclick>
                    <onclick condition="Skin.HasSetting(Interest)">Skin.Reset(Interest)</onclick>
                    <onclick condition="Skin.HasSetting(lightblue)">Skin.Reset(lightblue)</onclick>
                    <onclick condition="Skin.HasSetting(Medium)">Skin.Reset(Medium)</onclick>
                    <onclick condition="Skin.HasSetting(Orange)">Skin.Reset(Orange)</onclick>
                    <onclick condition="Skin.HasSetting(Razzmatazz)">Skin.Reset(Razzmatazz)</onclick>
                    <onclick condition="Skin.HasSetting(Tumble)">Skin.Reset(Tumble)</onclick>
                    <onclick condition="Skin.HasSetting(Turquoise)">Skin.Reset(Turquoise)</onclick>
                    <onclick condition="Skin.HasSetting(Vine)">Skin.Reset(Vine)</onclick>
                    <onclick condition="Skin.HasSetting(VK)">Skin.Reset(VK)</onclick>
                    <selected>Skin.HasSetting(PellucidV1)</selected>
                    <visible>Skin.HasSetting(PellucidV1)</visible>
                </control>

                <control type="radiobutton" id="32">
                    <visible>Container(8000).Hasfocus(2)</visible>
                    <description>Enable Home Button Further apart</description>
                    <width>14-col</width>
                    <textureradioonfocus colordiffuse="textactive">Colors/Razzmatazz.png</textureradioonfocus>
                    <textureradioonnofocus colordiffuse="textActive">Colors/Razzmatazz.png</textureradioonnofocus>
                    <textureradioofffocus colordiffuse="textactive">Colors/Razzmatazz.png</textureradioofffocus>
                    <textureradiooffnofocus colordiffuse="textactive">Colors/Razzmatazz.png</textureradiooffnofocus>
                    <texturefocus>colors/grey.png</texturefocus>
                    <label>Razzmatazz</label>
                    <onclick>Skin.Togglesetting(Razzmatazz)</onclick>
                    <onclick condition="Skin.HasSetting(Bluewood)">Skin.Reset(Bluewood)</onclick>
                    <onclick condition="Skin.HasSetting(Darkblue)">Skin.Reset(Darkblue)</onclick>
                    <onclick condition="Skin.HasSetting(Default)">Skin.Reset(Default)</onclick>
                    <onclick condition="Skin.HasSetting(Dribble)">Skin.Reset(Dribble)</onclick>
                    <onclick condition="Skin.HasSetting(Gold)">Skin.Reset(Gold)</onclick>
                    <onclick condition="Skin.HasSetting(Green)">Skin.Reset(Green)</onclick>
                    <onclick condition="Skin.HasSetting(Interest)">Skin.Reset(Interest)</onclick>
                    <onclick condition="Skin.HasSetting(lightblue)">Skin.Reset(lightblue)</onclick>
                    <onclick condition="Skin.HasSetting(Medium)">Skin.Reset(Medium)</onclick>
                    <onclick condition="Skin.HasSetting(Orange)">Skin.Reset(Orange)</onclick>
                    <onclick condition="Skin.HasSetting(PellucidV1)">Skin.Reset(PellucidV1)</onclick>
                    <onclick condition="Skin.HasSetting(Tumble)">Skin.Reset(Tumble)</onclick>
                    <onclick condition="Skin.HasSetting(Turquoise)">Skin.Reset(Turquoise)</onclick>
                    <onclick condition="Skin.HasSetting(Vine)">Skin.Reset(Vine)</onclick>
                    <onclick condition="Skin.HasSetting(VK)">Skin.Reset(VK)</onclick>
                    <selected>Skin.HasSetting(Razzmatazz)</selected>
                    <visible>!Skin.HasSetting(Razzmatazz)</visible>
                </control>
                <control type="radiobutton" id="33">
                    <visible>Container(8000).Hasfocus(2)</visible>
                    <description>Enable Home Button Further apart</description>
                    <width>14-col</width>
                    <textureradioonfocus colordiffuse="textactive">Colors/Razzmatazz.png</textureradioonfocus>
                    <textureradioonnofocus colordiffuse="textActive">Colors/Razzmatazz.png</textureradioonnofocus>
                    <textureradioofffocus colordiffuse="textactive">Colors/Razzmatazz.png</textureradioofffocus>
                    <textureradiooffnofocus colordiffuse="textactive">Colors/Razzmatazz.png</textureradiooffnofocus>
                    <texturefocus>colors/grey.png</texturefocus>
                    <label>[COLOR yellow]Razzmatazz[/COLOR]</label>
                    <onclick>Skin.Togglesetting(Razzmatazz)</onclick>
                    <onclick condition="Skin.HasSetting(Bluewood)">Skin.Reset(Bluewood)</onclick>
                    <onclick condition="Skin.HasSetting(Darkblue)">Skin.Reset(Darkblue)</onclick>
                    <onclick condition="Skin.HasSetting(Default)">Skin.Reset(Default)</onclick>
                    <onclick condition="Skin.HasSetting(Dribble)">Skin.Reset(Dribble)</onclick>
                    <onclick condition="Skin.HasSetting(Gold)">Skin.Reset(Gold)</onclick>
                    <onclick condition="Skin.HasSetting(Green)">Skin.Reset(Green)</onclick>
                    <onclick condition="Skin.HasSetting(Interest)">Skin.Reset(Interest)</onclick>
                    <onclick condition="Skin.HasSetting(lightblue)">Skin.Reset(lightblue)</onclick>
                    <onclick condition="Skin.HasSetting(Medium)">Skin.Reset(Medium)</onclick>
                    <onclick condition="Skin.HasSetting(Orange)">Skin.Reset(Orange)</onclick>
                    <onclick condition="Skin.HasSetting(PellucidV1)">Skin.Reset(PellucidV1)</onclick>
                    <onclick condition="Skin.HasSetting(Tumble)">Skin.Reset(Tumble)</onclick>
                    <onclick condition="Skin.HasSetting(Turquoise)">Skin.Reset(Turquoise)</onclick>
                    <onclick condition="Skin.HasSetting(Vine)">Skin.Reset(Vine)</onclick>
                    <onclick condition="Skin.HasSetting(VK)">Skin.Reset(VK)</onclick>
                    <selected>Skin.HasSetting(Razzmatazz)</selected>
                    <visible>Skin.HasSetting(Razzmatazz)</visible>
                </control>

                <control type="radiobutton" id="34">
                    <visible>Container(8000).Hasfocus(2)</visible>
                    <description>Enable Home Button Further apart</description>
                    <width>14-col</width>
                    <textureradioonfocus colordiffuse="textactive">Colors/Tumble.png</textureradioonfocus>
                    <textureradioonnofocus colordiffuse="textActive">Colors/Tumble.png</textureradioonnofocus>
                    <textureradioofffocus colordiffuse="textactive">Colors/Tumble.png</textureradioofffocus>
                    <textureradiooffnofocus colordiffuse="textactive">Colors/Tumble.png</textureradiooffnofocus>
                    <texturefocus>colors/grey.png</texturefocus>
                    <label>Tumble</label>
                    <onclick>Skin.Togglesetting(Tumble)</onclick>
                    <onclick condition="Skin.HasSetting(Bluewood)">Skin.Reset(Bluewood)</onclick>
                    <onclick condition="Skin.HasSetting(Darkblue)">Skin.Reset(Darkblue)</onclick>
                    <onclick condition="Skin.HasSetting(Default)">Skin.Reset(Default)</onclick>
                    <onclick condition="Skin.HasSetting(Dribble)">Skin.Reset(Dribble)</onclick>
                    <onclick condition="Skin.HasSetting(Gold)">Skin.Reset(Gold)</onclick>
                    <onclick condition="Skin.HasSetting(Green)">Skin.Reset(Green)</onclick>
                    <onclick condition="Skin.HasSetting(Interest)">Skin.Reset(Interest)</onclick>
                    <onclick condition="Skin.HasSetting(lightblue)">Skin.Reset(lightblue)</onclick>
                    <onclick condition="Skin.HasSetting(Medium)">Skin.Reset(Medium)</onclick>
                    <onclick condition="Skin.HasSetting(Orange)">Skin.Reset(Orange)</onclick>
                    <onclick condition="Skin.HasSetting(PellucidV1)">Skin.Reset(PellucidV1)</onclick>
                    <onclick condition="Skin.HasSetting(Razzmatazz)">Skin.Reset(Razzmatazz)</onclick>
                    <onclick condition="Skin.HasSetting(Turquoise)">Skin.Reset(Turquoise)</onclick>
                    <onclick condition="Skin.HasSetting(Vine)">Skin.Reset(Vine)</onclick>
                    <onclick condition="Skin.HasSetting(VK)">Skin.Reset(VK)</onclick>
                    <selected>Skin.HasSetting(Tumble)</selected>
                    <visible>!Skin.HasSetting(Tumble)</visible>
                </control>
                <control type="radiobutton" id="35">
                    <visible>Container(8000).Hasfocus(2)</visible>
                    <description>Enable Home Button Further apart</description>
                    <width>14-col</width>
                    <textureradioonfocus colordiffuse="textactive">Colors/Tumble.png</textureradioonfocus>
                    <textureradioonnofocus colordiffuse="textActive">Colors/Tumble.png</textureradioonnofocus>
                    <textureradioofffocus colordiffuse="textactive">Colors/Tumble.png</textureradioofffocus>
                    <textureradiooffnofocus colordiffuse="textactive">Colors/Tumble.png</textureradiooffnofocus>
                    <texturefocus>colors/grey.png</texturefocus>
                    <label>[COLOR yellow]Tumble[/COLOR]</label>
                    <onclick>Skin.Togglesetting(Tumble)</onclick>
                    <onclick condition="Skin.HasSetting(Bluewood)">Skin.Reset(Bluewood)</onclick>
                    <onclick condition="Skin.HasSetting(Darkblue)">Skin.Reset(Darkblue)</onclick>
                    <onclick condition="Skin.HasSetting(Default)">Skin.Reset(Default)</onclick>
                    <onclick condition="Skin.HasSetting(Dribble)">Skin.Reset(Dribble)</onclick>
                    <onclick condition="Skin.HasSetting(Gold)">Skin.Reset(Gold)</onclick>
                    <onclick condition="Skin.HasSetting(Green)">Skin.Reset(Green)</onclick>
                    <onclick condition="Skin.HasSetting(Interest)">Skin.Reset(Interest)</onclick>
                    <onclick condition="Skin.HasSetting(lightblue)">Skin.Reset(lightblue)</onclick>
                    <onclick condition="Skin.HasSetting(Medium)">Skin.Reset(Medium)</onclick>
                    <onclick condition="Skin.HasSetting(Orange)">Skin.Reset(Orange)</onclick>
                    <onclick condition="Skin.HasSetting(PellucidV1)">Skin.Reset(PellucidV1)</onclick>
                    <onclick condition="Skin.HasSetting(Razzmatazz)">Skin.Reset(Razzmatazz)</onclick>
                    <onclick condition="Skin.HasSetting(Turquoise)">Skin.Reset(Turquoise)</onclick>
                    <onclick condition="Skin.HasSetting(Vine)">Skin.Reset(Vine)</onclick>
                    <onclick condition="Skin.HasSetting(VK)">Skin.Reset(VK)</onclick>
                    <selected>Skin.HasSetting(Tumble)</selected>
                    <visible>Skin.HasSetting(Tumble)</visible>
                </control>

                <control type="radiobutton" id="36">
                    <visible>Container(8000).Hasfocus(2)</visible>
                    <description>Enable Home Button Further apart</description>
                    <width>14-col</width>
                    <textureradioonfocus colordiffuse="textactive">Colors/Turquoise.png</textureradioonfocus>
                    <textureradioonnofocus colordiffuse="textActive">Colors/Turquoise.png</textureradioonnofocus>
                    <textureradioofffocus colordiffuse="textactive">Colors/Turquoise.png</textureradioofffocus>
                    <textureradiooffnofocus colordiffuse="textactive">Colors/Turquoise.png</textureradiooffnofocus>
                    <texturefocus>colors/grey.png</texturefocus>
                    <label>Turquoise</label>
                    <onclick>Skin.Togglesetting(Turquoise)</onclick>
                    <onclick condition="Skin.HasSetting(Bluewood)">Skin.Reset(Bluewood)</onclick>
                    <onclick condition="Skin.HasSetting(Darkblue)">Skin.Reset(Darkblue)</onclick>
                    <onclick condition="Skin.HasSetting(Default)">Skin.Reset(Default)</onclick>
                    <onclick condition="Skin.HasSetting(Dribble)">Skin.Reset(Dribble)</onclick>
                    <onclick condition="Skin.HasSetting(Gold)">Skin.Reset(Gold)</onclick>
                    <onclick condition="Skin.HasSetting(Green)">Skin.Reset(Green)</onclick>
                    <onclick condition="Skin.HasSetting(Interest)">Skin.Reset(Interest)</onclick>
                    <onclick condition="Skin.HasSetting(lightblue)">Skin.Reset(lightblue)</onclick>
                    <onclick condition="Skin.HasSetting(Medium)">Skin.Reset(Medium)</onclick>
                    <onclick condition="Skin.HasSetting(Orange)">Skin.Reset(Orange)</onclick>
                    <onclick condition="Skin.HasSetting(PellucidV1)">Skin.Reset(PellucidV1)</onclick>
                    <onclick condition="Skin.HasSetting(Razzmatazz)">Skin.Reset(Razzmatazz)</onclick>
                    <onclick condition="Skin.HasSetting(Tumble)">Skin.Reset(Tumble)</onclick>
                    <onclick condition="Skin.HasSetting(Vine)">Skin.Reset(Vine)</onclick>
                    <onclick condition="Skin.HasSetting(VK)">Skin.Reset(VK)</onclick>
                    <selected>Skin.HasSetting(Turquoise)</selected>
                    <visible>!Skin.HasSetting(Turquoise)</visible>
                </control>
                <control type="radiobutton" id="37">
                    <visible>Container(8000).Hasfocus(2)</visible>
                    <description>Enable Home Button Further apart</description>
                    <width>14-col</width>
                    <textureradioonfocus colordiffuse="textactive">Colors/Turquoise.png</textureradioonfocus>
                    <textureradioonnofocus colordiffuse="textActive">Colors/Turquoise.png</textureradioonnofocus>
                    <textureradioofffocus colordiffuse="textactive">Colors/Turquoise.png</textureradioofffocus>
                    <textureradiooffnofocus colordiffuse="textactive">Colors/Turquoise.png</textureradiooffnofocus>
                    <texturefocus>colors/grey.png</texturefocus>
                    <label>[COLOR yellow]Turquoise[/COLOR]</label>
                    <onclick>Skin.Togglesetting(Turquoise)</onclick>
                    <onclick condition="Skin.HasSetting(Bluewood)">Skin.Reset(Bluewood)</onclick>
                    <onclick condition="Skin.HasSetting(Darkblue)">Skin.Reset(Darkblue)</onclick>
                    <onclick condition="Skin.HasSetting(Default)">Skin.Reset(Default)</onclick>
                    <onclick condition="Skin.HasSetting(Dribble)">Skin.Reset(Dribble)</onclick>
                    <onclick condition="Skin.HasSetting(Gold)">Skin.Reset(Gold)</onclick>
                    <onclick condition="Skin.HasSetting(Green)">Skin.Reset(Green)</onclick>
                    <onclick condition="Skin.HasSetting(Interest)">Skin.Reset(Interest)</onclick>
                    <onclick condition="Skin.HasSetting(lightblue)">Skin.Reset(lightblue)</onclick>
                    <onclick condition="Skin.HasSetting(Medium)">Skin.Reset(Medium)</onclick>
                    <onclick condition="Skin.HasSetting(Orange)">Skin.Reset(Orange)</onclick>
                    <onclick condition="Skin.HasSetting(PellucidV1)">Skin.Reset(PellucidV1)</onclick>
                    <onclick condition="Skin.HasSetting(Razzmatazz)">Skin.Reset(Razzmatazz)</onclick>
                    <onclick condition="Skin.HasSetting(Tumble)">Skin.Reset(Tumble)</onclick>
                    <onclick condition="Skin.HasSetting(Vine)">Skin.Reset(Vine)</onclick>
                    <onclick condition="Skin.HasSetting(VK)">Skin.Reset(VK)</onclick>
                    <selected>Skin.HasSetting(Turquoise)</selected>
                    <visible>Skin.HasSetting(Turquoise)</visible>
                </control>

                <control type="radiobutton" id="38">
                    <visible>Container(8000).Hasfocus(2)</visible>
                    <description>Enable Home Button Further apart</description>
                    <width>14-col</width>
                    <textureradioonfocus colordiffuse="textactive">Colors/Vine.png</textureradioonfocus>
                    <textureradioonnofocus colordiffuse="textActive">Colors/Vine.png</textureradioonnofocus>
                    <textureradioofffocus colordiffuse="textactive">Colors/Vine.png</textureradioofffocus>
                    <textureradiooffnofocus colordiffuse="textactive">Colors/Vine.png</textureradiooffnofocus>
                    <texturefocus>colors/grey.png</texturefocus>
                    <label>Vine</label>
                    <onclick>Skin.Togglesetting(Vine)</onclick>
                    <onclick condition="Skin.HasSetting(Bluewood)">Skin.Reset(Bluewood)</onclick>
                    <onclick condition="Skin.HasSetting(Darkblue)">Skin.Reset(Darkblue)</onclick>
                    <onclick condition="Skin.HasSetting(Default)">Skin.Reset(Default)</onclick>
                    <onclick condition="Skin.HasSetting(Dribble)">Skin.Reset(Dribble)</onclick>
                    <onclick condition="Skin.HasSetting(Gold)">Skin.Reset(Gold)</onclick>
                    <onclick condition="Skin.HasSetting(Green)">Skin.Reset(Green)</onclick>
                    <onclick condition="Skin.HasSetting(Interest)">Skin.Reset(Interest)</onclick>
                    <onclick condition="Skin.HasSetting(lightblue)">Skin.Reset(lightblue)</onclick>
                    <onclick condition="Skin.HasSetting(Medium)">Skin.Reset(Medium)</onclick>
                    <onclick condition="Skin.HasSetting(Orange)">Skin.Reset(Orange)</onclick>
                    <onclick condition="Skin.HasSetting(PellucidV1)">Skin.Reset(PellucidV1)</onclick>
                    <onclick condition="Skin.HasSetting(Razzmatazz)">Skin.Reset(Razzmatazz)</onclick>
                    <onclick condition="Skin.HasSetting(Tumble)">Skin.Reset(Tumble)</onclick>
                    <onclick condition="Skin.HasSetting(Turquoise)">Skin.Reset(Turquoise)</onclick>
                    <onclick condition="Skin.HasSetting(VK)">Skin.Reset(VK)</onclick>
                    <selected>Skin.HasSetting(Vine)</selected>
                    <visible>!Skin.HasSetting(Vine)</visible>
                </control>
                <control type="radiobutton" id="39">
                    <visible>Container(8000).Hasfocus(2)</visible>
                    <description>Enable Home Button Further apart</description>
                    <width>14-col</width>
                    <textureradioonfocus colordiffuse="textactive">Colors/Vine.png</textureradioonfocus>
                    <textureradioonnofocus colordiffuse="textActive">Colors/Vine.png</textureradioonnofocus>
                    <textureradioofffocus colordiffuse="textactive">Colors/Vine.png</textureradioofffocus>
                    <textureradiooffnofocus colordiffuse="textactive">Colors/Vine.png</textureradiooffnofocus>
                    <texturefocus>colors/grey.png</texturefocus>
                    <label>[COLOR yellow]Vine[/COLOR]</label>
                    <onclick>Skin.Togglesetting(Vine)</onclick>
                    <onclick condition="Skin.HasSetting(Bluewood)">Skin.Reset(Bluewood)</onclick>
                    <onclick condition="Skin.HasSetting(Darkblue)">Skin.Reset(Darkblue)</onclick>
                    <onclick condition="Skin.HasSetting(Default)">Skin.Reset(Default)</onclick>
                    <onclick condition="Skin.HasSetting(Dribble)">Skin.Reset(Dribble)</onclick>
                    <onclick condition="Skin.HasSetting(Gold)">Skin.Reset(Gold)</onclick>
                    <onclick condition="Skin.HasSetting(Green)">Skin.Reset(Green)</onclick>
                    <onclick condition="Skin.HasSetting(Interest)">Skin.Reset(Interest)</onclick>
                    <onclick condition="Skin.HasSetting(lightblue)">Skin.Reset(lightblue)</onclick>
                    <onclick condition="Skin.HasSetting(Medium)">Skin.Reset(Medium)</onclick>
                    <onclick condition="Skin.HasSetting(Orange)">Skin.Reset(Orange)</onclick>
                    <onclick condition="Skin.HasSetting(PellucidV1)">Skin.Reset(PellucidV1)</onclick>
                    <onclick condition="Skin.HasSetting(Razzmatazz)">Skin.Reset(Razzmatazz)</onclick>
                    <onclick condition="Skin.HasSetting(Tumble)">Skin.Reset(Tumble)</onclick>
                    <onclick condition="Skin.HasSetting(Turquoise)">Skin.Reset(Turquoise)</onclick>
                    <onclick condition="Skin.HasSetting(VK)">Skin.Reset(VK)</onclick>
                    <selected>Skin.HasSetting(Vine)</selected>
                    <visible>Skin.HasSetting(Vine)</visible>
                </control>

                <control type="radiobutton" id="40">
                    <visible>Container(8000).Hasfocus(2)</visible>
                    <description>Enable Home Button Further apart</description>
                    <width>14-col</width>
                    <textureradioonfocus colordiffuse="textactive">Colors/VK.png</textureradioonfocus>
                    <textureradioonnofocus colordiffuse="textActive">Colors/VK.png</textureradioonnofocus>
                    <textureradioofffocus colordiffuse="textactive">Colors/VK.png</textureradioofffocus>
                    <textureradiooffnofocus colordiffuse="textactive">Colors/VK.png</textureradiooffnofocus>
                    <texturefocus>colors/grey.png</texturefocus>
                    <label>VK</label>
                    <onclick>Skin.Togglesetting(VK)</onclick>
                    <onclick condition="Skin.HasSetting(Bluewood)">Skin.Reset(Bluewood)</onclick>
                    <onclick condition="Skin.HasSetting(Darkblue)">Skin.Reset(Darkblue)</onclick>
                    <onclick condition="Skin.HasSetting(Default)">Skin.Reset(Default)</onclick>
                    <onclick condition="Skin.HasSetting(Dribble)">Skin.Reset(Dribble)</onclick>
                    <onclick condition="Skin.HasSetting(Gold)">Skin.Reset(Gold)</onclick>
                    <onclick condition="Skin.HasSetting(Green)">Skin.Reset(Green)</onclick>
                    <onclick condition="Skin.HasSetting(Interest)">Skin.Reset(Interest)</onclick>
                    <onclick condition="Skin.HasSetting(lightblue)">Skin.Reset(lightblue)</onclick>
                    <onclick condition="Skin.HasSetting(Medium)">Skin.Reset(Medium)</onclick>
                    <onclick condition="Skin.HasSetting(Orange)">Skin.Reset(Orange)</onclick>
                    <onclick condition="Skin.HasSetting(PellucidV1)">Skin.Reset(PellucidV1)</onclick>
                    <onclick condition="Skin.HasSetting(Razzmatazz)">Skin.Reset(Razzmatazz)</onclick>
                    <onclick condition="Skin.HasSetting(Tumble)">Skin.Reset(Tumble)</onclick>
                    <onclick condition="Skin.HasSetting(Turquoise)">Skin.Reset(Turquoise)</onclick>
                    <onclick condition="Skin.HasSetting(Vine)">Skin.Reset(Vine)</onclick>
                    <selected>Skin.HasSetting(VK)</selected>
                    <visible>!Skin.HasSetting(VK)</visible>
                </control>
                <control type="radiobutton" id="41">
                    <visible>Container(8000).Hasfocus(2)</visible>
                    <description>Enable Home Button Further apart</description>
                    <width>14-col</width>
                    <textureradioonfocus colordiffuse="textactive">Colors/VK.png</textureradioonfocus>
                    <textureradioonnofocus colordiffuse="textActive">Colors/VK.png</textureradioonnofocus>
                    <textureradioofffocus colordiffuse="textactive">Colors/VK.png</textureradioofffocus>
                    <textureradiooffnofocus colordiffuse="textactive">Colors/VK.png</textureradiooffnofocus>
                    <texturefocus>colors/grey.png</texturefocus>
                    <label>[COLOR yellow]VK[/COLOR]</label>
                    <onclick>Skin.Togglesetting(VK)</onclick>
                    <onclick condition="Skin.HasSetting(Bluewood)">Skin.Reset(Bluewood)</onclick>
                    <onclick condition="Skin.HasSetting(Darkblue)">Skin.Reset(Darkblue)</onclick>
                    <onclick condition="Skin.HasSetting(Default)">Skin.Reset(Default)</onclick>
                    <onclick condition="Skin.HasSetting(Dribble)">Skin.Reset(Dribble)</onclick>
                    <onclick condition="Skin.HasSetting(Gold)">Skin.Reset(Gold)</onclick>
                    <onclick condition="Skin.HasSetting(Green)">Skin.Reset(Green)</onclick>
                    <onclick condition="Skin.HasSetting(Interest)">Skin.Reset(Interest)</onclick>
                    <onclick condition="Skin.HasSetting(lightblue)">Skin.Reset(lightblue)</onclick>
                    <onclick condition="Skin.HasSetting(Medium)">Skin.Reset(Medium)</onclick>
                    <onclick condition="Skin.HasSetting(Orange)">Skin.Reset(Orange)</onclick>
                    <onclick condition="Skin.HasSetting(PellucidV1)">Skin.Reset(PellucidV1)</onclick>
                    <onclick condition="Skin.HasSetting(Razzmatazz)">Skin.Reset(Razzmatazz)</onclick>
                    <onclick condition="Skin.HasSetting(Tumble)">Skin.Reset(Tumble)</onclick>
                    <onclick condition="Skin.HasSetting(Turquoise)">Skin.Reset(Turquoise)</onclick>
                    <onclick condition="Skin.HasSetting(Vine)">Skin.Reset(Vine)</onclick>
                    <selected>Skin.HasSetting(VK)</selected>
                    <visible>Skin.HasSetting(VK)</visible>
                </control>
                


            </control>
        </control>
        <!--debugging-->
        <include>DebugGrid</include>
        <control type="label">
            <include>DialogID</include>
            <label>custom_Settings.xml</label>
        </control>
    </controls>
</window>